ISO-10303-21;
HEADER;
FILE_DESCRIPTION(('Open CASCADE Model'),'2;1');
FILE_NAME('Open CASCADE Shape Model','2026-08-15T20:09:37',('Author'),(
    'Open CASCADE'),'Open CASCADE STEP processor 7.9','build123d',
  'Unknown');
FILE_SCHEMA(('AUTOMOTIVE_DESIGN { 1 0 10303 214 1 1 1 1 }'));
ENDSEC;
DATA;
#1 = APPLICATION_PROTOCOL_DEFINITION('international standard',
  'automotive_design',2000,#2);
#2 = APPLICATION_CONTEXT(
  'core data for automotive mechanical design processes');
#3 = SHAPE_DEFINITION_REPRESENTATION(#4,#10);
#4 = PRODUCT_DEFINITION_SHAPE('','',#5);
#5 = PRODUCT_DEFINITION('design','',#6,#9);
#6 = PRODUCT_DEFINITION_FORMATION('','',#7);
#7 = PRODUCT('COMPOUND','COMPOUND','',(#8));
#8 = PRODUCT_CONTEXT('',#2,'mechanical');
#9 = PRODUCT_DEFINITION_CONTEXT('part definition',#2,'design');
#10 = ADVANCED_BREP_SHAPE_REPRESENTATION('',(#11,#15),#9531);
#11 = AXIS2_PLACEMENT_3D('',#12,#13,#14);
#12 = CARTESIAN_POINT('',(0.,0.,0.));
#13 = DIRECTION('',(0.,0.,1.));
#14 = DIRECTION('',(1.,0.,-0.));
#15 = MANIFOLD_SOLID_BREP('',#16);
#16 = CLOSED_SHELL('',(#17,#189,#399,#446,#778,#828,#3002,#3029,#3056,
    #3083,#3112,#3139,#3166,#3193,#3200,#3259,#3306,#3333,#3360,#3367,
    #3426,#3453,#3529,#3578,#3627,#3676,#3725,#3774,#3823,#3872,#3921,
    #3970,#4019,#4068,#4117,#4166,#4215,#4242,#4292,#4368,#4417,#4466,
    #4515,#4564,#4613,#4662,#4711,#4760,#4809,#4858,#4885,#4961,#5010,
    #5059,#5108,#5157,#5206,#5255,#5304,#5331,#5407,#5456,#5505,#5554,
    #5603,#5652,#5701,#5750,#5799,#5848,#5875,#5925,#6001,#6050,#6099,
    #6148,#6197,#6246,#6295,#6344,#6393,#6442,#6491,#6518,#6525,#6532,
    #7065,#7322,#7334,#7434,#7691,#7767,#7816,#7865,#7914,#7963,#8012,
    #8061,#8088,#8164,#8213,#8262,#8311,#8360,#8409,#8458,#8507,#8534,
    #8610,#8659,#8708,#8757,#8806,#8855,#8904,#8931,#9007,#9056,#9083,
    #9159,#9208,#9257,#9306,#9355,#9404,#9453,#9480,#9491,#9503,#9514,
    #9520));
#17 = ADVANCED_FACE('',(#18),#32,.T.);
#18 = FACE_BOUND('',#19,.T.);
#19 = EDGE_LOOP('',(#20,#53,#81,#109,#137,#165));
#20 = ORIENTED_EDGE('',*,*,#21,.F.);
#21 = EDGE_CURVE('',#22,#24,#26,.T.);
#22 = VERTEX_POINT('',#23);
#23 = CARTESIAN_POINT('',(-14.,66.99,2.));
#24 = VERTEX_POINT('',#25);
#25 = CARTESIAN_POINT('',(-13.99999999993,68.,2.));
#26 = SURFACE_CURVE('',#27,(#31,#42),.PCURVE_S1.);
#27 = LINE('',#28,#29);
#28 = CARTESIAN_POINT('',(-13.99999999993,63.745,2.));
#29 = VECTOR('',#30,1.);
#30 = DIRECTION('',(0.,1.,-0.));
#31 = PCURVE('',#32,#37);
#32 = PLANE('',#33);
#33 = AXIS2_PLACEMENT_3D('',#34,#35,#36);
#34 = CARTESIAN_POINT('',(-13.99999999993,66.99,0.));
#35 = DIRECTION('',(-1.,0.,0.));
#36 = DIRECTION('',(0.,1.,0.));
#37 = DEFINITIONAL_REPRESENTATION('',(#38),#41);
#38 = B_SPLINE_CURVE_WITH_KNOTS('',1,(#39,#40),.UNSPECIFIED.,.F.,.F.,(2,
    2),(3.245,4.255),.PIECEWISE_BEZIER_KNOTS.);
#39 = CARTESIAN_POINT('',(0.,-2.));
#40 = CARTESIAN_POINT('',(1.01,-2.));
#41 = ( GEOMETRIC_REPRESENTATION_CONTEXT(2) 
PARAMETRIC_REPRESENTATION_CONTEXT() REPRESENTATION_CONTEXT('2D SPACE',''
  ) );
#42 = PCURVE('',#43,#48);
#43 = PLANE('',#44);
#44 = AXIS2_PLACEMENT_3D('',#45,#46,#47);
#45 = CARTESIAN_POINT('',(0.,60.5,2.));
#46 = DIRECTION('',(0.,0.,1.));
#47 = DIRECTION('',(1.,0.,-0.));
#48 = DEFINITIONAL_REPRESENTATION('',(#49),#52);
#49 = B_SPLINE_CURVE_WITH_KNOTS('',1,(#50,#51),.UNSPECIFIED.,.F.,.F.,(2,
    2),(3.245,4.255),.PIECEWISE_BEZIER_KNOTS.);
#50 = CARTESIAN_POINT('',(-13.99999999993,6.49));
#51 = CARTESIAN_POINT('',(-13.99999999993,7.5));
#52 = ( GEOMETRIC_REPRESENTATION_CONTEXT(2) 
PARAMETRIC_REPRESENTATION_CONTEXT() REPRESENTATION_CONTEXT('2D SPACE',''
  ) );
#53 = ORIENTED_EDGE('',*,*,#54,.T.);
#54 = EDGE_CURVE('',#22,#55,#57,.T.);
#55 = VERTEX_POINT('',#56);
#56 = CARTESIAN_POINT('',(-14.,66.99,4.));
#57 = SURFACE_CURVE('',#58,(#62,#69),.PCURVE_S1.);
#58 = LINE('',#59,#60);
#59 = CARTESIAN_POINT('',(-14.,66.99,0.));
#60 = VECTOR('',#61,1.);
#61 = DIRECTION('',(0.,0.,1.));
#62 = PCURVE('',#32,#63);
#63 = DEFINITIONAL_REPRESENTATION('',(#64),#68);
#64 = LINE('',#65,#66);
#65 = CARTESIAN_POINT('',(0.,0.));
#66 = VECTOR('',#67,1.);
#67 = DIRECTION('',(0.,-1.));
#68 = ( GEOMETRIC_REPRESENTATION_CONTEXT(2) 
PARAMETRIC_REPRESENTATION_CONTEXT() REPRESENTATION_CONTEXT('2D SPACE',''
  ) );
#69 = PCURVE('',#70,#75);
#70 = CYLINDRICAL_SURFACE('',#71,13.99);
#71 = AXIS2_PLACEMENT_3D('',#72,#73,#74);
#72 = CARTESIAN_POINT('',(-1.00000000679E-02,66.99,0.));
#73 = DIRECTION('',(-0.,-0.,-1.));
#74 = DIRECTION('',(1.,0.,0.));
#75 = DEFINITIONAL_REPRESENTATION('',(#76),#80);
#76 = LINE('',#77,#78);
#77 = CARTESIAN_POINT('',(-3.14159265359,0.));
#78 = VECTOR('',#79,1.);
#79 = DIRECTION('',(-0.,-1.));
#80 = ( GEOMETRIC_REPRESENTATION_CONTEXT(2) 
PARAMETRIC_REPRESENTATION_CONTEXT() REPRESENTATION_CONTEXT('2D SPACE',''
  ) );
#81 = ORIENTED_EDGE('',*,*,#82,.T.);
#82 = EDGE_CURVE('',#55,#83,#85,.T.);
#83 = VERTEX_POINT('',#84);
#84 = CARTESIAN_POINT('',(-14.,156.01,4.));
#85 = SURFACE_CURVE('',#86,(#90,#97),.PCURVE_S1.);
#86 = LINE('',#87,#88);
#87 = CARTESIAN_POINT('',(-13.99999999993,111.5,4.));
#88 = VECTOR('',#89,1.);
#89 = DIRECTION('',(0.,1.,0.));
#90 = PCURVE('',#32,#91);
#91 = DEFINITIONAL_REPRESENTATION('',(#92),#96);
#92 = LINE('',#93,#94);
#93 = CARTESIAN_POINT('',(44.51,-4.));
#94 = VECTOR('',#95,1.);
#95 = DIRECTION('',(1.,0.));
#96 = ( GEOMETRIC_REPRESENTATION_CONTEXT(2) 
PARAMETRIC_REPRESENTATION_CONTEXT() REPRESENTATION_CONTEXT('2D SPACE',''
  ) );
#97 = PCURVE('',#98,#103);
#98 = PLANE('',#99);
#99 = AXIS2_PLACEMENT_3D('',#100,#101,#102);
#100 = CARTESIAN_POINT('',(-1.358555489328E-09,111.5,4.));
#101 = DIRECTION('',(0.,0.,1.));
#102 = DIRECTION('',(1.,0.,-0.));
#103 = DEFINITIONAL_REPRESENTATION('',(#104),#108);
#104 = LINE('',#105,#106);
#105 = CARTESIAN_POINT('',(-13.99999999857,-5.041191357094E-15));
#106 = VECTOR('',#107,1.);
#107 = DIRECTION('',(0.,1.));
#108 = ( GEOMETRIC_REPRESENTATION_CONTEXT(2) 
PARAMETRIC_REPRESENTATION_CONTEXT() REPRESENTATION_CONTEXT('2D SPACE',''
  ) );
#109 = ORIENTED_EDGE('',*,*,#110,.F.);
#110 = EDGE_CURVE('',#111,#83,#113,.T.);
#111 = VERTEX_POINT('',#112);
#112 = CARTESIAN_POINT('',(-14.,156.01,0.));
#113 = SURFACE_CURVE('',#114,(#118,#125),.PCURVE_S1.);
#114 = LINE('',#115,#116);
#115 = CARTESIAN_POINT('',(-14.,156.01,0.));
#116 = VECTOR('',#117,1.);
#117 = DIRECTION('',(0.,0.,1.));
#118 = PCURVE('',#32,#119);
#119 = DEFINITIONAL_REPRESENTATION('',(#120),#124);
#120 = LINE('',#121,#122);
#121 = CARTESIAN_POINT('',(89.02,0.));
#122 = VECTOR('',#123,1.);
#123 = DIRECTION('',(0.,-1.));
#124 = ( GEOMETRIC_REPRESENTATION_CONTEXT(2) 
PARAMETRIC_REPRESENTATION_CONTEXT() REPRESENTATION_CONTEXT('2D SPACE',''
  ) );
#125 = PCURVE('',#126,#131);
#126 = CYLINDRICAL_SURFACE('',#127,13.99);
#127 = AXIS2_PLACEMENT_3D('',#128,#129,#130);
#128 = CARTESIAN_POINT('',(-1.00000000679E-02,156.01,0.));
#129 = DIRECTION('',(-0.,-0.,-1.));
#130 = DIRECTION('',(1.,0.,0.));
#131 = DEFINITIONAL_REPRESENTATION('',(#132),#136);
#132 = LINE('',#133,#134);
#133 = CARTESIAN_POINT('',(-3.14159265359,0.));
#134 = VECTOR('',#135,1.);
#135 = DIRECTION('',(-0.,-1.));
#136 = ( GEOMETRIC_REPRESENTATION_CONTEXT(2) 
PARAMETRIC_REPRESENTATION_CONTEXT() REPRESENTATION_CONTEXT('2D SPACE',''
  ) );
#137 = ORIENTED_EDGE('',*,*,#138,.F.);
#138 = EDGE_CURVE('',#139,#111,#141,.T.);
#139 = VERTEX_POINT('',#140);
#140 = CARTESIAN_POINT('',(-13.99999999993,68.,0.));
#141 = SURFACE_CURVE('',#142,(#146,#153),.PCURVE_S1.);
#142 = LINE('',#143,#144);
#143 = CARTESIAN_POINT('',(-13.99999999993,111.5,0.));
#144 = VECTOR('',#145,1.);
#145 = DIRECTION('',(0.,1.,0.));
#146 = PCURVE('',#32,#147);
#147 = DEFINITIONAL_REPRESENTATION('',(#148),#152);
#148 = LINE('',#149,#150);
#149 = CARTESIAN_POINT('',(44.51,0.));
#150 = VECTOR('',#151,1.);
#151 = DIRECTION('',(1.,0.));
#152 = ( GEOMETRIC_REPRESENTATION_CONTEXT(2) 
PARAMETRIC_REPRESENTATION_CONTEXT() REPRESENTATION_CONTEXT('2D SPACE',''
  ) );
#153 = PCURVE('',#154,#159);
#154 = PLANE('',#155);
#155 = AXIS2_PLACEMENT_3D('',#156,#157,#158);
#156 = CARTESIAN_POINT('',(-1.358555489328E-09,111.5,0.));
#157 = DIRECTION('',(0.,0.,1.));
#158 = DIRECTION('',(1.,0.,-0.));
#159 = DEFINITIONAL_REPRESENTATION('',(#160),#164);
#160 = LINE('',#161,#162);
#161 = CARTESIAN_POINT('',(-13.99999999857,-5.041191357094E-15));
#162 = VECTOR('',#163,1.);
#163 = DIRECTION('',(0.,1.));
#164 = ( GEOMETRIC_REPRESENTATION_CONTEXT(2) 
PARAMETRIC_REPRESENTATION_CONTEXT() REPRESENTATION_CONTEXT('2D SPACE',''
  ) );
#165 = ORIENTED_EDGE('',*,*,#166,.F.);
#166 = EDGE_CURVE('',#24,#139,#167,.T.);
#167 = SURFACE_CURVE('',#168,(#172,#178),.PCURVE_S1.);
#168 = LINE('',#169,#170);
#169 = CARTESIAN_POINT('',(-13.99999999993,68.,0.));
#170 = VECTOR('',#171,1.);
#171 = DIRECTION('',(0.,0.,-1.));
#172 = PCURVE('',#32,#173);
#173 = DEFINITIONAL_REPRESENTATION('',(#174),#177);
#174 = B_SPLINE_CURVE_WITH_KNOTS('',1,(#175,#176),.UNSPECIFIED.,.F.,.F.,
  (2,2),(-2.,0.),.PIECEWISE_BEZIER_KNOTS.);
#175 = CARTESIAN_POINT('',(1.01,-2.));
#176 = CARTESIAN_POINT('',(1.01,0.));
#177 = ( GEOMETRIC_REPRESENTATION_CONTEXT(2) 
PARAMETRIC_REPRESENTATION_CONTEXT() REPRESENTATION_CONTEXT('2D SPACE',''
  ) );
#178 = PCURVE('',#179,#184);
#179 = PLANE('',#180);
#180 = AXIS2_PLACEMENT_3D('',#181,#182,#183);
#181 = CARTESIAN_POINT('',(-14.5,68.,0.));
#182 = DIRECTION('',(-0.,1.,0.));
#183 = DIRECTION('',(1.,0.,-0.));
#184 = DEFINITIONAL_REPRESENTATION('',(#185),#188);
#185 = B_SPLINE_CURVE_WITH_KNOTS('',1,(#186,#187),.UNSPECIFIED.,.F.,.F.,
  (2,2),(-2.,0.),.PIECEWISE_BEZIER_KNOTS.);
#186 = CARTESIAN_POINT('',(0.500000000068,-2.));
#187 = CARTESIAN_POINT('',(0.500000000068,0.));
#188 = ( GEOMETRIC_REPRESENTATION_CONTEXT(2) 
PARAMETRIC_REPRESENTATION_CONTEXT() REPRESENTATION_CONTEXT('2D SPACE',''
  ) );
#189 = ADVANCED_FACE('',(#190,#329,#364),#43,.F.);
#190 = FACE_BOUND('',#191,.F.);
#191 = EDGE_LOOP('',(#192,#220,#248,#281,#307,#328));
#192 = ORIENTED_EDGE('',*,*,#193,.F.);
#193 = EDGE_CURVE('',#194,#22,#196,.T.);
#194 = VERTEX_POINT('',#195);
#195 = CARTESIAN_POINT('',(-1.00000000679E-02,53.,2.));
#196 = SURFACE_CURVE('',#197,(#202,#213),.PCURVE_S1.);
#197 = CIRCLE('',#198,13.99);
#198 = AXIS2_PLACEMENT_3D('',#199,#200,#201);
#199 = CARTESIAN_POINT('',(-1.00000000679E-02,66.99,2.));
#200 = DIRECTION('',(0.,0.,-1.));
#201 = DIRECTION('',(1.,0.,0.));
#202 = PCURVE('',#43,#203);
#203 = DEFINITIONAL_REPRESENTATION('',(#204),#212);
#204 = ( BOUNDED_CURVE() B_SPLINE_CURVE(2,(#205,#206,#207,#208,#209,#210
,#211),.UNSPECIFIED.,.T.,.F.) B_SPLINE_CURVE_WITH_KNOTS((1,2,2,2,2,1),(
    -2.094395102393,0.,2.094395102393,4.188790204786,6.28318530718,
8.377580409573),.UNSPECIFIED.) CURVE() GEOMETRIC_REPRESENTATION_ITEM() 
RATIONAL_B_SPLINE_CURVE((1.,0.5,1.,0.5,1.,0.5,1.)) REPRESENTATION_ITEM(
  '') );
#205 = CARTESIAN_POINT('',(13.979999999932,6.49));
#206 = CARTESIAN_POINT('',(13.979999999932,-17.74139079788));
#207 = CARTESIAN_POINT('',(-7.005000000068,-5.625695398944));
#208 = CARTESIAN_POINT('',(-27.99000000006,6.49));
#209 = CARTESIAN_POINT('',(-7.005000000068,18.605695398944));
#210 = CARTESIAN_POINT('',(13.979999999932,30.721390797889));
#211 = CARTESIAN_POINT('',(13.979999999932,6.49));
#212 = ( GEOMETRIC_REPRESENTATION_CONTEXT(2) 
PARAMETRIC_REPRESENTATION_CONTEXT() REPRESENTATION_CONTEXT('2D SPACE',''
  ) );
#213 = PCURVE('',#70,#214);
#214 = DEFINITIONAL_REPRESENTATION('',(#215),#219);
#215 = LINE('',#216,#217);
#216 = CARTESIAN_POINT('',(-6.28318530718,-2.));
#217 = VECTOR('',#218,1.);
#218 = DIRECTION('',(1.,-0.));
#219 = ( GEOMETRIC_REPRESENTATION_CONTEXT(2) 
PARAMETRIC_REPRESENTATION_CONTEXT() REPRESENTATION_CONTEXT('2D SPACE',''
  ) );
#220 = ORIENTED_EDGE('',*,*,#221,.T.);
#221 = EDGE_CURVE('',#194,#222,#224,.T.);
#222 = VERTEX_POINT('',#223);
#223 = CARTESIAN_POINT('',(9.999991508548E-03,53.,2.));
#224 = SURFACE_CURVE('',#225,(#229,#236),.PCURVE_S1.);
#225 = LINE('',#226,#227);
#226 = CARTESIAN_POINT('',(0.,53.,2.));
#227 = VECTOR('',#228,1.);
#228 = DIRECTION('',(1.,0.,-0.));
#229 = PCURVE('',#43,#230);
#230 = DEFINITIONAL_REPRESENTATION('',(#231),#235);
#231 = LINE('',#232,#233);
#232 = CARTESIAN_POINT('',(0.,-7.5));
#233 = VECTOR('',#234,1.);
#234 = DIRECTION('',(1.,0.));
#235 = ( GEOMETRIC_REPRESENTATION_CONTEXT(2) 
PARAMETRIC_REPRESENTATION_CONTEXT() REPRESENTATION_CONTEXT('2D SPACE',''
  ) );
#236 = PCURVE('',#237,#242);
#237 = PLANE('',#238);
#238 = AXIS2_PLACEMENT_3D('',#239,#240,#241);
#239 = CARTESIAN_POINT('',(-1.00000000679E-02,53.,0.));
#240 = DIRECTION('',(0.,1.,0.));
#241 = DIRECTION('',(1.,0.,0.));
#242 = DEFINITIONAL_REPRESENTATION('',(#243),#247);
#243 = LINE('',#244,#245);
#244 = CARTESIAN_POINT('',(1.00000000679E-02,-2.));
#245 = VECTOR('',#246,1.);
#246 = DIRECTION('',(1.,0.));
#247 = ( GEOMETRIC_REPRESENTATION_CONTEXT(2) 
PARAMETRIC_REPRESENTATION_CONTEXT() REPRESENTATION_CONTEXT('2D SPACE',''
  ) );
#248 = ORIENTED_EDGE('',*,*,#249,.F.);
#249 = EDGE_CURVE('',#250,#222,#252,.T.);
#250 = VERTEX_POINT('',#251);
#251 = CARTESIAN_POINT('',(13.999999995788,66.99,2.));
#252 = SURFACE_CURVE('',#253,(#258,#269),.PCURVE_S1.);
#253 = CIRCLE('',#254,13.99);
#254 = AXIS2_PLACEMENT_3D('',#255,#256,#257);
#255 = CARTESIAN_POINT('',(9.99999150855E-03,66.99,2.));
#256 = DIRECTION('',(0.,0.,-1.));
#257 = DIRECTION('',(1.,0.,0.));
#258 = PCURVE('',#43,#259);
#259 = DEFINITIONAL_REPRESENTATION('',(#260),#268);
#260 = ( BOUNDED_CURVE() B_SPLINE_CURVE(2,(#261,#262,#263,#264,#265,#266
,#267),.UNSPECIFIED.,.T.,.F.) B_SPLINE_CURVE_WITH_KNOTS((1,2,2,2,2,1),(
    -2.094395102393,0.,2.094395102393,4.188790204786,6.28318530718,
8.377580409573),.UNSPECIFIED.) CURVE() GEOMETRIC_REPRESENTATION_ITEM() 
RATIONAL_B_SPLINE_CURVE((1.,0.5,1.,0.5,1.,0.5,1.)) REPRESENTATION_ITEM(
  '') );
#261 = CARTESIAN_POINT('',(13.999999991509,6.49));
#262 = CARTESIAN_POINT('',(13.999999991509,-17.74139079788));
#263 = CARTESIAN_POINT('',(-6.985000008491,-5.625695398944));
#264 = CARTESIAN_POINT('',(-27.97000000849,6.49));
#265 = CARTESIAN_POINT('',(-6.985000008491,18.605695398944));
#266 = CARTESIAN_POINT('',(13.999999991509,30.721390797889));
#267 = CARTESIAN_POINT('',(13.999999991509,6.49));
#268 = ( GEOMETRIC_REPRESENTATION_CONTEXT(2) 
PARAMETRIC_REPRESENTATION_CONTEXT() REPRESENTATION_CONTEXT('2D SPACE',''
  ) );
#269 = PCURVE('',#270,#275);
#270 = CYLINDRICAL_SURFACE('',#271,13.99);
#271 = AXIS2_PLACEMENT_3D('',#272,#273,#274);
#272 = CARTESIAN_POINT('',(9.99999150855E-03,66.99,0.));
#273 = DIRECTION('',(-0.,-0.,-1.));
#274 = DIRECTION('',(1.,0.,0.));
#275 = DEFINITIONAL_REPRESENTATION('',(#276),#280);
#276 = LINE('',#277,#278);
#277 = CARTESIAN_POINT('',(-6.28318530718,-2.));
#278 = VECTOR('',#279,1.);
#279 = DIRECTION('',(1.,-0.));
#280 = ( GEOMETRIC_REPRESENTATION_CONTEXT(2) 
PARAMETRIC_REPRESENTATION_CONTEXT() REPRESENTATION_CONTEXT('2D SPACE',''
  ) );
#281 = ORIENTED_EDGE('',*,*,#282,.T.);
#282 = EDGE_CURVE('',#250,#283,#285,.T.);
#283 = VERTEX_POINT('',#284);
#284 = CARTESIAN_POINT('',(14.000000000068,68.,2.));
#285 = SURFACE_CURVE('',#286,(#290,#296),.PCURVE_S1.);
#286 = LINE('',#287,#288);
#287 = CARTESIAN_POINT('',(14.000000000068,63.745,2.));
#288 = VECTOR('',#289,1.);
#289 = DIRECTION('',(0.,1.,-0.));
#290 = PCURVE('',#43,#291);
#291 = DEFINITIONAL_REPRESENTATION('',(#292),#295);
#292 = B_SPLINE_CURVE_WITH_KNOTS('',1,(#293,#294),.UNSPECIFIED.,.F.,.F.,
  (2,2),(3.245,4.255),.PIECEWISE_BEZIER_KNOTS.);
#293 = CARTESIAN_POINT('',(14.000000000068,6.49));
#294 = CARTESIAN_POINT('',(14.000000000068,7.5));
#295 = ( GEOMETRIC_REPRESENTATION_CONTEXT(2) 
PARAMETRIC_REPRESENTATION_CONTEXT() REPRESENTATION_CONTEXT('2D SPACE',''
  ) );
#296 = PCURVE('',#297,#302);
#297 = PLANE('',#298);
#298 = AXIS2_PLACEMENT_3D('',#299,#300,#301);
#299 = CARTESIAN_POINT('',(14.000000000068,66.99,0.));
#300 = DIRECTION('',(-1.,0.,0.));
#301 = DIRECTION('',(0.,1.,0.));
#302 = DEFINITIONAL_REPRESENTATION('',(#303),#306);
#303 = B_SPLINE_CURVE_WITH_KNOTS('',1,(#304,#305),.UNSPECIFIED.,.F.,.F.,
  (2,2),(3.245,4.255),.PIECEWISE_BEZIER_KNOTS.);
#304 = CARTESIAN_POINT('',(0.,-2.));
#305 = CARTESIAN_POINT('',(1.01,-2.));
#306 = ( GEOMETRIC_REPRESENTATION_CONTEXT(2) 
PARAMETRIC_REPRESENTATION_CONTEXT() REPRESENTATION_CONTEXT('2D SPACE',''
  ) );
#307 = ORIENTED_EDGE('',*,*,#308,.F.);
#308 = EDGE_CURVE('',#24,#283,#309,.T.);
#309 = SURFACE_CURVE('',#310,(#314,#321),.PCURVE_S1.);
#310 = LINE('',#311,#312);
#311 = CARTESIAN_POINT('',(0.,68.,2.));
#312 = VECTOR('',#313,1.);
#313 = DIRECTION('',(1.,0.,-0.));
#314 = PCURVE('',#43,#315);
#315 = DEFINITIONAL_REPRESENTATION('',(#316),#320);
#316 = LINE('',#317,#318);
#317 = CARTESIAN_POINT('',(0.,7.5));
#318 = VECTOR('',#319,1.);
#319 = DIRECTION('',(1.,0.));
#320 = ( GEOMETRIC_REPRESENTATION_CONTEXT(2) 
PARAMETRIC_REPRESENTATION_CONTEXT() REPRESENTATION_CONTEXT('2D SPACE',''
  ) );
#321 = PCURVE('',#179,#322);
#322 = DEFINITIONAL_REPRESENTATION('',(#323),#327);
#323 = LINE('',#324,#325);
#324 = CARTESIAN_POINT('',(14.5,-2.));
#325 = VECTOR('',#326,1.);
#326 = DIRECTION('',(1.,0.));
#327 = ( GEOMETRIC_REPRESENTATION_CONTEXT(2) 
PARAMETRIC_REPRESENTATION_CONTEXT() REPRESENTATION_CONTEXT('2D SPACE',''
  ) );
#328 = ORIENTED_EDGE('',*,*,#21,.F.);
#329 = FACE_BOUND('',#330,.F.);
#330 = EDGE_LOOP('',(#331));
#331 = ORIENTED_EDGE('',*,*,#332,.T.);
#332 = EDGE_CURVE('',#333,#333,#335,.T.);
#333 = VERTEX_POINT('',#334);
#334 = CARTESIAN_POINT('',(1.7,56.,2.));
#335 = SURFACE_CURVE('',#336,(#341,#352),.PCURVE_S1.);
#336 = CIRCLE('',#337,1.7);
#337 = AXIS2_PLACEMENT_3D('',#338,#339,#340);
#338 = CARTESIAN_POINT('',(0.,56.,2.));
#339 = DIRECTION('',(0.,-0.,-1.));
#340 = DIRECTION('',(1.,0.,-0.));
#341 = PCURVE('',#43,#342);
#342 = DEFINITIONAL_REPRESENTATION('',(#343),#351);
#343 = ( BOUNDED_CURVE() B_SPLINE_CURVE(2,(#344,#345,#346,#347,#348,#349
,#350),.UNSPECIFIED.,.T.,.F.) B_SPLINE_CURVE_WITH_KNOTS((1,2,2,2,2,1),(
    -2.094395102393,0.,2.094395102393,4.188790204786,6.28318530718,
8.377580409573),.UNSPECIFIED.) CURVE() GEOMETRIC_REPRESENTATION_ITEM() 
RATIONAL_B_SPLINE_CURVE((1.,0.5,1.,0.5,1.,0.5,1.)) REPRESENTATION_ITEM(
  '') );
#344 = CARTESIAN_POINT('',(1.7,-4.5));
#345 = CARTESIAN_POINT('',(1.7,-7.444486372867));
#346 = CARTESIAN_POINT('',(-0.85,-5.972243186434));
#347 = CARTESIAN_POINT('',(-3.4,-4.5));
#348 = CARTESIAN_POINT('',(-0.85,-3.027756813566));
#349 = CARTESIAN_POINT('',(1.7,-1.555513627133));
#350 = CARTESIAN_POINT('',(1.7,-4.5));
#351 = ( GEOMETRIC_REPRESENTATION_CONTEXT(2) 
PARAMETRIC_REPRESENTATION_CONTEXT() REPRESENTATION_CONTEXT('2D SPACE',''
  ) );
#352 = PCURVE('',#353,#358);
#353 = CYLINDRICAL_SURFACE('',#354,1.7);
#354 = AXIS2_PLACEMENT_3D('',#355,#356,#357);
#355 = CARTESIAN_POINT('',(0.,56.,-0.5));
#356 = DIRECTION('',(-0.,-0.,-1.));
#357 = DIRECTION('',(1.,0.,-0.));
#358 = DEFINITIONAL_REPRESENTATION('',(#359),#363);
#359 = LINE('',#360,#361);
#360 = CARTESIAN_POINT('',(-6.28318530718,-2.5));
#361 = VECTOR('',#362,1.);
#362 = DIRECTION('',(1.,-0.));
#363 = ( GEOMETRIC_REPRESENTATION_CONTEXT(2) 
PARAMETRIC_REPRESENTATION_CONTEXT() REPRESENTATION_CONTEXT('2D SPACE',''
  ) );
#364 = FACE_BOUND('',#365,.F.);
#365 = EDGE_LOOP('',(#366));
#366 = ORIENTED_EDGE('',*,*,#367,.T.);
#367 = EDGE_CURVE('',#368,#368,#370,.T.);
#368 = VERTEX_POINT('',#369);
#369 = CARTESIAN_POINT('',(1.7,65.,2.));
#370 = SURFACE_CURVE('',#371,(#376,#387),.PCURVE_S1.);
#371 = CIRCLE('',#372,1.7);
#372 = AXIS2_PLACEMENT_3D('',#373,#374,#375);
#373 = CARTESIAN_POINT('',(0.,65.,2.));
#374 = DIRECTION('',(0.,-0.,-1.));
#375 = DIRECTION('',(1.,0.,-0.));
#376 = PCURVE('',#43,#377);
#377 = DEFINITIONAL_REPRESENTATION('',(#378),#386);
#378 = ( BOUNDED_CURVE() B_SPLINE_CURVE(2,(#379,#380,#381,#382,#383,#384
,#385),.UNSPECIFIED.,.T.,.F.) B_SPLINE_CURVE_WITH_KNOTS((1,2,2,2,2,1),(
    -2.094395102393,0.,2.094395102393,4.188790204786,6.28318530718,
8.377580409573),.UNSPECIFIED.) CURVE() GEOMETRIC_REPRESENTATION_ITEM() 
RATIONAL_B_SPLINE_CURVE((1.,0.5,1.,0.5,1.,0.5,1.)) REPRESENTATION_ITEM(
  '') );
#379 = CARTESIAN_POINT('',(1.7,4.5));
#380 = CARTESIAN_POINT('',(1.7,1.555513627133));
#381 = CARTESIAN_POINT('',(-0.85,3.027756813566));
#382 = CARTESIAN_POINT('',(-3.4,4.5));
#383 = CARTESIAN_POINT('',(-0.85,5.972243186434));
#384 = CARTESIAN_POINT('',(1.7,7.444486372867));
#385 = CARTESIAN_POINT('',(1.7,4.5));
#386 = ( GEOMETRIC_REPRESENTATION_CONTEXT(2) 
PARAMETRIC_REPRESENTATION_CONTEXT() REPRESENTATION_CONTEXT('2D SPACE',''
  ) );
#387 = PCURVE('',#388,#393);
#388 = CYLINDRICAL_SURFACE('',#389,1.7);
#389 = AXIS2_PLACEMENT_3D('',#390,#391,#392);
#390 = CARTESIAN_POINT('',(0.,65.,-0.5));
#391 = DIRECTION('',(-0.,-0.,-1.));
#392 = DIRECTION('',(1.,0.,-0.));
#393 = DEFINITIONAL_REPRESENTATION('',(#394),#398);
#394 = LINE('',#395,#396);
#395 = CARTESIAN_POINT('',(-6.28318530718,-2.5));
#396 = VECTOR('',#397,1.);
#397 = DIRECTION('',(1.,-0.));
#398 = ( GEOMETRIC_REPRESENTATION_CONTEXT(2) 
PARAMETRIC_REPRESENTATION_CONTEXT() REPRESENTATION_CONTEXT('2D SPACE',''
  ) );
#399 = ADVANCED_FACE('',(#400),#179,.F.);
#400 = FACE_BOUND('',#401,.F.);
#401 = EDGE_LOOP('',(#402,#425,#426,#427));
#402 = ORIENTED_EDGE('',*,*,#403,.F.);
#403 = EDGE_CURVE('',#139,#404,#406,.T.);
#404 = VERTEX_POINT('',#405);
#405 = CARTESIAN_POINT('',(14.000000000068,68.,0.));
#406 = SURFACE_CURVE('',#407,(#411,#418),.PCURVE_S1.);
#407 = LINE('',#408,#409);
#408 = CARTESIAN_POINT('',(0.,68.,0.));
#409 = VECTOR('',#410,1.);
#410 = DIRECTION('',(1.,0.,-0.));
#411 = PCURVE('',#179,#412);
#412 = DEFINITIONAL_REPRESENTATION('',(#413),#417);
#413 = LINE('',#414,#415);
#414 = CARTESIAN_POINT('',(14.5,0.));
#415 = VECTOR('',#416,1.);
#416 = DIRECTION('',(1.,0.));
#417 = ( GEOMETRIC_REPRESENTATION_CONTEXT(2) 
PARAMETRIC_REPRESENTATION_CONTEXT() REPRESENTATION_CONTEXT('2D SPACE',''
  ) );
#418 = PCURVE('',#154,#419);
#419 = DEFINITIONAL_REPRESENTATION('',(#420),#424);
#420 = LINE('',#421,#422);
#421 = CARTESIAN_POINT('',(1.358555489328E-09,-43.5));
#422 = VECTOR('',#423,1.);
#423 = DIRECTION('',(1.,0.));
#424 = ( GEOMETRIC_REPRESENTATION_CONTEXT(2) 
PARAMETRIC_REPRESENTATION_CONTEXT() REPRESENTATION_CONTEXT('2D SPACE',''
  ) );
#425 = ORIENTED_EDGE('',*,*,#166,.F.);
#426 = ORIENTED_EDGE('',*,*,#308,.T.);
#427 = ORIENTED_EDGE('',*,*,#428,.T.);
#428 = EDGE_CURVE('',#283,#404,#429,.T.);
#429 = SURFACE_CURVE('',#430,(#434,#440),.PCURVE_S1.);
#430 = LINE('',#431,#432);
#431 = CARTESIAN_POINT('',(14.000000000068,68.,0.));
#432 = VECTOR('',#433,1.);
#433 = DIRECTION('',(0.,0.,-1.));
#434 = PCURVE('',#179,#435);
#435 = DEFINITIONAL_REPRESENTATION('',(#436),#439);
#436 = B_SPLINE_CURVE_WITH_KNOTS('',1,(#437,#438),.UNSPECIFIED.,.F.,.F.,
  (2,2),(-2.,0.),.PIECEWISE_BEZIER_KNOTS.);
#437 = CARTESIAN_POINT('',(28.500000000068,-2.));
#438 = CARTESIAN_POINT('',(28.500000000068,0.));
#439 = ( GEOMETRIC_REPRESENTATION_CONTEXT(2) 
PARAMETRIC_REPRESENTATION_CONTEXT() REPRESENTATION_CONTEXT('2D SPACE',''
  ) );
#440 = PCURVE('',#297,#441);
#441 = DEFINITIONAL_REPRESENTATION('',(#442),#445);
#442 = B_SPLINE_CURVE_WITH_KNOTS('',1,(#443,#444),.UNSPECIFIED.,.F.,.F.,
  (2,2),(-2.,0.),.PIECEWISE_BEZIER_KNOTS.);
#443 = CARTESIAN_POINT('',(1.01,-2.));
#444 = CARTESIAN_POINT('',(1.01,0.));
#445 = ( GEOMETRIC_REPRESENTATION_CONTEXT(2) 
PARAMETRIC_REPRESENTATION_CONTEXT() REPRESENTATION_CONTEXT('2D SPACE',''
  ) );
#446 = ADVANCED_FACE('',(#447,#553,#588,#708,#743),#154,.F.);
#447 = FACE_BOUND('',#448,.F.);
#448 = EDGE_LOOP('',(#449,#450,#451,#474,#503,#531));
#449 = ORIENTED_EDGE('',*,*,#138,.F.);
#450 = ORIENTED_EDGE('',*,*,#403,.T.);
#451 = ORIENTED_EDGE('',*,*,#452,.T.);
#452 = EDGE_CURVE('',#404,#453,#455,.T.);
#453 = VERTEX_POINT('',#454);
#454 = CARTESIAN_POINT('',(13.999999995788,156.01,0.));
#455 = SURFACE_CURVE('',#456,(#460,#467),.PCURVE_S1.);
#456 = LINE('',#457,#458);
#457 = CARTESIAN_POINT('',(14.000000000068,111.5,0.));
#458 = VECTOR('',#459,1.);
#459 = DIRECTION('',(0.,1.,0.));
#460 = PCURVE('',#154,#461);
#461 = DEFINITIONAL_REPRESENTATION('',(#462),#466);
#462 = LINE('',#463,#464);
#463 = CARTESIAN_POINT('',(14.000000001426,-5.041191357094E-15));
#464 = VECTOR('',#465,1.);
#465 = DIRECTION('',(0.,1.));
#466 = ( GEOMETRIC_REPRESENTATION_CONTEXT(2) 
PARAMETRIC_REPRESENTATION_CONTEXT() REPRESENTATION_CONTEXT('2D SPACE',''
  ) );
#467 = PCURVE('',#297,#468);
#468 = DEFINITIONAL_REPRESENTATION('',(#469),#473);
#469 = LINE('',#470,#471);
#470 = CARTESIAN_POINT('',(44.51,0.));
#471 = VECTOR('',#472,1.);
#472 = DIRECTION('',(1.,0.));
#473 = ( GEOMETRIC_REPRESENTATION_CONTEXT(2) 
PARAMETRIC_REPRESENTATION_CONTEXT() REPRESENTATION_CONTEXT('2D SPACE',''
  ) );
#474 = ORIENTED_EDGE('',*,*,#475,.T.);
#475 = EDGE_CURVE('',#453,#476,#478,.T.);
#476 = VERTEX_POINT('',#477);
#477 = CARTESIAN_POINT('',(9.99999150855E-03,170.,0.));
#478 = SURFACE_CURVE('',#479,(#484,#491),.PCURVE_S1.);
#479 = CIRCLE('',#480,13.99);
#480 = AXIS2_PLACEMENT_3D('',#481,#482,#483);
#481 = CARTESIAN_POINT('',(9.99999150855E-03,156.01,0.));
#482 = DIRECTION('',(0.,0.,1.));
#483 = DIRECTION('',(1.,0.,0.));
#484 = PCURVE('',#154,#485);
#485 = DEFINITIONAL_REPRESENTATION('',(#486),#490);
#486 = CIRCLE('',#487,13.99);
#487 = AXIS2_PLACEMENT_2D('',#488,#489);
#488 = CARTESIAN_POINT('',(9.999992867105E-03,44.51));
#489 = DIRECTION('',(1.,0.));
#490 = ( GEOMETRIC_REPRESENTATION_CONTEXT(2) 
PARAMETRIC_REPRESENTATION_CONTEXT() REPRESENTATION_CONTEXT('2D SPACE',''
  ) );
#491 = PCURVE('',#492,#497);
#492 = CYLINDRICAL_SURFACE('',#493,13.99);
#493 = AXIS2_PLACEMENT_3D('',#494,#495,#496);
#494 = CARTESIAN_POINT('',(9.99999150855E-03,156.01,0.));
#495 = DIRECTION('',(-0.,-0.,-1.));
#496 = DIRECTION('',(1.,0.,0.));
#497 = DEFINITIONAL_REPRESENTATION('',(#498),#502);
#498 = LINE('',#499,#500);
#499 = CARTESIAN_POINT('',(-0.,0.));
#500 = VECTOR('',#501,1.);
#501 = DIRECTION('',(-1.,0.));
#502 = ( GEOMETRIC_REPRESENTATION_CONTEXT(2) 
PARAMETRIC_REPRESENTATION_CONTEXT() REPRESENTATION_CONTEXT('2D SPACE',''
  ) );
#503 = ORIENTED_EDGE('',*,*,#504,.F.);
#504 = EDGE_CURVE('',#505,#476,#507,.T.);
#505 = VERTEX_POINT('',#506);
#506 = CARTESIAN_POINT('',(-1.00000000679E-02,170.,0.));
#507 = SURFACE_CURVE('',#508,(#512,#519),.PCURVE_S1.);
#508 = LINE('',#509,#510);
#509 = CARTESIAN_POINT('',(6.789679929398E-11,170.,0.));
#510 = VECTOR('',#511,1.);
#511 = DIRECTION('',(1.,0.,0.));
#512 = PCURVE('',#154,#513);
#513 = DEFINITIONAL_REPRESENTATION('',(#514),#518);
#514 = LINE('',#515,#516);
#515 = CARTESIAN_POINT('',(1.426452288622E-09,58.5));
#516 = VECTOR('',#517,1.);
#517 = DIRECTION('',(1.,0.));
#518 = ( GEOMETRIC_REPRESENTATION_CONTEXT(2) 
PARAMETRIC_REPRESENTATION_CONTEXT() REPRESENTATION_CONTEXT('2D SPACE',''
  ) );
#519 = PCURVE('',#520,#525);
#520 = PLANE('',#521);
#521 = AXIS2_PLACEMENT_3D('',#522,#523,#524);
#522 = CARTESIAN_POINT('',(-1.00000000679E-02,170.,0.));
#523 = DIRECTION('',(0.,1.,0.));
#524 = DIRECTION('',(1.,0.,0.));
#525 = DEFINITIONAL_REPRESENTATION('',(#526),#530);
#526 = LINE('',#527,#528);
#527 = CARTESIAN_POINT('',(1.000000013579E-02,0.));
#528 = VECTOR('',#529,1.);
#529 = DIRECTION('',(1.,0.));
#530 = ( GEOMETRIC_REPRESENTATION_CONTEXT(2) 
PARAMETRIC_REPRESENTATION_CONTEXT() REPRESENTATION_CONTEXT('2D SPACE',''
  ) );
#531 = ORIENTED_EDGE('',*,*,#532,.T.);
#532 = EDGE_CURVE('',#505,#111,#533,.T.);
#533 = SURFACE_CURVE('',#534,(#539,#546),.PCURVE_S1.);
#534 = CIRCLE('',#535,13.99);
#535 = AXIS2_PLACEMENT_3D('',#536,#537,#538);
#536 = CARTESIAN_POINT('',(-1.00000000679E-02,156.01,0.));
#537 = DIRECTION('',(0.,0.,1.));
#538 = DIRECTION('',(1.,0.,0.));
#539 = PCURVE('',#154,#540);
#540 = DEFINITIONAL_REPRESENTATION('',(#541),#545);
#541 = CIRCLE('',#542,13.99);
#542 = AXIS2_PLACEMENT_2D('',#543,#544);
#543 = CARTESIAN_POINT('',(-9.999998709341E-03,44.51));
#544 = DIRECTION('',(1.,0.));
#545 = ( GEOMETRIC_REPRESENTATION_CONTEXT(2) 
PARAMETRIC_REPRESENTATION_CONTEXT() REPRESENTATION_CONTEXT('2D SPACE',''
  ) );
#546 = PCURVE('',#126,#547);
#547 = DEFINITIONAL_REPRESENTATION('',(#548),#552);
#548 = LINE('',#549,#550);
#549 = CARTESIAN_POINT('',(-0.,0.));
#550 = VECTOR('',#551,1.);
#551 = DIRECTION('',(-1.,0.));
#552 = ( GEOMETRIC_REPRESENTATION_CONTEXT(2) 
PARAMETRIC_REPRESENTATION_CONTEXT() REPRESENTATION_CONTEXT('2D SPACE',''
  ) );
#553 = FACE_BOUND('',#554,.F.);
#554 = EDGE_LOOP('',(#555));
#555 = ORIENTED_EDGE('',*,*,#556,.T.);
#556 = EDGE_CURVE('',#557,#557,#559,.T.);
#557 = VERTEX_POINT('',#558);
#558 = CARTESIAN_POINT('',(9.75,80.,0.));
#559 = SURFACE_CURVE('',#560,(#565,#576),.PCURVE_S1.);
#560 = CIRCLE('',#561,9.75);
#561 = AXIS2_PLACEMENT_3D('',#562,#563,#564);
#562 = CARTESIAN_POINT('',(0.,80.,0.));
#563 = DIRECTION('',(0.,-0.,-1.));
#564 = DIRECTION('',(1.,0.,-0.));
#565 = PCURVE('',#154,#566);
#566 = DEFINITIONAL_REPRESENTATION('',(#567),#575);
#567 = ( BOUNDED_CURVE() B_SPLINE_CURVE(2,(#568,#569,#570,#571,#572,#573
,#574),.UNSPECIFIED.,.T.,.F.) B_SPLINE_CURVE_WITH_KNOTS((1,2,2,2,2,1),(
    -2.094395102393,0.,2.094395102393,4.188790204786,6.28318530718,
8.377580409573),.UNSPECIFIED.) CURVE() GEOMETRIC_REPRESENTATION_ITEM() 
RATIONAL_B_SPLINE_CURVE((1.,0.5,1.,0.5,1.,0.5,1.)) REPRESENTATION_ITEM(
  '') );
#568 = CARTESIAN_POINT('',(9.750000001359,-31.5));
#569 = CARTESIAN_POINT('',(9.750000001359,-48.38749537379));
#570 = CARTESIAN_POINT('',(-4.874999998641,-39.94374768689));
#571 = CARTESIAN_POINT('',(-19.49999999864,-31.5));
#572 = CARTESIAN_POINT('',(-4.874999998641,-23.0562523131));
#573 = CARTESIAN_POINT('',(9.750000001359,-14.6125046262));
#574 = CARTESIAN_POINT('',(9.750000001359,-31.5));
#575 = ( GEOMETRIC_REPRESENTATION_CONTEXT(2) 
PARAMETRIC_REPRESENTATION_CONTEXT() REPRESENTATION_CONTEXT('2D SPACE',''
  ) );
#576 = PCURVE('',#577,#582);
#577 = CYLINDRICAL_SURFACE('',#578,9.75);
#578 = AXIS2_PLACEMENT_3D('',#579,#580,#581);
#579 = CARTESIAN_POINT('',(0.,80.,-0.5));
#580 = DIRECTION('',(-0.,-0.,-1.));
#581 = DIRECTION('',(1.,0.,-0.));
#582 = DEFINITIONAL_REPRESENTATION('',(#583),#587);
#583 = LINE('',#584,#585);
#584 = CARTESIAN_POINT('',(-6.28318530718,-0.5));
#585 = VECTOR('',#586,1.);
#586 = DIRECTION('',(1.,-0.));
#587 = ( GEOMETRIC_REPRESENTATION_CONTEXT(2) 
PARAMETRIC_REPRESENTATION_CONTEXT() REPRESENTATION_CONTEXT('2D SPACE',''
  ) );
#588 = FACE_BOUND('',#589,.F.);
#589 = EDGE_LOOP('',(#590,#618,#651,#677));
#590 = ORIENTED_EDGE('',*,*,#591,.F.);
#591 = EDGE_CURVE('',#592,#594,#596,.T.);
#592 = VERTEX_POINT('',#593);
#593 = CARTESIAN_POINT('',(8.5,111.5,0.));
#594 = VERTEX_POINT('',#595);
#595 = CARTESIAN_POINT('',(-8.5,111.5,0.));
#596 = SURFACE_CURVE('',#597,(#601,#607),.PCURVE_S1.);
#597 = LINE('',#598,#599);
#598 = CARTESIAN_POINT('',(-4.250000000679,111.5,0.));
#599 = VECTOR('',#600,1.);
#600 = DIRECTION('',(-1.,0.,0.));
#601 = PCURVE('',#154,#602);
#602 = DEFINITIONAL_REPRESENTATION('',(#603),#606);
#603 = B_SPLINE_CURVE_WITH_KNOTS('',1,(#604,#605),.UNSPECIFIED.,.F.,.F.,
  (2,2),(-12.75000000067,4.249999999321),.PIECEWISE_BEZIER_KNOTS.);
#604 = CARTESIAN_POINT('',(8.500000001359,0.));
#605 = CARTESIAN_POINT('',(-8.499999998641,0.));
#606 = ( GEOMETRIC_REPRESENTATION_CONTEXT(2) 
PARAMETRIC_REPRESENTATION_CONTEXT() REPRESENTATION_CONTEXT('2D SPACE',''
  ) );
#607 = PCURVE('',#608,#613);
#608 = PLANE('',#609);
#609 = AXIS2_PLACEMENT_3D('',#610,#611,#612);
#610 = CARTESIAN_POINT('',(-8.5,111.5,-0.5));
#611 = DIRECTION('',(0.,1.,0.));
#612 = DIRECTION('',(1.,0.,0.));
#613 = DEFINITIONAL_REPRESENTATION('',(#614),#617);
#614 = B_SPLINE_CURVE_WITH_KNOTS('',1,(#615,#616),.UNSPECIFIED.,.F.,.F.,
  (2,2),(-12.75000000067,4.249999999321),.PIECEWISE_BEZIER_KNOTS.);
#615 = CARTESIAN_POINT('',(17.,-0.5));
#616 = CARTESIAN_POINT('',(0.,-0.5));
#617 = ( GEOMETRIC_REPRESENTATION_CONTEXT(2) 
PARAMETRIC_REPRESENTATION_CONTEXT() REPRESENTATION_CONTEXT('2D SPACE',''
  ) );
#618 = ORIENTED_EDGE('',*,*,#619,.T.);
#619 = EDGE_CURVE('',#592,#620,#622,.T.);
#620 = VERTEX_POINT('',#621);
#621 = CARTESIAN_POINT('',(8.5,108.5,0.));
#622 = SURFACE_CURVE('',#623,(#628,#639),.PCURVE_S1.);
#623 = CIRCLE('',#624,1.5);
#624 = AXIS2_PLACEMENT_3D('',#625,#626,#627);
#625 = CARTESIAN_POINT('',(8.5,110.,0.));
#626 = DIRECTION('',(-0.,0.,-1.));
#627 = DIRECTION('',(-1.,-0.,0.));
#628 = PCURVE('',#154,#629);
#629 = DEFINITIONAL_REPRESENTATION('',(#630),#638);
#630 = ( BOUNDED_CURVE() B_SPLINE_CURVE(2,(#631,#632,#633,#634,#635,#636
,#637),.UNSPECIFIED.,.T.,.F.) B_SPLINE_CURVE_WITH_KNOTS((1,2,2,2,2,1),(
    -2.094395102393,0.,2.094395102393,4.188790204786,6.28318530718,
8.377580409573),.UNSPECIFIED.) CURVE() GEOMETRIC_REPRESENTATION_ITEM() 
RATIONAL_B_SPLINE_CURVE((1.,0.5,1.,0.5,1.,0.5,1.)) REPRESENTATION_ITEM(
  '') );
#631 = CARTESIAN_POINT('',(7.000000001359,-1.5));
#632 = CARTESIAN_POINT('',(7.000000001359,1.098076211353));
#633 = CARTESIAN_POINT('',(9.250000001359,-0.200961894323));
#634 = CARTESIAN_POINT('',(11.500000001359,-1.5));
#635 = CARTESIAN_POINT('',(9.250000001359,-2.799038105677));
#636 = CARTESIAN_POINT('',(7.000000001359,-4.098076211353));
#637 = CARTESIAN_POINT('',(7.000000001359,-1.5));
#638 = ( GEOMETRIC_REPRESENTATION_CONTEXT(2) 
PARAMETRIC_REPRESENTATION_CONTEXT() REPRESENTATION_CONTEXT('2D SPACE',''
  ) );
#639 = PCURVE('',#640,#645);
#640 = CYLINDRICAL_SURFACE('',#641,1.5);
#641 = AXIS2_PLACEMENT_3D('',#642,#643,#644);
#642 = CARTESIAN_POINT('',(8.5,110.,-0.5));
#643 = DIRECTION('',(-0.,0.,-1.));
#644 = DIRECTION('',(-1.,-0.,0.));
#645 = DEFINITIONAL_REPRESENTATION('',(#646),#650);
#646 = LINE('',#647,#648);
#647 = CARTESIAN_POINT('',(0.,-0.5));
#648 = VECTOR('',#649,1.);
#649 = DIRECTION('',(1.,0.));
#650 = ( GEOMETRIC_REPRESENTATION_CONTEXT(2) 
PARAMETRIC_REPRESENTATION_CONTEXT() REPRESENTATION_CONTEXT('2D SPACE',''
  ) );
#651 = ORIENTED_EDGE('',*,*,#652,.T.);
#652 = EDGE_CURVE('',#620,#653,#655,.T.);
#653 = VERTEX_POINT('',#654);
#654 = CARTESIAN_POINT('',(-8.5,108.5,0.));
#655 = SURFACE_CURVE('',#656,(#660,#666),.PCURVE_S1.);
#656 = LINE('',#657,#658);
#657 = CARTESIAN_POINT('',(-6.792777446638E-10,108.5,0.));
#658 = VECTOR('',#659,1.);
#659 = DIRECTION('',(-1.,0.,0.));
#660 = PCURVE('',#154,#661);
#661 = DEFINITIONAL_REPRESENTATION('',(#662),#665);
#662 = B_SPLINE_CURVE_WITH_KNOTS('',1,(#663,#664),.UNSPECIFIED.,.F.,.F.,
  (2,2),(-8.500000000679,8.499999999321),.PIECEWISE_BEZIER_KNOTS.);
#663 = CARTESIAN_POINT('',(8.500000001359,-3.));
#664 = CARTESIAN_POINT('',(-8.499999998641,-3.));
#665 = ( GEOMETRIC_REPRESENTATION_CONTEXT(2) 
PARAMETRIC_REPRESENTATION_CONTEXT() REPRESENTATION_CONTEXT('2D SPACE',''
  ) );
#666 = PCURVE('',#667,#672);
#667 = PLANE('',#668);
#668 = AXIS2_PLACEMENT_3D('',#669,#670,#671);
#669 = CARTESIAN_POINT('',(0.,108.5,-0.5));
#670 = DIRECTION('',(0.,1.,0.));
#671 = DIRECTION('',(1.,0.,0.));
#672 = DEFINITIONAL_REPRESENTATION('',(#673),#676);
#673 = B_SPLINE_CURVE_WITH_KNOTS('',1,(#674,#675),.UNSPECIFIED.,.F.,.F.,
  (2,2),(-8.500000000679,8.499999999321),.PIECEWISE_BEZIER_KNOTS.);
#674 = CARTESIAN_POINT('',(8.5,-0.5));
#675 = CARTESIAN_POINT('',(-8.5,-0.5));
#676 = ( GEOMETRIC_REPRESENTATION_CONTEXT(2) 
PARAMETRIC_REPRESENTATION_CONTEXT() REPRESENTATION_CONTEXT('2D SPACE',''
  ) );
#677 = ORIENTED_EDGE('',*,*,#678,.T.);
#678 = EDGE_CURVE('',#653,#594,#679,.T.);
#679 = SURFACE_CURVE('',#680,(#685,#696),.PCURVE_S1.);
#680 = CIRCLE('',#681,1.5);
#681 = AXIS2_PLACEMENT_3D('',#682,#683,#684);
#682 = CARTESIAN_POINT('',(-8.5,110.,0.));
#683 = DIRECTION('',(0.,0.,-1.));
#684 = DIRECTION('',(1.,0.,0.));
#685 = PCURVE('',#154,#686);
#686 = DEFINITIONAL_REPRESENTATION('',(#687),#695);
#687 = ( BOUNDED_CURVE() B_SPLINE_CURVE(2,(#688,#689,#690,#691,#692,#693
,#694),.UNSPECIFIED.,.T.,.F.) B_SPLINE_CURVE_WITH_KNOTS((1,2,2,2,2,1),(
    -2.094395102393,0.,2.094395102393,4.188790204786,6.28318530718,
8.377580409573),.UNSPECIFIED.) CURVE() GEOMETRIC_REPRESENTATION_ITEM() 
RATIONAL_B_SPLINE_CURVE((1.,0.5,1.,0.5,1.,0.5,1.)) REPRESENTATION_ITEM(
  '') );
#688 = CARTESIAN_POINT('',(-6.999999998641,-1.5));
#689 = CARTESIAN_POINT('',(-6.999999998641,-4.098076211353));
#690 = CARTESIAN_POINT('',(-9.249999998641,-2.799038105677));
#691 = CARTESIAN_POINT('',(-11.49999999864,-1.5));
#692 = CARTESIAN_POINT('',(-9.249999998641,-0.200961894323));
#693 = CARTESIAN_POINT('',(-6.999999998641,1.098076211353));
#694 = CARTESIAN_POINT('',(-6.999999998641,-1.5));
#695 = ( GEOMETRIC_REPRESENTATION_CONTEXT(2) 
PARAMETRIC_REPRESENTATION_CONTEXT() REPRESENTATION_CONTEXT('2D SPACE',''
  ) );
#696 = PCURVE('',#697,#702);
#697 = CYLINDRICAL_SURFACE('',#698,1.5);
#698 = AXIS2_PLACEMENT_3D('',#699,#700,#701);
#699 = CARTESIAN_POINT('',(-8.5,110.,-0.5));
#700 = DIRECTION('',(0.,0.,-1.));
#701 = DIRECTION('',(1.,0.,0.));
#702 = DEFINITIONAL_REPRESENTATION('',(#703),#707);
#703 = LINE('',#704,#705);
#704 = CARTESIAN_POINT('',(0.,-0.5));
#705 = VECTOR('',#706,1.);
#706 = DIRECTION('',(1.,0.));
#707 = ( GEOMETRIC_REPRESENTATION_CONTEXT(2) 
PARAMETRIC_REPRESENTATION_CONTEXT() REPRESENTATION_CONTEXT('2D SPACE',''
  ) );
#708 = FACE_BOUND('',#709,.F.);
#709 = EDGE_LOOP('',(#710));
#710 = ORIENTED_EDGE('',*,*,#711,.T.);
#711 = EDGE_CURVE('',#712,#712,#714,.T.);
#712 = VERTEX_POINT('',#713);
#713 = CARTESIAN_POINT('',(9.75,140.,0.));
#714 = SURFACE_CURVE('',#715,(#720,#731),.PCURVE_S1.);
#715 = CIRCLE('',#716,9.75);
#716 = AXIS2_PLACEMENT_3D('',#717,#718,#719);
#717 = CARTESIAN_POINT('',(0.,140.,0.));
#718 = DIRECTION('',(0.,-0.,-1.));
#719 = DIRECTION('',(1.,0.,-0.));
#720 = PCURVE('',#154,#721);
#721 = DEFINITIONAL_REPRESENTATION('',(#722),#730);
#722 = ( BOUNDED_CURVE() B_SPLINE_CURVE(2,(#723,#724,#725,#726,#727,#728
,#729),.UNSPECIFIED.,.T.,.F.) B_SPLINE_CURVE_WITH_KNOTS((1,2,2,2,2,1),(
    -2.094395102393,0.,2.094395102393,4.188790204786,6.28318530718,
8.377580409573),.UNSPECIFIED.) CURVE() GEOMETRIC_REPRESENTATION_ITEM() 
RATIONAL_B_SPLINE_CURVE((1.,0.5,1.,0.5,1.,0.5,1.)) REPRESENTATION_ITEM(
  '') );
#723 = CARTESIAN_POINT('',(9.750000001359,28.5));
#724 = CARTESIAN_POINT('',(9.750000001359,11.612504626203));
#725 = CARTESIAN_POINT('',(-4.874999998641,20.056252313102));
#726 = CARTESIAN_POINT('',(-19.49999999864,28.5));
#727 = CARTESIAN_POINT('',(-4.874999998641,36.943747686898));
#728 = CARTESIAN_POINT('',(9.750000001359,45.387495373797));
#729 = CARTESIAN_POINT('',(9.750000001359,28.5));
#730 = ( GEOMETRIC_REPRESENTATION_CONTEXT(2) 
PARAMETRIC_REPRESENTATION_CONTEXT() REPRESENTATION_CONTEXT('2D SPACE',''
  ) );
#731 = PCURVE('',#732,#737);
#732 = CYLINDRICAL_SURFACE('',#733,9.75);
#733 = AXIS2_PLACEMENT_3D('',#734,#735,#736);
#734 = CARTESIAN_POINT('',(0.,140.,-0.5));
#735 = DIRECTION('',(-0.,-0.,-1.));
#736 = DIRECTION('',(1.,0.,-0.));
#737 = DEFINITIONAL_REPRESENTATION('',(#738),#742);
#738 = LINE('',#739,#740);
#739 = CARTESIAN_POINT('',(-6.28318530718,-0.5));
#740 = VECTOR('',#741,1.);
#741 = DIRECTION('',(1.,-0.));
#742 = ( GEOMETRIC_REPRESENTATION_CONTEXT(2) 
PARAMETRIC_REPRESENTATION_CONTEXT() REPRESENTATION_CONTEXT('2D SPACE',''
  ) );
#743 = FACE_BOUND('',#744,.F.);
#744 = EDGE_LOOP('',(#745));
#745 = ORIENTED_EDGE('',*,*,#746,.T.);
#746 = EDGE_CURVE('',#747,#747,#749,.T.);
#747 = VERTEX_POINT('',#748);
#748 = CARTESIAN_POINT('',(2.25,160.,0.));
#749 = SURFACE_CURVE('',#750,(#755,#766),.PCURVE_S1.);
#750 = CIRCLE('',#751,2.25);
#751 = AXIS2_PLACEMENT_3D('',#752,#753,#754);
#752 = CARTESIAN_POINT('',(0.,160.,0.));
#753 = DIRECTION('',(0.,-0.,-1.));
#754 = DIRECTION('',(1.,0.,-0.));
#755 = PCURVE('',#154,#756);
#756 = DEFINITIONAL_REPRESENTATION('',(#757),#765);
#757 = ( BOUNDED_CURVE() B_SPLINE_CURVE(2,(#758,#759,#760,#761,#762,#763
,#764),.UNSPECIFIED.,.T.,.F.) B_SPLINE_CURVE_WITH_KNOTS((1,2,2,2,2,1),(
    -2.094395102393,0.,2.094395102393,4.188790204786,6.28318530718,
8.377580409573),.UNSPECIFIED.) CURVE() GEOMETRIC_REPRESENTATION_ITEM() 
RATIONAL_B_SPLINE_CURVE((1.,0.5,1.,0.5,1.,0.5,1.)) REPRESENTATION_ITEM(
  '') );
#758 = CARTESIAN_POINT('',(2.250000001359,48.5));
#759 = CARTESIAN_POINT('',(2.250000001359,44.60288568297));
#760 = CARTESIAN_POINT('',(-1.124999998641,46.551442841485));
#761 = CARTESIAN_POINT('',(-4.499999998641,48.5));
#762 = CARTESIAN_POINT('',(-1.124999998641,50.448557158515));
#763 = CARTESIAN_POINT('',(2.250000001359,52.39711431703));
#764 = CARTESIAN_POINT('',(2.250000001359,48.5));
#765 = ( GEOMETRIC_REPRESENTATION_CONTEXT(2) 
PARAMETRIC_REPRESENTATION_CONTEXT() REPRESENTATION_CONTEXT('2D SPACE',''
  ) );
#766 = PCURVE('',#767,#772);
#767 = CYLINDRICAL_SURFACE('',#768,2.25);
#768 = AXIS2_PLACEMENT_3D('',#769,#770,#771);
#769 = CARTESIAN_POINT('',(0.,160.,-0.5));
#770 = DIRECTION('',(-0.,-0.,-1.));
#771 = DIRECTION('',(1.,0.,-0.));
#772 = DEFINITIONAL_REPRESENTATION('',(#773),#777);
#773 = LINE('',#774,#775);
#774 = CARTESIAN_POINT('',(-6.28318530718,-0.5));
#775 = VECTOR('',#776,1.);
#776 = DIRECTION('',(1.,-0.));
#777 = ( GEOMETRIC_REPRESENTATION_CONTEXT(2) 
PARAMETRIC_REPRESENTATION_CONTEXT() REPRESENTATION_CONTEXT('2D SPACE',''
  ) );
#778 = ADVANCED_FACE('',(#779),#126,.T.);
#779 = FACE_BOUND('',#780,.F.);
#780 = EDGE_LOOP('',(#781,#804,#826,#827));
#781 = ORIENTED_EDGE('',*,*,#782,.T.);
#782 = EDGE_CURVE('',#505,#783,#785,.T.);
#783 = VERTEX_POINT('',#784);
#784 = CARTESIAN_POINT('',(-1.00000000679E-02,170.,4.));
#785 = SURFACE_CURVE('',#786,(#790,#797),.PCURVE_S1.);
#786 = LINE('',#787,#788);
#787 = CARTESIAN_POINT('',(-1.00000000679E-02,170.,0.));
#788 = VECTOR('',#789,1.);
#789 = DIRECTION('',(0.,0.,1.));
#790 = PCURVE('',#126,#791);
#791 = DEFINITIONAL_REPRESENTATION('',(#792),#796);
#792 = LINE('',#793,#794);
#793 = CARTESIAN_POINT('',(-1.570796326795,0.));
#794 = VECTOR('',#795,1.);
#795 = DIRECTION('',(-0.,-1.));
#796 = ( GEOMETRIC_REPRESENTATION_CONTEXT(2) 
PARAMETRIC_REPRESENTATION_CONTEXT() REPRESENTATION_CONTEXT('2D SPACE',''
  ) );
#797 = PCURVE('',#520,#798);
#798 = DEFINITIONAL_REPRESENTATION('',(#799),#803);
#799 = LINE('',#800,#801);
#800 = CARTESIAN_POINT('',(-3.989863994747E-17,0.));
#801 = VECTOR('',#802,1.);
#802 = DIRECTION('',(0.,-1.));
#803 = ( GEOMETRIC_REPRESENTATION_CONTEXT(2) 
PARAMETRIC_REPRESENTATION_CONTEXT() REPRESENTATION_CONTEXT('2D SPACE',''
  ) );
#804 = ORIENTED_EDGE('',*,*,#805,.T.);
#805 = EDGE_CURVE('',#783,#83,#806,.T.);
#806 = SURFACE_CURVE('',#807,(#812,#819),.PCURVE_S1.);
#807 = CIRCLE('',#808,13.99);
#808 = AXIS2_PLACEMENT_3D('',#809,#810,#811);
#809 = CARTESIAN_POINT('',(-1.00000000679E-02,156.01,4.));
#810 = DIRECTION('',(0.,0.,1.));
#811 = DIRECTION('',(1.,0.,0.));
#812 = PCURVE('',#126,#813);
#813 = DEFINITIONAL_REPRESENTATION('',(#814),#818);
#814 = LINE('',#815,#816);
#815 = CARTESIAN_POINT('',(-0.,-4.));
#816 = VECTOR('',#817,1.);
#817 = DIRECTION('',(-1.,0.));
#818 = ( GEOMETRIC_REPRESENTATION_CONTEXT(2) 
PARAMETRIC_REPRESENTATION_CONTEXT() REPRESENTATION_CONTEXT('2D SPACE',''
  ) );
#819 = PCURVE('',#98,#820);
#820 = DEFINITIONAL_REPRESENTATION('',(#821),#825);
#821 = CIRCLE('',#822,13.99);
#822 = AXIS2_PLACEMENT_2D('',#823,#824);
#823 = CARTESIAN_POINT('',(-9.999998709341E-03,44.51));
#824 = DIRECTION('',(1.,0.));
#825 = ( GEOMETRIC_REPRESENTATION_CONTEXT(2) 
PARAMETRIC_REPRESENTATION_CONTEXT() REPRESENTATION_CONTEXT('2D SPACE',''
  ) );
#826 = ORIENTED_EDGE('',*,*,#110,.F.);
#827 = ORIENTED_EDGE('',*,*,#532,.F.);
#828 = ADVANCED_FACE('',(#829,#972,#1454,#1484,#1514,#1545,#1907,#2169,
    #2479,#2579,#2610,#2972),#98,.T.);
#829 = FACE_BOUND('',#830,.T.);
#830 = EDGE_LOOP('',(#831,#832,#856,#879,#903,#926,#950,#971));
#831 = ORIENTED_EDGE('',*,*,#82,.F.);
#832 = ORIENTED_EDGE('',*,*,#833,.T.);
#833 = EDGE_CURVE('',#55,#834,#836,.T.);
#834 = VERTEX_POINT('',#835);
#835 = CARTESIAN_POINT('',(-1.00000000679E-02,53.,4.));
#836 = SURFACE_CURVE('',#837,(#842,#849),.PCURVE_S1.);
#837 = CIRCLE('',#838,13.99);
#838 = AXIS2_PLACEMENT_3D('',#839,#840,#841);
#839 = CARTESIAN_POINT('',(-1.00000000679E-02,66.99,4.));
#840 = DIRECTION('',(0.,0.,1.));
#841 = DIRECTION('',(1.,0.,0.));
#842 = PCURVE('',#98,#843);
#843 = DEFINITIONAL_REPRESENTATION('',(#844),#848);
#844 = CIRCLE('',#845,13.99);
#845 = AXIS2_PLACEMENT_2D('',#846,#847);
#846 = CARTESIAN_POINT('',(-9.999998709341E-03,-44.51));
#847 = DIRECTION('',(1.,0.));
#848 = ( GEOMETRIC_REPRESENTATION_CONTEXT(2) 
PARAMETRIC_REPRESENTATION_CONTEXT() REPRESENTATION_CONTEXT('2D SPACE',''
  ) );
#849 = PCURVE('',#70,#850);
#850 = DEFINITIONAL_REPRESENTATION('',(#851),#855);
#851 = LINE('',#852,#853);
#852 = CARTESIAN_POINT('',(-0.,-4.));
#853 = VECTOR('',#854,1.);
#854 = DIRECTION('',(-1.,0.));
#855 = ( GEOMETRIC_REPRESENTATION_CONTEXT(2) 
PARAMETRIC_REPRESENTATION_CONTEXT() REPRESENTATION_CONTEXT('2D SPACE',''
  ) );
#856 = ORIENTED_EDGE('',*,*,#857,.T.);
#857 = EDGE_CURVE('',#834,#858,#860,.T.);
#858 = VERTEX_POINT('',#859);
#859 = CARTESIAN_POINT('',(9.999991508548E-03,53.,4.));
#860 = SURFACE_CURVE('',#861,(#865,#872),.PCURVE_S1.);
#861 = LINE('',#862,#863);
#862 = CARTESIAN_POINT('',(6.789679929398E-11,53.,4.));
#863 = VECTOR('',#864,1.);
#864 = DIRECTION('',(1.,0.,0.));
#865 = PCURVE('',#98,#866);
#866 = DEFINITIONAL_REPRESENTATION('',(#867),#871);
#867 = LINE('',#868,#869);
#868 = CARTESIAN_POINT('',(1.426452288622E-09,-58.5));
#869 = VECTOR('',#870,1.);
#870 = DIRECTION('',(1.,0.));
#871 = ( GEOMETRIC_REPRESENTATION_CONTEXT(2) 
PARAMETRIC_REPRESENTATION_CONTEXT() REPRESENTATION_CONTEXT('2D SPACE',''
  ) );
#872 = PCURVE('',#237,#873);
#873 = DEFINITIONAL_REPRESENTATION('',(#874),#878);
#874 = LINE('',#875,#876);
#875 = CARTESIAN_POINT('',(1.000000013579E-02,-4.));
#876 = VECTOR('',#877,1.);
#877 = DIRECTION('',(1.,0.));
#878 = ( GEOMETRIC_REPRESENTATION_CONTEXT(2) 
PARAMETRIC_REPRESENTATION_CONTEXT() REPRESENTATION_CONTEXT('2D SPACE',''
  ) );
#879 = ORIENTED_EDGE('',*,*,#880,.T.);
#880 = EDGE_CURVE('',#858,#881,#883,.T.);
#881 = VERTEX_POINT('',#882);
#882 = CARTESIAN_POINT('',(13.999999995788,66.99,4.));
#883 = SURFACE_CURVE('',#884,(#889,#896),.PCURVE_S1.);
#884 = CIRCLE('',#885,13.99);
#885 = AXIS2_PLACEMENT_3D('',#886,#887,#888);
#886 = CARTESIAN_POINT('',(9.99999150855E-03,66.99,4.));
#887 = DIRECTION('',(0.,0.,1.));
#888 = DIRECTION('',(1.,0.,0.));
#889 = PCURVE('',#98,#890);
#890 = DEFINITIONAL_REPRESENTATION('',(#891),#895);
#891 = CIRCLE('',#892,13.99);
#892 = AXIS2_PLACEMENT_2D('',#893,#894);
#893 = CARTESIAN_POINT('',(9.999992867105E-03,-44.51));
#894 = DIRECTION('',(1.,0.));
#895 = ( GEOMETRIC_REPRESENTATION_CONTEXT(2) 
PARAMETRIC_REPRESENTATION_CONTEXT() REPRESENTATION_CONTEXT('2D SPACE',''
  ) );
#896 = PCURVE('',#270,#897);
#897 = DEFINITIONAL_REPRESENTATION('',(#898),#902);
#898 = LINE('',#899,#900);
#899 = CARTESIAN_POINT('',(-0.,-4.));
#900 = VECTOR('',#901,1.);
#901 = DIRECTION('',(-1.,0.));
#902 = ( GEOMETRIC_REPRESENTATION_CONTEXT(2) 
PARAMETRIC_REPRESENTATION_CONTEXT() REPRESENTATION_CONTEXT('2D SPACE',''
  ) );
#903 = ORIENTED_EDGE('',*,*,#904,.T.);
#904 = EDGE_CURVE('',#881,#905,#907,.T.);
#905 = VERTEX_POINT('',#906);
#906 = CARTESIAN_POINT('',(13.999999995788,156.01,4.));
#907 = SURFACE_CURVE('',#908,(#912,#919),.PCURVE_S1.);
#908 = LINE('',#909,#910);
#909 = CARTESIAN_POINT('',(14.000000000068,111.5,4.));
#910 = VECTOR('',#911,1.);
#911 = DIRECTION('',(0.,1.,0.));
#912 = PCURVE('',#98,#913);
#913 = DEFINITIONAL_REPRESENTATION('',(#914),#918);
#914 = LINE('',#915,#916);
#915 = CARTESIAN_POINT('',(14.000000001426,-5.041191357094E-15));
#916 = VECTOR('',#917,1.);
#917 = DIRECTION('',(0.,1.));
#918 = ( GEOMETRIC_REPRESENTATION_CONTEXT(2) 
PARAMETRIC_REPRESENTATION_CONTEXT() REPRESENTATION_CONTEXT('2D SPACE',''
  ) );
#919 = PCURVE('',#297,#920);
#920 = DEFINITIONAL_REPRESENTATION('',(#921),#925);
#921 = LINE('',#922,#923);
#922 = CARTESIAN_POINT('',(44.51,-4.));
#923 = VECTOR('',#924,1.);
#924 = DIRECTION('',(1.,0.));
#925 = ( GEOMETRIC_REPRESENTATION_CONTEXT(2) 
PARAMETRIC_REPRESENTATION_CONTEXT() REPRESENTATION_CONTEXT('2D SPACE',''
  ) );
#926 = ORIENTED_EDGE('',*,*,#927,.T.);
#927 = EDGE_CURVE('',#905,#928,#930,.T.);
#928 = VERTEX_POINT('',#929);
#929 = CARTESIAN_POINT('',(9.99999150855E-03,170.,4.));
#930 = SURFACE_CURVE('',#931,(#936,#943),.PCURVE_S1.);
#931 = CIRCLE('',#932,13.99);
#932 = AXIS2_PLACEMENT_3D('',#933,#934,#935);
#933 = CARTESIAN_POINT('',(9.99999150855E-03,156.01,4.));
#934 = DIRECTION('',(0.,0.,1.));
#935 = DIRECTION('',(1.,0.,0.));
#936 = PCURVE('',#98,#937);
#937 = DEFINITIONAL_REPRESENTATION('',(#938),#942);
#938 = CIRCLE('',#939,13.99);
#939 = AXIS2_PLACEMENT_2D('',#940,#941);
#940 = CARTESIAN_POINT('',(9.999992867105E-03,44.51));
#941 = DIRECTION('',(1.,0.));
#942 = ( GEOMETRIC_REPRESENTATION_CONTEXT(2) 
PARAMETRIC_REPRESENTATION_CONTEXT() REPRESENTATION_CONTEXT('2D SPACE',''
  ) );
#943 = PCURVE('',#492,#944);
#944 = DEFINITIONAL_REPRESENTATION('',(#945),#949);
#945 = LINE('',#946,#947);
#946 = CARTESIAN_POINT('',(-0.,-4.));
#947 = VECTOR('',#948,1.);
#948 = DIRECTION('',(-1.,0.));
#949 = ( GEOMETRIC_REPRESENTATION_CONTEXT(2) 
PARAMETRIC_REPRESENTATION_CONTEXT() REPRESENTATION_CONTEXT('2D SPACE',''
  ) );
#950 = ORIENTED_EDGE('',*,*,#951,.F.);
#951 = EDGE_CURVE('',#783,#928,#952,.T.);
#952 = SURFACE_CURVE('',#953,(#957,#964),.PCURVE_S1.);
#953 = LINE('',#954,#955);
#954 = CARTESIAN_POINT('',(6.789679929398E-11,170.,4.));
#955 = VECTOR('',#956,1.);
#956 = DIRECTION('',(1.,0.,0.));
#957 = PCURVE('',#98,#958);
#958 = DEFINITIONAL_REPRESENTATION('',(#959),#963);
#959 = LINE('',#960,#961);
#960 = CARTESIAN_POINT('',(1.426452288622E-09,58.5));
#961 = VECTOR('',#962,1.);
#962 = DIRECTION('',(1.,0.));
#963 = ( GEOMETRIC_REPRESENTATION_CONTEXT(2) 
PARAMETRIC_REPRESENTATION_CONTEXT() REPRESENTATION_CONTEXT('2D SPACE',''
  ) );
#964 = PCURVE('',#520,#965);
#965 = DEFINITIONAL_REPRESENTATION('',(#966),#970);
#966 = LINE('',#967,#968);
#967 = CARTESIAN_POINT('',(1.000000013579E-02,-4.));
#968 = VECTOR('',#969,1.);
#969 = DIRECTION('',(1.,0.));
#970 = ( GEOMETRIC_REPRESENTATION_CONTEXT(2) 
PARAMETRIC_REPRESENTATION_CONTEXT() REPRESENTATION_CONTEXT('2D SPACE',''
  ) );
#971 = ORIENTED_EDGE('',*,*,#805,.T.);
#972 = FACE_BOUND('',#973,.T.);
#973 = EDGE_LOOP('',(#974,#1006,#1036,#1066,#1096,#1126,#1156,#1186,
    #1216,#1246,#1276,#1306,#1336,#1366,#1396,#1426));
#974 = ORIENTED_EDGE('',*,*,#975,.T.);
#975 = EDGE_CURVE('',#976,#978,#980,.T.);
#976 = VERTEX_POINT('',#977);
#977 = CARTESIAN_POINT('',(-2.161010742188,94.971435546875,4.));
#978 = VERTEX_POINT('',#979);
#979 = CARTESIAN_POINT('',(-1.707275390625,95.260375976562,4.));
#980 = SURFACE_CURVE('',#981,(#985,#992),.PCURVE_S1.);
#981 = B_SPLINE_CURVE_WITH_KNOTS('',2,(#982,#983,#984),.UNSPECIFIED.,.F.
  ,.F.,(3,3),(0.,1.),.PIECEWISE_BEZIER_KNOTS.);
#982 = CARTESIAN_POINT('',(-2.161010742188,94.971435546875,4.));
#983 = CARTESIAN_POINT('',(-2.001708984375,95.183471679688,4.));
#984 = CARTESIAN_POINT('',(-1.707275390625,95.260375976562,4.));
#985 = PCURVE('',#98,#986);
#986 = DEFINITIONAL_REPRESENTATION('',(#987),#991);
#987 = B_SPLINE_CURVE_WITH_KNOTS('',2,(#988,#989,#990),.UNSPECIFIED.,.F.
  ,.F.,(3,3),(0.,1.),.PIECEWISE_BEZIER_KNOTS.);
#988 = CARTESIAN_POINT('',(-2.161010740829,-16.52856445312));
#989 = CARTESIAN_POINT('',(-2.001708983016,-16.31652832031));
#990 = CARTESIAN_POINT('',(-1.707275389266,-16.23962402343));
#991 = ( GEOMETRIC_REPRESENTATION_CONTEXT(2) 
PARAMETRIC_REPRESENTATION_CONTEXT() REPRESENTATION_CONTEXT('2D SPACE',''
  ) );
#992 = PCURVE('',#993,#1000);
#993 = SURFACE_OF_LINEAR_EXTRUSION('',#994,#998);
#994 = B_SPLINE_CURVE_WITH_KNOTS('',2,(#995,#996,#997),.UNSPECIFIED.,.F.
  ,.F.,(3,3),(0.,1.),.PIECEWISE_BEZIER_KNOTS.);
#995 = CARTESIAN_POINT('',(-2.161010742188,94.971435546875,4.));
#996 = CARTESIAN_POINT('',(-2.001708984375,95.183471679688,4.));
#997 = CARTESIAN_POINT('',(-1.707275390625,95.260375976562,4.));
#998 = VECTOR('',#999,1.);
#999 = DIRECTION('',(0.,0.,1.));
#1000 = DEFINITIONAL_REPRESENTATION('',(#1001),#1005);
#1001 = LINE('',#1002,#1003);
#1002 = CARTESIAN_POINT('',(0.,0.));
#1003 = VECTOR('',#1004,1.);
#1004 = DIRECTION('',(1.,0.));
#1005 = ( GEOMETRIC_REPRESENTATION_CONTEXT(2) 
PARAMETRIC_REPRESENTATION_CONTEXT() REPRESENTATION_CONTEXT('2D SPACE',''
  ) );
#1006 = ORIENTED_EDGE('',*,*,#1007,.T.);
#1007 = EDGE_CURVE('',#978,#1008,#1010,.T.);
#1008 = VERTEX_POINT('',#1009);
#1009 = CARTESIAN_POINT('',(-2.072021484375,95.517456054688,4.));
#1010 = SURFACE_CURVE('',#1011,(#1015,#1022),.PCURVE_S1.);
#1011 = B_SPLINE_CURVE_WITH_KNOTS('',2,(#1012,#1013,#1014),
  .UNSPECIFIED.,.F.,.F.,(3,3),(0.,1.),.PIECEWISE_BEZIER_KNOTS.);
#1012 = CARTESIAN_POINT('',(-1.707275390625,95.260375976562,4.));
#1013 = CARTESIAN_POINT('',(-1.953369140625,95.350463867188,4.));
#1014 = CARTESIAN_POINT('',(-2.072021484375,95.517456054688,4.));
#1015 = PCURVE('',#98,#1016);
#1016 = DEFINITIONAL_REPRESENTATION('',(#1017),#1021);
#1017 = B_SPLINE_CURVE_WITH_KNOTS('',2,(#1018,#1019,#1020),
  .UNSPECIFIED.,.F.,.F.,(3,3),(0.,1.),.PIECEWISE_BEZIER_KNOTS.);
#1018 = CARTESIAN_POINT('',(-1.707275389266,-16.23962402343));
#1019 = CARTESIAN_POINT('',(-1.953369139266,-16.14953613281));
#1020 = CARTESIAN_POINT('',(-2.072021483016,-15.98254394531));
#1021 = ( GEOMETRIC_REPRESENTATION_CONTEXT(2) 
PARAMETRIC_REPRESENTATION_CONTEXT() REPRESENTATION_CONTEXT('2D SPACE',''
  ) );
#1022 = PCURVE('',#1023,#1030);
#1023 = SURFACE_OF_LINEAR_EXTRUSION('',#1024,#1028);
#1024 = B_SPLINE_CURVE_WITH_KNOTS('',2,(#1025,#1026,#1027),
  .UNSPECIFIED.,.F.,.F.,(3,3),(0.,1.),.PIECEWISE_BEZIER_KNOTS.);
#1025 = CARTESIAN_POINT('',(-1.707275390625,95.260375976562,4.));
#1026 = CARTESIAN_POINT('',(-1.953369140625,95.350463867188,4.));
#1027 = CARTESIAN_POINT('',(-2.072021484375,95.517456054688,4.));
#1028 = VECTOR('',#1029,1.);
#1029 = DIRECTION('',(0.,0.,1.));
#1030 = DEFINITIONAL_REPRESENTATION('',(#1031),#1035);
#1031 = LINE('',#1032,#1033);
#1032 = CARTESIAN_POINT('',(0.,0.));
#1033 = VECTOR('',#1034,1.);
#1034 = DIRECTION('',(1.,0.));
#1035 = ( GEOMETRIC_REPRESENTATION_CONTEXT(2) 
PARAMETRIC_REPRESENTATION_CONTEXT() REPRESENTATION_CONTEXT('2D SPACE',''
  ) );
#1036 = ORIENTED_EDGE('',*,*,#1037,.T.);
#1037 = EDGE_CURVE('',#1008,#1038,#1040,.T.);
#1038 = VERTEX_POINT('',#1039);
#1039 = CARTESIAN_POINT('',(-2.190673828125,95.917358398438,4.));
#1040 = SURFACE_CURVE('',#1041,(#1045,#1052),.PCURVE_S1.);
#1041 = B_SPLINE_CURVE_WITH_KNOTS('',2,(#1042,#1043,#1044),
  .UNSPECIFIED.,.F.,.F.,(3,3),(0.,1.),.PIECEWISE_BEZIER_KNOTS.);
#1042 = CARTESIAN_POINT('',(-2.072021484375,95.517456054688,4.));
#1043 = CARTESIAN_POINT('',(-2.190673828125,95.684448242188,4.));
#1044 = CARTESIAN_POINT('',(-2.190673828125,95.917358398438,4.));
#1045 = PCURVE('',#98,#1046);
#1046 = DEFINITIONAL_REPRESENTATION('',(#1047),#1051);
#1047 = B_SPLINE_CURVE_WITH_KNOTS('',2,(#1048,#1049,#1050),
  .UNSPECIFIED.,.F.,.F.,(3,3),(0.,1.),.PIECEWISE_BEZIER_KNOTS.);
#1048 = CARTESIAN_POINT('',(-2.072021483016,-15.98254394531));
#1049 = CARTESIAN_POINT('',(-2.190673826766,-15.81555175781));
#1050 = CARTESIAN_POINT('',(-2.190673826766,-15.58264160156));
#1051 = ( GEOMETRIC_REPRESENTATION_CONTEXT(2) 
PARAMETRIC_REPRESENTATION_CONTEXT() REPRESENTATION_CONTEXT('2D SPACE',''
  ) );
#1052 = PCURVE('',#1053,#1060);
#1053 = SURFACE_OF_LINEAR_EXTRUSION('',#1054,#1058);
#1054 = B_SPLINE_CURVE_WITH_KNOTS('',2,(#1055,#1056,#1057),
  .UNSPECIFIED.,.F.,.F.,(3,3),(0.,1.),.PIECEWISE_BEZIER_KNOTS.);
#1055 = CARTESIAN_POINT('',(-2.072021484375,95.517456054688,4.));
#1056 = CARTESIAN_POINT('',(-2.190673828125,95.684448242188,4.));
#1057 = CARTESIAN_POINT('',(-2.190673828125,95.917358398438,4.));
#1058 = VECTOR('',#1059,1.);
#1059 = DIRECTION('',(0.,0.,1.));
#1060 = DEFINITIONAL_REPRESENTATION('',(#1061),#1065);
#1061 = LINE('',#1062,#1063);
#1062 = CARTESIAN_POINT('',(0.,0.));
#1063 = VECTOR('',#1064,1.);
#1064 = DIRECTION('',(1.,0.));
#1065 = ( GEOMETRIC_REPRESENTATION_CONTEXT(2) 
PARAMETRIC_REPRESENTATION_CONTEXT() REPRESENTATION_CONTEXT('2D SPACE',''
  ) );
#1066 = ORIENTED_EDGE('',*,*,#1067,.T.);
#1067 = EDGE_CURVE('',#1038,#1068,#1070,.T.);
#1068 = VERTEX_POINT('',#1069);
#1069 = CARTESIAN_POINT('',(-1.93798828125,96.508422851562,4.));
#1070 = SURFACE_CURVE('',#1071,(#1075,#1082),.PCURVE_S1.);
#1071 = B_SPLINE_CURVE_WITH_KNOTS('',2,(#1072,#1073,#1074),
  .UNSPECIFIED.,.F.,.F.,(3,3),(0.,1.),.PIECEWISE_BEZIER_KNOTS.);
#1072 = CARTESIAN_POINT('',(-2.190673828125,95.917358398438,4.));
#1073 = CARTESIAN_POINT('',(-2.190673828125,96.268920898438,4.));
#1074 = CARTESIAN_POINT('',(-1.93798828125,96.508422851562,4.));
#1075 = PCURVE('',#98,#1076);
#1076 = DEFINITIONAL_REPRESENTATION('',(#1077),#1081);
#1077 = B_SPLINE_CURVE_WITH_KNOTS('',2,(#1078,#1079,#1080),
  .UNSPECIFIED.,.F.,.F.,(3,3),(0.,1.),.PIECEWISE_BEZIER_KNOTS.);
#1078 = CARTESIAN_POINT('',(-2.190673826766,-15.58264160156));
#1079 = CARTESIAN_POINT('',(-2.190673826766,-15.23107910156));
#1080 = CARTESIAN_POINT('',(-1.937988279891,-14.99157714843));
#1081 = ( GEOMETRIC_REPRESENTATION_CONTEXT(2) 
PARAMETRIC_REPRESENTATION_CONTEXT() REPRESENTATION_CONTEXT('2D SPACE',''
  ) );
#1082 = PCURVE('',#1083,#1090);
#1083 = SURFACE_OF_LINEAR_EXTRUSION('',#1084,#1088);
#1084 = B_SPLINE_CURVE_WITH_KNOTS('',2,(#1085,#1086,#1087),
  .UNSPECIFIED.,.F.,.F.,(3,3),(0.,1.),.PIECEWISE_BEZIER_KNOTS.);
#1085 = CARTESIAN_POINT('',(-2.190673828125,95.917358398438,4.));
#1086 = CARTESIAN_POINT('',(-2.190673828125,96.268920898438,4.));
#1087 = CARTESIAN_POINT('',(-1.93798828125,96.508422851562,4.));
#1088 = VECTOR('',#1089,1.);
#1089 = DIRECTION('',(0.,0.,1.));
#1090 = DEFINITIONAL_REPRESENTATION('',(#1091),#1095);
#1091 = LINE('',#1092,#1093);
#1092 = CARTESIAN_POINT('',(0.,0.));
#1093 = VECTOR('',#1094,1.);
#1094 = DIRECTION('',(1.,0.));
#1095 = ( GEOMETRIC_REPRESENTATION_CONTEXT(2) 
PARAMETRIC_REPRESENTATION_CONTEXT() REPRESENTATION_CONTEXT('2D SPACE',''
  ) );
#1096 = ORIENTED_EDGE('',*,*,#1097,.T.);
#1097 = EDGE_CURVE('',#1068,#1098,#1100,.T.);
#1098 = VERTEX_POINT('',#1099);
#1099 = CARTESIAN_POINT('',(-1.265625,96.747924804688,4.));
#1100 = SURFACE_CURVE('',#1101,(#1105,#1112),.PCURVE_S1.);
#1101 = B_SPLINE_CURVE_WITH_KNOTS('',2,(#1102,#1103,#1104),
  .UNSPECIFIED.,.F.,.F.,(3,3),(0.,1.),.PIECEWISE_BEZIER_KNOTS.);
#1102 = CARTESIAN_POINT('',(-1.93798828125,96.508422851562,4.));
#1103 = CARTESIAN_POINT('',(-1.685302734375,96.747924804688,4.));
#1104 = CARTESIAN_POINT('',(-1.265625,96.747924804688,4.));
#1105 = PCURVE('',#98,#1106);
#1106 = DEFINITIONAL_REPRESENTATION('',(#1107),#1111);
#1107 = B_SPLINE_CURVE_WITH_KNOTS('',2,(#1108,#1109,#1110),
  .UNSPECIFIED.,.F.,.F.,(3,3),(0.,1.),.PIECEWISE_BEZIER_KNOTS.);
#1108 = CARTESIAN_POINT('',(-1.937988279891,-14.99157714843));
#1109 = CARTESIAN_POINT('',(-1.685302733016,-14.75207519531));
#1110 = CARTESIAN_POINT('',(-1.265624998641,-14.75207519531));
#1111 = ( GEOMETRIC_REPRESENTATION_CONTEXT(2) 
PARAMETRIC_REPRESENTATION_CONTEXT() REPRESENTATION_CONTEXT('2D SPACE',''
  ) );
#1112 = PCURVE('',#1113,#1120);
#1113 = SURFACE_OF_LINEAR_EXTRUSION('',#1114,#1118);
#1114 = B_SPLINE_CURVE_WITH_KNOTS('',2,(#1115,#1116,#1117),
  .UNSPECIFIED.,.F.,.F.,(3,3),(0.,1.),.PIECEWISE_BEZIER_KNOTS.);
#1115 = CARTESIAN_POINT('',(-1.93798828125,96.508422851562,4.));
#1116 = CARTESIAN_POINT('',(-1.685302734375,96.747924804688,4.));
#1117 = CARTESIAN_POINT('',(-1.265625,96.747924804688,4.));
#1118 = VECTOR('',#1119,1.);
#1119 = DIRECTION('',(0.,0.,1.));
#1120 = DEFINITIONAL_REPRESENTATION('',(#1121),#1125);
#1121 = LINE('',#1122,#1123);
#1122 = CARTESIAN_POINT('',(0.,0.));
#1123 = VECTOR('',#1124,1.);
#1124 = DIRECTION('',(1.,0.));
#1125 = ( GEOMETRIC_REPRESENTATION_CONTEXT(2) 
PARAMETRIC_REPRESENTATION_CONTEXT() REPRESENTATION_CONTEXT('2D SPACE',''
  ) );
#1126 = ORIENTED_EDGE('',*,*,#1127,.T.);
#1127 = EDGE_CURVE('',#1098,#1128,#1130,.T.);
#1128 = VERTEX_POINT('',#1129);
#1129 = CARTESIAN_POINT('',(-0.586669921875,96.5029296875,4.));
#1130 = SURFACE_CURVE('',#1131,(#1135,#1142),.PCURVE_S1.);
#1131 = B_SPLINE_CURVE_WITH_KNOTS('',2,(#1132,#1133,#1134),
  .UNSPECIFIED.,.F.,.F.,(3,3),(0.,1.),.PIECEWISE_BEZIER_KNOTS.);
#1132 = CARTESIAN_POINT('',(-1.265625,96.747924804688,4.));
#1133 = CARTESIAN_POINT('',(-0.84375,96.747924804688,4.));
#1134 = CARTESIAN_POINT('',(-0.586669921875,96.5029296875,4.));
#1135 = PCURVE('',#98,#1136);
#1136 = DEFINITIONAL_REPRESENTATION('',(#1137),#1141);
#1137 = B_SPLINE_CURVE_WITH_KNOTS('',2,(#1138,#1139,#1140),
  .UNSPECIFIED.,.F.,.F.,(3,3),(0.,1.),.PIECEWISE_BEZIER_KNOTS.);
#1138 = CARTESIAN_POINT('',(-1.265624998641,-14.75207519531));
#1139 = CARTESIAN_POINT('',(-0.843749998641,-14.75207519531));
#1140 = CARTESIAN_POINT('',(-0.586669920516,-14.9970703125));
#1141 = ( GEOMETRIC_REPRESENTATION_CONTEXT(2) 
PARAMETRIC_REPRESENTATION_CONTEXT() REPRESENTATION_CONTEXT('2D SPACE',''
  ) );
#1142 = PCURVE('',#1143,#1150);
#1143 = SURFACE_OF_LINEAR_EXTRUSION('',#1144,#1148);
#1144 = B_SPLINE_CURVE_WITH_KNOTS('',2,(#1145,#1146,#1147),
  .UNSPECIFIED.,.F.,.F.,(3,3),(0.,1.),.PIECEWISE_BEZIER_KNOTS.);
#1145 = CARTESIAN_POINT('',(-1.265625,96.747924804688,4.));
#1146 = CARTESIAN_POINT('',(-0.84375,96.747924804688,4.));
#1147 = CARTESIAN_POINT('',(-0.586669921875,96.5029296875,4.));
#1148 = VECTOR('',#1149,1.);
#1149 = DIRECTION('',(0.,0.,1.));
#1150 = DEFINITIONAL_REPRESENTATION('',(#1151),#1155);
#1151 = LINE('',#1152,#1153);
#1152 = CARTESIAN_POINT('',(0.,0.));
#1153 = VECTOR('',#1154,1.);
#1154 = DIRECTION('',(1.,0.));
#1155 = ( GEOMETRIC_REPRESENTATION_CONTEXT(2) 
PARAMETRIC_REPRESENTATION_CONTEXT() REPRESENTATION_CONTEXT('2D SPACE',''
  ) );
#1156 = ORIENTED_EDGE('',*,*,#1157,.T.);
#1157 = EDGE_CURVE('',#1128,#1158,#1160,.T.);
#1158 = VERTEX_POINT('',#1159);
#1159 = CARTESIAN_POINT('',(-0.32958984375,95.906372070312,4.));
#1160 = SURFACE_CURVE('',#1161,(#1165,#1172),.PCURVE_S1.);
#1161 = B_SPLINE_CURVE_WITH_KNOTS('',2,(#1162,#1163,#1164),
  .UNSPECIFIED.,.F.,.F.,(3,3),(0.,1.),.PIECEWISE_BEZIER_KNOTS.);
#1162 = CARTESIAN_POINT('',(-0.586669921875,96.5029296875,4.));
#1163 = CARTESIAN_POINT('',(-0.32958984375,96.257934570312,4.));
#1164 = CARTESIAN_POINT('',(-0.32958984375,95.906372070312,4.));
#1165 = PCURVE('',#98,#1166);
#1166 = DEFINITIONAL_REPRESENTATION('',(#1167),#1171);
#1167 = B_SPLINE_CURVE_WITH_KNOTS('',2,(#1168,#1169,#1170),
  .UNSPECIFIED.,.F.,.F.,(3,3),(0.,1.),.PIECEWISE_BEZIER_KNOTS.);
#1168 = CARTESIAN_POINT('',(-0.586669920516,-14.9970703125));
#1169 = CARTESIAN_POINT('',(-0.329589842391,-15.24206542968));
#1170 = CARTESIAN_POINT('',(-0.329589842391,-15.59362792968));
#1171 = ( GEOMETRIC_REPRESENTATION_CONTEXT(2) 
PARAMETRIC_REPRESENTATION_CONTEXT() REPRESENTATION_CONTEXT('2D SPACE',''
  ) );
#1172 = PCURVE('',#1173,#1180);
#1173 = SURFACE_OF_LINEAR_EXTRUSION('',#1174,#1178);
#1174 = B_SPLINE_CURVE_WITH_KNOTS('',2,(#1175,#1176,#1177),
  .UNSPECIFIED.,.F.,.F.,(3,3),(0.,1.),.PIECEWISE_BEZIER_KNOTS.);
#1175 = CARTESIAN_POINT('',(-0.586669921875,96.5029296875,4.));
#1176 = CARTESIAN_POINT('',(-0.32958984375,96.257934570312,4.));
#1177 = CARTESIAN_POINT('',(-0.32958984375,95.906372070312,4.));
#1178 = VECTOR('',#1179,1.);
#1179 = DIRECTION('',(0.,0.,1.));
#1180 = DEFINITIONAL_REPRESENTATION('',(#1181),#1185);
#1181 = LINE('',#1182,#1183);
#1182 = CARTESIAN_POINT('',(0.,0.));
#1183 = VECTOR('',#1184,1.);
#1184 = DIRECTION('',(1.,0.));
#1185 = ( GEOMETRIC_REPRESENTATION_CONTEXT(2) 
PARAMETRIC_REPRESENTATION_CONTEXT() REPRESENTATION_CONTEXT('2D SPACE',''
  ) );
#1186 = ORIENTED_EDGE('',*,*,#1187,.T.);
#1187 = EDGE_CURVE('',#1158,#1188,#1190,.T.);
#1188 = VERTEX_POINT('',#1189);
#1189 = CARTESIAN_POINT('',(-0.447143554688,95.516357421875,4.));
#1190 = SURFACE_CURVE('',#1191,(#1195,#1202),.PCURVE_S1.);
#1191 = B_SPLINE_CURVE_WITH_KNOTS('',2,(#1192,#1193,#1194),
  .UNSPECIFIED.,.F.,.F.,(3,3),(0.,1.),.PIECEWISE_BEZIER_KNOTS.);
#1192 = CARTESIAN_POINT('',(-0.32958984375,95.906372070312,4.));
#1193 = CARTESIAN_POINT('',(-0.32958984375,95.682250976562,4.));
#1194 = CARTESIAN_POINT('',(-0.447143554688,95.516357421875,4.));
#1195 = PCURVE('',#98,#1196);
#1196 = DEFINITIONAL_REPRESENTATION('',(#1197),#1201);
#1197 = B_SPLINE_CURVE_WITH_KNOTS('',2,(#1198,#1199,#1200),
  .UNSPECIFIED.,.F.,.F.,(3,3),(0.,1.),.PIECEWISE_BEZIER_KNOTS.);
#1198 = CARTESIAN_POINT('',(-0.329589842391,-15.59362792968));
#1199 = CARTESIAN_POINT('',(-0.329589842391,-15.81774902343));
#1200 = CARTESIAN_POINT('',(-0.447143553329,-15.98364257812));
#1201 = ( GEOMETRIC_REPRESENTATION_CONTEXT(2) 
PARAMETRIC_REPRESENTATION_CONTEXT() REPRESENTATION_CONTEXT('2D SPACE',''
  ) );
#1202 = PCURVE('',#1203,#1210);
#1203 = SURFACE_OF_LINEAR_EXTRUSION('',#1204,#1208);
#1204 = B_SPLINE_CURVE_WITH_KNOTS('',2,(#1205,#1206,#1207),
  .UNSPECIFIED.,.F.,.F.,(3,3),(0.,1.),.PIECEWISE_BEZIER_KNOTS.);
#1205 = CARTESIAN_POINT('',(-0.32958984375,95.906372070312,4.));
#1206 = CARTESIAN_POINT('',(-0.32958984375,95.682250976562,4.));
#1207 = CARTESIAN_POINT('',(-0.447143554688,95.516357421875,4.));
#1208 = VECTOR('',#1209,1.);
#1209 = DIRECTION('',(0.,0.,1.));
#1210 = DEFINITIONAL_REPRESENTATION('',(#1211),#1215);
#1211 = LINE('',#1212,#1213);
#1212 = CARTESIAN_POINT('',(0.,0.));
#1213 = VECTOR('',#1214,1.);
#1214 = DIRECTION('',(1.,0.));
#1215 = ( GEOMETRIC_REPRESENTATION_CONTEXT(2) 
PARAMETRIC_REPRESENTATION_CONTEXT() REPRESENTATION_CONTEXT('2D SPACE',''
  ) );
#1216 = ORIENTED_EDGE('',*,*,#1217,.T.);
#1217 = EDGE_CURVE('',#1188,#1218,#1220,.T.);
#1218 = VERTEX_POINT('',#1219);
#1219 = CARTESIAN_POINT('',(-0.80419921875,95.260375976562,4.));
#1220 = SURFACE_CURVE('',#1221,(#1225,#1232),.PCURVE_S1.);
#1221 = B_SPLINE_CURVE_WITH_KNOTS('',2,(#1222,#1223,#1224),
  .UNSPECIFIED.,.F.,.F.,(3,3),(0.,1.),.PIECEWISE_BEZIER_KNOTS.);
#1222 = CARTESIAN_POINT('',(-0.447143554688,95.516357421875,4.));
#1223 = CARTESIAN_POINT('',(-0.564697265625,95.350463867188,4.));
#1224 = CARTESIAN_POINT('',(-0.80419921875,95.260375976562,4.));
#1225 = PCURVE('',#98,#1226);
#1226 = DEFINITIONAL_REPRESENTATION('',(#1227),#1231);
#1227 = B_SPLINE_CURVE_WITH_KNOTS('',2,(#1228,#1229,#1230),
  .UNSPECIFIED.,.F.,.F.,(3,3),(0.,1.),.PIECEWISE_BEZIER_KNOTS.);
#1228 = CARTESIAN_POINT('',(-0.447143553329,-15.98364257812));
#1229 = CARTESIAN_POINT('',(-0.564697264266,-16.14953613281));
#1230 = CARTESIAN_POINT('',(-0.804199217391,-16.23962402343));
#1231 = ( GEOMETRIC_REPRESENTATION_CONTEXT(2) 
PARAMETRIC_REPRESENTATION_CONTEXT() REPRESENTATION_CONTEXT('2D SPACE',''
  ) );
#1232 = PCURVE('',#1233,#1240);
#1233 = SURFACE_OF_LINEAR_EXTRUSION('',#1234,#1238);
#1234 = B_SPLINE_CURVE_WITH_KNOTS('',2,(#1235,#1236,#1237),
  .UNSPECIFIED.,.F.,.F.,(3,3),(0.,1.),.PIECEWISE_BEZIER_KNOTS.);
#1235 = CARTESIAN_POINT('',(-0.447143554688,95.516357421875,4.));
#1236 = CARTESIAN_POINT('',(-0.564697265625,95.350463867188,4.));
#1237 = CARTESIAN_POINT('',(-0.80419921875,95.260375976562,4.));
#1238 = VECTOR('',#1239,1.);
#1239 = DIRECTION('',(0.,0.,1.));
#1240 = DEFINITIONAL_REPRESENTATION('',(#1241),#1245);
#1241 = LINE('',#1242,#1243);
#1242 = CARTESIAN_POINT('',(0.,0.));
#1243 = VECTOR('',#1244,1.);
#1244 = DIRECTION('',(1.,0.));
#1245 = ( GEOMETRIC_REPRESENTATION_CONTEXT(2) 
PARAMETRIC_REPRESENTATION_CONTEXT() REPRESENTATION_CONTEXT('2D SPACE',''
  ) );
#1246 = ORIENTED_EDGE('',*,*,#1247,.T.);
#1247 = EDGE_CURVE('',#1218,#1248,#1250,.T.);
#1248 = VERTEX_POINT('',#1249);
#1249 = CARTESIAN_POINT('',(-0.352661132812,94.948364257812,4.));
#1250 = SURFACE_CURVE('',#1251,(#1255,#1262),.PCURVE_S1.);
#1251 = B_SPLINE_CURVE_WITH_KNOTS('',2,(#1252,#1253,#1254),
  .UNSPECIFIED.,.F.,.F.,(3,3),(0.,1.),.PIECEWISE_BEZIER_KNOTS.);
#1252 = CARTESIAN_POINT('',(-0.80419921875,95.260375976562,4.));
#1253 = CARTESIAN_POINT('',(-0.507568359375,95.163696289062,4.));
#1254 = CARTESIAN_POINT('',(-0.352661132812,94.948364257812,4.));
#1255 = PCURVE('',#98,#1256);
#1256 = DEFINITIONAL_REPRESENTATION('',(#1257),#1261);
#1257 = B_SPLINE_CURVE_WITH_KNOTS('',2,(#1258,#1259,#1260),
  .UNSPECIFIED.,.F.,.F.,(3,3),(0.,1.),.PIECEWISE_BEZIER_KNOTS.);
#1258 = CARTESIAN_POINT('',(-0.804199217391,-16.23962402343));
#1259 = CARTESIAN_POINT('',(-0.507568358016,-16.33630371093));
#1260 = CARTESIAN_POINT('',(-0.352661131454,-16.55163574218));
#1261 = ( GEOMETRIC_REPRESENTATION_CONTEXT(2) 
PARAMETRIC_REPRESENTATION_CONTEXT() REPRESENTATION_CONTEXT('2D SPACE',''
  ) );
#1262 = PCURVE('',#1263,#1270);
#1263 = SURFACE_OF_LINEAR_EXTRUSION('',#1264,#1268);
#1264 = B_SPLINE_CURVE_WITH_KNOTS('',2,(#1265,#1266,#1267),
  .UNSPECIFIED.,.F.,.F.,(3,3),(0.,1.),.PIECEWISE_BEZIER_KNOTS.);
#1265 = CARTESIAN_POINT('',(-0.80419921875,95.260375976562,4.));
#1266 = CARTESIAN_POINT('',(-0.507568359375,95.163696289062,4.));
#1267 = CARTESIAN_POINT('',(-0.352661132812,94.948364257812,4.));
#1268 = VECTOR('',#1269,1.);
#1269 = DIRECTION('',(0.,0.,1.));
#1270 = DEFINITIONAL_REPRESENTATION('',(#1271),#1275);
#1271 = LINE('',#1272,#1273);
#1272 = CARTESIAN_POINT('',(0.,0.));
#1273 = VECTOR('',#1274,1.);
#1274 = DIRECTION('',(1.,0.));
#1275 = ( GEOMETRIC_REPRESENTATION_CONTEXT(2) 
PARAMETRIC_REPRESENTATION_CONTEXT() REPRESENTATION_CONTEXT('2D SPACE',''
  ) );
#1276 = ORIENTED_EDGE('',*,*,#1277,.T.);
#1277 = EDGE_CURVE('',#1248,#1278,#1280,.T.);
#1278 = VERTEX_POINT('',#1279);
#1279 = CARTESIAN_POINT('',(-0.19775390625,94.434204101562,4.));
#1280 = SURFACE_CURVE('',#1281,(#1285,#1292),.PCURVE_S1.);
#1281 = B_SPLINE_CURVE_WITH_KNOTS('',2,(#1282,#1283,#1284),
  .UNSPECIFIED.,.F.,.F.,(3,3),(0.,1.),.PIECEWISE_BEZIER_KNOTS.);
#1282 = CARTESIAN_POINT('',(-0.352661132812,94.948364257812,4.));
#1283 = CARTESIAN_POINT('',(-0.19775390625,94.733032226562,4.));
#1284 = CARTESIAN_POINT('',(-0.19775390625,94.434204101562,4.));
#1285 = PCURVE('',#98,#1286);
#1286 = DEFINITIONAL_REPRESENTATION('',(#1287),#1291);
#1287 = B_SPLINE_CURVE_WITH_KNOTS('',2,(#1288,#1289,#1290),
  .UNSPECIFIED.,.F.,.F.,(3,3),(0.,1.),.PIECEWISE_BEZIER_KNOTS.);
#1288 = CARTESIAN_POINT('',(-0.352661131454,-16.55163574218));
#1289 = CARTESIAN_POINT('',(-0.197753904891,-16.76696777343));
#1290 = CARTESIAN_POINT('',(-0.197753904891,-17.06579589843));
#1291 = ( GEOMETRIC_REPRESENTATION_CONTEXT(2) 
PARAMETRIC_REPRESENTATION_CONTEXT() REPRESENTATION_CONTEXT('2D SPACE',''
  ) );
#1292 = PCURVE('',#1293,#1300);
#1293 = SURFACE_OF_LINEAR_EXTRUSION('',#1294,#1298);
#1294 = B_SPLINE_CURVE_WITH_KNOTS('',2,(#1295,#1296,#1297),
  .UNSPECIFIED.,.F.,.F.,(3,3),(0.,1.),.PIECEWISE_BEZIER_KNOTS.);
#1295 = CARTESIAN_POINT('',(-0.352661132812,94.948364257812,4.));
#1296 = CARTESIAN_POINT('',(-0.19775390625,94.733032226562,4.));
#1297 = CARTESIAN_POINT('',(-0.19775390625,94.434204101562,4.));
#1298 = VECTOR('',#1299,1.);
#1299 = DIRECTION('',(0.,0.,1.));
#1300 = DEFINITIONAL_REPRESENTATION('',(#1301),#1305);
#1301 = LINE('',#1302,#1303);
#1302 = CARTESIAN_POINT('',(0.,0.));
#1303 = VECTOR('',#1304,1.);
#1304 = DIRECTION('',(1.,0.));
#1305 = ( GEOMETRIC_REPRESENTATION_CONTEXT(2) 
PARAMETRIC_REPRESENTATION_CONTEXT() REPRESENTATION_CONTEXT('2D SPACE',''
  ) );
#1306 = ORIENTED_EDGE('',*,*,#1307,.T.);
#1307 = EDGE_CURVE('',#1278,#1308,#1310,.T.);
#1308 = VERTEX_POINT('',#1309);
#1309 = CARTESIAN_POINT('',(-0.489990234375,93.739868164062,4.));
#1310 = SURFACE_CURVE('',#1311,(#1315,#1322),.PCURVE_S1.);
#1311 = B_SPLINE_CURVE_WITH_KNOTS('',2,(#1312,#1313,#1314),
  .UNSPECIFIED.,.F.,.F.,(3,3),(0.,1.),.PIECEWISE_BEZIER_KNOTS.);
#1312 = CARTESIAN_POINT('',(-0.19775390625,94.434204101562,4.));
#1313 = CARTESIAN_POINT('',(-0.19775390625,94.021118164062,4.));
#1314 = CARTESIAN_POINT('',(-0.489990234375,93.739868164062,4.));
#1315 = PCURVE('',#98,#1316);
#1316 = DEFINITIONAL_REPRESENTATION('',(#1317),#1321);
#1317 = B_SPLINE_CURVE_WITH_KNOTS('',2,(#1318,#1319,#1320),
  .UNSPECIFIED.,.F.,.F.,(3,3),(0.,1.),.PIECEWISE_BEZIER_KNOTS.);
#1318 = CARTESIAN_POINT('',(-0.197753904891,-17.06579589843));
#1319 = CARTESIAN_POINT('',(-0.197753904891,-17.47888183593));
#1320 = CARTESIAN_POINT('',(-0.489990233016,-17.76013183593));
#1321 = ( GEOMETRIC_REPRESENTATION_CONTEXT(2) 
PARAMETRIC_REPRESENTATION_CONTEXT() REPRESENTATION_CONTEXT('2D SPACE',''
  ) );
#1322 = PCURVE('',#1323,#1330);
#1323 = SURFACE_OF_LINEAR_EXTRUSION('',#1324,#1328);
#1324 = B_SPLINE_CURVE_WITH_KNOTS('',2,(#1325,#1326,#1327),
  .UNSPECIFIED.,.F.,.F.,(3,3),(0.,1.),.PIECEWISE_BEZIER_KNOTS.);
#1325 = CARTESIAN_POINT('',(-0.19775390625,94.434204101562,4.));
#1326 = CARTESIAN_POINT('',(-0.19775390625,94.021118164062,4.));
#1327 = CARTESIAN_POINT('',(-0.489990234375,93.739868164062,4.));
#1328 = VECTOR('',#1329,1.);
#1329 = DIRECTION('',(0.,0.,1.));
#1330 = DEFINITIONAL_REPRESENTATION('',(#1331),#1335);
#1331 = LINE('',#1332,#1333);
#1332 = CARTESIAN_POINT('',(0.,0.));
#1333 = VECTOR('',#1334,1.);
#1334 = DIRECTION('',(1.,0.));
#1335 = ( GEOMETRIC_REPRESENTATION_CONTEXT(2) 
PARAMETRIC_REPRESENTATION_CONTEXT() REPRESENTATION_CONTEXT('2D SPACE',''
  ) );
#1336 = ORIENTED_EDGE('',*,*,#1337,.T.);
#1337 = EDGE_CURVE('',#1308,#1338,#1340,.T.);
#1338 = VERTEX_POINT('',#1339);
#1339 = CARTESIAN_POINT('',(-1.259033203125,93.458618164062,4.));
#1340 = SURFACE_CURVE('',#1341,(#1345,#1352),.PCURVE_S1.);
#1341 = B_SPLINE_CURVE_WITH_KNOTS('',2,(#1342,#1343,#1344),
  .UNSPECIFIED.,.F.,.F.,(3,3),(0.,1.),.PIECEWISE_BEZIER_KNOTS.);
#1342 = CARTESIAN_POINT('',(-0.489990234375,93.739868164062,4.));
#1343 = CARTESIAN_POINT('',(-0.7822265625,93.458618164062,4.));
#1344 = CARTESIAN_POINT('',(-1.259033203125,93.458618164062,4.));
#1345 = PCURVE('',#98,#1346);
#1346 = DEFINITIONAL_REPRESENTATION('',(#1347),#1351);
#1347 = B_SPLINE_CURVE_WITH_KNOTS('',2,(#1348,#1349,#1350),
  .UNSPECIFIED.,.F.,.F.,(3,3),(0.,1.),.PIECEWISE_BEZIER_KNOTS.);
#1348 = CARTESIAN_POINT('',(-0.489990233016,-17.76013183593));
#1349 = CARTESIAN_POINT('',(-0.782226561141,-18.04138183593));
#1350 = CARTESIAN_POINT('',(-1.259033201766,-18.04138183593));
#1351 = ( GEOMETRIC_REPRESENTATION_CONTEXT(2) 
PARAMETRIC_REPRESENTATION_CONTEXT() REPRESENTATION_CONTEXT('2D SPACE',''
  ) );
#1352 = PCURVE('',#1353,#1360);
#1353 = SURFACE_OF_LINEAR_EXTRUSION('',#1354,#1358);
#1354 = B_SPLINE_CURVE_WITH_KNOTS('',2,(#1355,#1356,#1357),
  .UNSPECIFIED.,.F.,.F.,(3,3),(0.,1.),.PIECEWISE_BEZIER_KNOTS.);
#1355 = CARTESIAN_POINT('',(-0.489990234375,93.739868164062,4.));
#1356 = CARTESIAN_POINT('',(-0.7822265625,93.458618164062,4.));
#1357 = CARTESIAN_POINT('',(-1.259033203125,93.458618164062,4.));
#1358 = VECTOR('',#1359,1.);
#1359 = DIRECTION('',(0.,0.,1.));
#1360 = DEFINITIONAL_REPRESENTATION('',(#1361),#1365);
#1361 = LINE('',#1362,#1363);
#1362 = CARTESIAN_POINT('',(0.,0.));
#1363 = VECTOR('',#1364,1.);
#1364 = DIRECTION('',(1.,0.));
#1365 = ( GEOMETRIC_REPRESENTATION_CONTEXT(2) 
PARAMETRIC_REPRESENTATION_CONTEXT() REPRESENTATION_CONTEXT('2D SPACE',''
  ) );
#1366 = ORIENTED_EDGE('',*,*,#1367,.T.);
#1367 = EDGE_CURVE('',#1338,#1368,#1370,.T.);
#1368 = VERTEX_POINT('',#1369);
#1369 = CARTESIAN_POINT('',(-2.028076171875,93.740966796875,4.));
#1370 = SURFACE_CURVE('',#1371,(#1375,#1382),.PCURVE_S1.);
#1371 = B_SPLINE_CURVE_WITH_KNOTS('',2,(#1372,#1373,#1374),
  .UNSPECIFIED.,.F.,.F.,(3,3),(0.,1.),.PIECEWISE_BEZIER_KNOTS.);
#1372 = CARTESIAN_POINT('',(-1.259033203125,93.458618164062,4.));
#1373 = CARTESIAN_POINT('',(-1.73583984375,93.458618164062,4.));
#1374 = CARTESIAN_POINT('',(-2.028076171875,93.740966796875,4.));
#1375 = PCURVE('',#98,#1376);
#1376 = DEFINITIONAL_REPRESENTATION('',(#1377),#1381);
#1377 = B_SPLINE_CURVE_WITH_KNOTS('',2,(#1378,#1379,#1380),
  .UNSPECIFIED.,.F.,.F.,(3,3),(0.,1.),.PIECEWISE_BEZIER_KNOTS.);
#1378 = CARTESIAN_POINT('',(-1.259033201766,-18.04138183593));
#1379 = CARTESIAN_POINT('',(-1.735839842391,-18.04138183593));
#1380 = CARTESIAN_POINT('',(-2.028076170516,-17.75903320312));
#1381 = ( GEOMETRIC_REPRESENTATION_CONTEXT(2) 
PARAMETRIC_REPRESENTATION_CONTEXT() REPRESENTATION_CONTEXT('2D SPACE',''
  ) );
#1382 = PCURVE('',#1383,#1390);
#1383 = SURFACE_OF_LINEAR_EXTRUSION('',#1384,#1388);
#1384 = B_SPLINE_CURVE_WITH_KNOTS('',2,(#1385,#1386,#1387),
  .UNSPECIFIED.,.F.,.F.,(3,3),(0.,1.),.PIECEWISE_BEZIER_KNOTS.);
#1385 = CARTESIAN_POINT('',(-1.259033203125,93.458618164062,4.));
#1386 = CARTESIAN_POINT('',(-1.73583984375,93.458618164062,4.));
#1387 = CARTESIAN_POINT('',(-2.028076171875,93.740966796875,4.));
#1388 = VECTOR('',#1389,1.);
#1389 = DIRECTION('',(0.,0.,1.));
#1390 = DEFINITIONAL_REPRESENTATION('',(#1391),#1395);
#1391 = LINE('',#1392,#1393);
#1392 = CARTESIAN_POINT('',(0.,0.));
#1393 = VECTOR('',#1394,1.);
#1394 = DIRECTION('',(1.,0.));
#1395 = ( GEOMETRIC_REPRESENTATION_CONTEXT(2) 
PARAMETRIC_REPRESENTATION_CONTEXT() REPRESENTATION_CONTEXT('2D SPACE',''
  ) );
#1396 = ORIENTED_EDGE('',*,*,#1397,.T.);
#1397 = EDGE_CURVE('',#1368,#1398,#1400,.T.);
#1398 = VERTEX_POINT('',#1399);
#1399 = CARTESIAN_POINT('',(-2.3203125,94.445190429688,4.));
#1400 = SURFACE_CURVE('',#1401,(#1405,#1412),.PCURVE_S1.);
#1401 = B_SPLINE_CURVE_WITH_KNOTS('',2,(#1402,#1403,#1404),
  .UNSPECIFIED.,.F.,.F.,(3,3),(0.,1.),.PIECEWISE_BEZIER_KNOTS.);
#1402 = CARTESIAN_POINT('',(-2.028076171875,93.740966796875,4.));
#1403 = CARTESIAN_POINT('',(-2.3203125,94.023315429688,4.));
#1404 = CARTESIAN_POINT('',(-2.3203125,94.445190429688,4.));
#1405 = PCURVE('',#98,#1406);
#1406 = DEFINITIONAL_REPRESENTATION('',(#1407),#1411);
#1407 = B_SPLINE_CURVE_WITH_KNOTS('',2,(#1408,#1409,#1410),
  .UNSPECIFIED.,.F.,.F.,(3,3),(0.,1.),.PIECEWISE_BEZIER_KNOTS.);
#1408 = CARTESIAN_POINT('',(-2.028076170516,-17.75903320312));
#1409 = CARTESIAN_POINT('',(-2.320312498641,-17.47668457031));
#1410 = CARTESIAN_POINT('',(-2.320312498641,-17.05480957031));
#1411 = ( GEOMETRIC_REPRESENTATION_CONTEXT(2) 
PARAMETRIC_REPRESENTATION_CONTEXT() REPRESENTATION_CONTEXT('2D SPACE',''
  ) );
#1412 = PCURVE('',#1413,#1420);
#1413 = SURFACE_OF_LINEAR_EXTRUSION('',#1414,#1418);
#1414 = B_SPLINE_CURVE_WITH_KNOTS('',2,(#1415,#1416,#1417),
  .UNSPECIFIED.,.F.,.F.,(3,3),(0.,1.),.PIECEWISE_BEZIER_KNOTS.);
#1415 = CARTESIAN_POINT('',(-2.028076171875,93.740966796875,4.));
#1416 = CARTESIAN_POINT('',(-2.3203125,94.023315429688,4.));
#1417 = CARTESIAN_POINT('',(-2.3203125,94.445190429688,4.));
#1418 = VECTOR('',#1419,1.);
#1419 = DIRECTION('',(0.,0.,1.));
#1420 = DEFINITIONAL_REPRESENTATION('',(#1421),#1425);
#1421 = LINE('',#1422,#1423);
#1422 = CARTESIAN_POINT('',(0.,0.));
#1423 = VECTOR('',#1424,1.);
#1424 = DIRECTION('',(1.,0.));
#1425 = ( GEOMETRIC_REPRESENTATION_CONTEXT(2) 
PARAMETRIC_REPRESENTATION_CONTEXT() REPRESENTATION_CONTEXT('2D SPACE',''
  ) );
#1426 = ORIENTED_EDGE('',*,*,#1427,.T.);
#1427 = EDGE_CURVE('',#1398,#976,#1428,.T.);
#1428 = SURFACE_CURVE('',#1429,(#1433,#1440),.PCURVE_S1.);
#1429 = B_SPLINE_CURVE_WITH_KNOTS('',2,(#1430,#1431,#1432),
  .UNSPECIFIED.,.F.,.F.,(3,3),(0.,1.),.PIECEWISE_BEZIER_KNOTS.);
#1430 = CARTESIAN_POINT('',(-2.3203125,94.445190429688,4.));
#1431 = CARTESIAN_POINT('',(-2.3203125,94.759399414062,4.));
#1432 = CARTESIAN_POINT('',(-2.161010742188,94.971435546875,4.));
#1433 = PCURVE('',#98,#1434);
#1434 = DEFINITIONAL_REPRESENTATION('',(#1435),#1439);
#1435 = B_SPLINE_CURVE_WITH_KNOTS('',2,(#1436,#1437,#1438),
  .UNSPECIFIED.,.F.,.F.,(3,3),(0.,1.),.PIECEWISE_BEZIER_KNOTS.);
#1436 = CARTESIAN_POINT('',(-2.320312498641,-17.05480957031));
#1437 = CARTESIAN_POINT('',(-2.320312498641,-16.74060058593));
#1438 = CARTESIAN_POINT('',(-2.161010740829,-16.52856445312));
#1439 = ( GEOMETRIC_REPRESENTATION_CONTEXT(2) 
PARAMETRIC_REPRESENTATION_CONTEXT() REPRESENTATION_CONTEXT('2D SPACE',''
  ) );
#1440 = PCURVE('',#1441,#1448);
#1441 = SURFACE_OF_LINEAR_EXTRUSION('',#1442,#1446);
#1442 = B_SPLINE_CURVE_WITH_KNOTS('',2,(#1443,#1444,#1445),
  .UNSPECIFIED.,.F.,.F.,(3,3),(0.,1.),.PIECEWISE_BEZIER_KNOTS.);
#1443 = CARTESIAN_POINT('',(-2.3203125,94.445190429688,4.));
#1444 = CARTESIAN_POINT('',(-2.3203125,94.759399414062,4.));
#1445 = CARTESIAN_POINT('',(-2.161010742188,94.971435546875,4.));
#1446 = VECTOR('',#1447,1.);
#1447 = DIRECTION('',(0.,0.,1.));
#1448 = DEFINITIONAL_REPRESENTATION('',(#1449),#1453);
#1449 = LINE('',#1450,#1451);
#1450 = CARTESIAN_POINT('',(0.,0.));
#1451 = VECTOR('',#1452,1.);
#1452 = DIRECTION('',(1.,0.));
#1453 = ( GEOMETRIC_REPRESENTATION_CONTEXT(2) 
PARAMETRIC_REPRESENTATION_CONTEXT() REPRESENTATION_CONTEXT('2D SPACE',''
  ) );
#1454 = FACE_BOUND('',#1455,.T.);
#1455 = EDGE_LOOP('',(#1456));
#1456 = ORIENTED_EDGE('',*,*,#1457,.T.);
#1457 = EDGE_CURVE('',#1458,#1458,#1460,.T.);
#1458 = VERTEX_POINT('',#1459);
#1459 = CARTESIAN_POINT('',(1.7,56.,4.));
#1460 = SURFACE_CURVE('',#1461,(#1466,#1477),.PCURVE_S1.);
#1461 = CIRCLE('',#1462,1.7);
#1462 = AXIS2_PLACEMENT_3D('',#1463,#1464,#1465);
#1463 = CARTESIAN_POINT('',(0.,56.,4.));
#1464 = DIRECTION('',(0.,-0.,-1.));
#1465 = DIRECTION('',(1.,0.,-0.));
#1466 = PCURVE('',#98,#1467);
#1467 = DEFINITIONAL_REPRESENTATION('',(#1468),#1476);
#1468 = ( BOUNDED_CURVE() B_SPLINE_CURVE(2,(#1469,#1470,#1471,#1472,
#1473,#1474,#1475),.UNSPECIFIED.,.T.,.F.) B_SPLINE_CURVE_WITH_KNOTS((1,2
    ,2,2,2,1),(-2.094395102393,0.,2.094395102393,4.188790204786,
6.28318530718,8.377580409573),.UNSPECIFIED.) CURVE() 
GEOMETRIC_REPRESENTATION_ITEM() RATIONAL_B_SPLINE_CURVE((1.,0.5,1.,0.5,
1.,0.5,1.)) REPRESENTATION_ITEM('') );
#1469 = CARTESIAN_POINT('',(1.700000001359,-55.5));
#1470 = CARTESIAN_POINT('',(1.700000001359,-58.44448637286));
#1471 = CARTESIAN_POINT('',(-0.849999998641,-56.97224318643));
#1472 = CARTESIAN_POINT('',(-3.399999998641,-55.5));
#1473 = CARTESIAN_POINT('',(-0.849999998641,-54.02775681356));
#1474 = CARTESIAN_POINT('',(1.700000001359,-52.55551362713));
#1475 = CARTESIAN_POINT('',(1.700000001359,-55.5));
#1476 = ( GEOMETRIC_REPRESENTATION_CONTEXT(2) 
PARAMETRIC_REPRESENTATION_CONTEXT() REPRESENTATION_CONTEXT('2D SPACE',''
  ) );
#1477 = PCURVE('',#353,#1478);
#1478 = DEFINITIONAL_REPRESENTATION('',(#1479),#1483);
#1479 = LINE('',#1480,#1481);
#1480 = CARTESIAN_POINT('',(-6.28318530718,-4.5));
#1481 = VECTOR('',#1482,1.);
#1482 = DIRECTION('',(1.,-0.));
#1483 = ( GEOMETRIC_REPRESENTATION_CONTEXT(2) 
PARAMETRIC_REPRESENTATION_CONTEXT() REPRESENTATION_CONTEXT('2D SPACE',''
  ) );
#1484 = FACE_BOUND('',#1485,.T.);
#1485 = EDGE_LOOP('',(#1486));
#1486 = ORIENTED_EDGE('',*,*,#1487,.T.);
#1487 = EDGE_CURVE('',#1488,#1488,#1490,.T.);
#1488 = VERTEX_POINT('',#1489);
#1489 = CARTESIAN_POINT('',(1.7,65.,4.));
#1490 = SURFACE_CURVE('',#1491,(#1496,#1507),.PCURVE_S1.);
#1491 = CIRCLE('',#1492,1.7);
#1492 = AXIS2_PLACEMENT_3D('',#1493,#1494,#1495);
#1493 = CARTESIAN_POINT('',(0.,65.,4.));
#1494 = DIRECTION('',(0.,-0.,-1.));
#1495 = DIRECTION('',(1.,0.,-0.));
#1496 = PCURVE('',#98,#1497);
#1497 = DEFINITIONAL_REPRESENTATION('',(#1498),#1506);
#1498 = ( BOUNDED_CURVE() B_SPLINE_CURVE(2,(#1499,#1500,#1501,#1502,
#1503,#1504,#1505),.UNSPECIFIED.,.T.,.F.) B_SPLINE_CURVE_WITH_KNOTS((1,2
    ,2,2,2,1),(-2.094395102393,0.,2.094395102393,4.188790204786,
6.28318530718,8.377580409573),.UNSPECIFIED.) CURVE() 
GEOMETRIC_REPRESENTATION_ITEM() RATIONAL_B_SPLINE_CURVE((1.,0.5,1.,0.5,
1.,0.5,1.)) REPRESENTATION_ITEM('') );
#1499 = CARTESIAN_POINT('',(1.700000001359,-46.5));
#1500 = CARTESIAN_POINT('',(1.700000001359,-49.44448637286));
#1501 = CARTESIAN_POINT('',(-0.849999998641,-47.97224318643));
#1502 = CARTESIAN_POINT('',(-3.399999998641,-46.5));
#1503 = CARTESIAN_POINT('',(-0.849999998641,-45.02775681356));
#1504 = CARTESIAN_POINT('',(1.700000001359,-43.55551362713));
#1505 = CARTESIAN_POINT('',(1.700000001359,-46.5));
#1506 = ( GEOMETRIC_REPRESENTATION_CONTEXT(2) 
PARAMETRIC_REPRESENTATION_CONTEXT() REPRESENTATION_CONTEXT('2D SPACE',''
  ) );
#1507 = PCURVE('',#388,#1508);
#1508 = DEFINITIONAL_REPRESENTATION('',(#1509),#1513);
#1509 = LINE('',#1510,#1511);
#1510 = CARTESIAN_POINT('',(-6.28318530718,-4.5));
#1511 = VECTOR('',#1512,1.);
#1512 = DIRECTION('',(1.,-0.));
#1513 = ( GEOMETRIC_REPRESENTATION_CONTEXT(2) 
PARAMETRIC_REPRESENTATION_CONTEXT() REPRESENTATION_CONTEXT('2D SPACE',''
  ) );
#1514 = FACE_BOUND('',#1515,.T.);
#1515 = EDGE_LOOP('',(#1516));
#1516 = ORIENTED_EDGE('',*,*,#1517,.F.);
#1517 = EDGE_CURVE('',#1518,#1518,#1520,.T.);
#1518 = VERTEX_POINT('',#1519);
#1519 = CARTESIAN_POINT('',(11.5,80.,4.));
#1520 = SURFACE_CURVE('',#1521,(#1526,#1533),.PCURVE_S1.);
#1521 = CIRCLE('',#1522,11.5);
#1522 = AXIS2_PLACEMENT_3D('',#1523,#1524,#1525);
#1523 = CARTESIAN_POINT('',(0.,80.,4.));
#1524 = DIRECTION('',(0.,0.,1.));
#1525 = DIRECTION('',(1.,0.,-0.));
#1526 = PCURVE('',#98,#1527);
#1527 = DEFINITIONAL_REPRESENTATION('',(#1528),#1532);
#1528 = CIRCLE('',#1529,11.5);
#1529 = AXIS2_PLACEMENT_2D('',#1530,#1531);
#1530 = CARTESIAN_POINT('',(1.358555489328E-09,-31.5));
#1531 = DIRECTION('',(1.,0.));
#1532 = ( GEOMETRIC_REPRESENTATION_CONTEXT(2) 
PARAMETRIC_REPRESENTATION_CONTEXT() REPRESENTATION_CONTEXT('2D SPACE',''
  ) );
#1533 = PCURVE('',#1534,#1539);
#1534 = CYLINDRICAL_SURFACE('',#1535,11.5);
#1535 = AXIS2_PLACEMENT_3D('',#1536,#1537,#1538);
#1536 = CARTESIAN_POINT('',(0.,80.,4.));
#1537 = DIRECTION('',(-0.,-0.,-1.));
#1538 = DIRECTION('',(1.,0.,-0.));
#1539 = DEFINITIONAL_REPRESENTATION('',(#1540),#1544);
#1540 = LINE('',#1541,#1542);
#1541 = CARTESIAN_POINT('',(-0.,0.));
#1542 = VECTOR('',#1543,1.);
#1543 = DIRECTION('',(-1.,0.));
#1544 = ( GEOMETRIC_REPRESENTATION_CONTEXT(2) 
PARAMETRIC_REPRESENTATION_CONTEXT() REPRESENTATION_CONTEXT('2D SPACE',''
  ) );
#1545 = FACE_BOUND('',#1546,.T.);
#1546 = EDGE_LOOP('',(#1547,#1579,#1609,#1639,#1669,#1699,#1729,#1759,
    #1789,#1819,#1849,#1879));
#1547 = ORIENTED_EDGE('',*,*,#1548,.T.);
#1548 = EDGE_CURVE('',#1549,#1551,#1553,.T.);
#1549 = VERTEX_POINT('',#1550);
#1550 = CARTESIAN_POINT('',(0.50537109375,93.792602539062,4.));
#1551 = VERTEX_POINT('',#1552);
#1552 = CARTESIAN_POINT('',(0.186767578125,95.102172851562,4.));
#1553 = SURFACE_CURVE('',#1554,(#1558,#1565),.PCURVE_S1.);
#1554 = B_SPLINE_CURVE_WITH_KNOTS('',2,(#1555,#1556,#1557),
  .UNSPECIFIED.,.F.,.F.,(3,3),(0.,1.),.PIECEWISE_BEZIER_KNOTS.);
#1555 = CARTESIAN_POINT('',(0.50537109375,93.792602539062,4.));
#1556 = CARTESIAN_POINT('',(0.186767578125,94.194702148438,4.));
#1557 = CARTESIAN_POINT('',(0.186767578125,95.102172851562,4.));
#1558 = PCURVE('',#98,#1559);
#1559 = DEFINITIONAL_REPRESENTATION('',(#1560),#1564);
#1560 = B_SPLINE_CURVE_WITH_KNOTS('',2,(#1561,#1562,#1563),
  .UNSPECIFIED.,.F.,.F.,(3,3),(0.,1.),.PIECEWISE_BEZIER_KNOTS.);
#1561 = CARTESIAN_POINT('',(0.505371095109,-17.70739746093));
#1562 = CARTESIAN_POINT('',(0.186767579484,-17.30529785156));
#1563 = CARTESIAN_POINT('',(0.186767579484,-16.39782714843));
#1564 = ( GEOMETRIC_REPRESENTATION_CONTEXT(2) 
PARAMETRIC_REPRESENTATION_CONTEXT() REPRESENTATION_CONTEXT('2D SPACE',''
  ) );
#1565 = PCURVE('',#1566,#1573);
#1566 = SURFACE_OF_LINEAR_EXTRUSION('',#1567,#1571);
#1567 = B_SPLINE_CURVE_WITH_KNOTS('',2,(#1568,#1569,#1570),
  .UNSPECIFIED.,.F.,.F.,(3,3),(0.,1.),.PIECEWISE_BEZIER_KNOTS.);
#1568 = CARTESIAN_POINT('',(0.50537109375,93.792602539062,4.));
#1569 = CARTESIAN_POINT('',(0.186767578125,94.194702148438,4.));
#1570 = CARTESIAN_POINT('',(0.186767578125,95.102172851562,4.));
#1571 = VECTOR('',#1572,1.);
#1572 = DIRECTION('',(0.,0.,1.));
#1573 = DEFINITIONAL_REPRESENTATION('',(#1574),#1578);
#1574 = LINE('',#1575,#1576);
#1575 = CARTESIAN_POINT('',(0.,0.));
#1576 = VECTOR('',#1577,1.);
#1577 = DIRECTION('',(1.,0.));
#1578 = ( GEOMETRIC_REPRESENTATION_CONTEXT(2) 
PARAMETRIC_REPRESENTATION_CONTEXT() REPRESENTATION_CONTEXT('2D SPACE',''
  ) );
#1579 = ORIENTED_EDGE('',*,*,#1580,.T.);
#1580 = EDGE_CURVE('',#1551,#1581,#1583,.T.);
#1581 = VERTEX_POINT('',#1582);
#1582 = CARTESIAN_POINT('',(0.304321289062,96.021728515625,4.));
#1583 = SURFACE_CURVE('',#1584,(#1588,#1595),.PCURVE_S1.);
#1584 = B_SPLINE_CURVE_WITH_KNOTS('',2,(#1585,#1586,#1587),
  .UNSPECIFIED.,.F.,.F.,(3,3),(0.,1.),.PIECEWISE_BEZIER_KNOTS.);
#1585 = CARTESIAN_POINT('',(0.186767578125,95.102172851562,4.));
#1586 = CARTESIAN_POINT('',(0.186767578125,95.673461914062,4.));
#1587 = CARTESIAN_POINT('',(0.304321289062,96.021728515625,4.));
#1588 = PCURVE('',#98,#1589);
#1589 = DEFINITIONAL_REPRESENTATION('',(#1590),#1594);
#1590 = B_SPLINE_CURVE_WITH_KNOTS('',2,(#1591,#1592,#1593),
  .UNSPECIFIED.,.F.,.F.,(3,3),(0.,1.),.PIECEWISE_BEZIER_KNOTS.);
#1591 = CARTESIAN_POINT('',(0.186767579484,-16.39782714843));
#1592 = CARTESIAN_POINT('',(0.186767579484,-15.82653808593));
#1593 = CARTESIAN_POINT('',(0.304321290421,-15.47827148437));
#1594 = ( GEOMETRIC_REPRESENTATION_CONTEXT(2) 
PARAMETRIC_REPRESENTATION_CONTEXT() REPRESENTATION_CONTEXT('2D SPACE',''
  ) );
#1595 = PCURVE('',#1596,#1603);
#1596 = SURFACE_OF_LINEAR_EXTRUSION('',#1597,#1601);
#1597 = B_SPLINE_CURVE_WITH_KNOTS('',2,(#1598,#1599,#1600),
  .UNSPECIFIED.,.F.,.F.,(3,3),(0.,1.),.PIECEWISE_BEZIER_KNOTS.);
#1598 = CARTESIAN_POINT('',(0.186767578125,95.102172851562,4.));
#1599 = CARTESIAN_POINT('',(0.186767578125,95.673461914062,4.));
#1600 = CARTESIAN_POINT('',(0.304321289062,96.021728515625,4.));
#1601 = VECTOR('',#1602,1.);
#1602 = DIRECTION('',(0.,0.,1.));
#1603 = DEFINITIONAL_REPRESENTATION('',(#1604),#1608);
#1604 = LINE('',#1605,#1606);
#1605 = CARTESIAN_POINT('',(0.,0.));
#1606 = VECTOR('',#1607,1.);
#1607 = DIRECTION('',(1.,0.));
#1608 = ( GEOMETRIC_REPRESENTATION_CONTEXT(2) 
PARAMETRIC_REPRESENTATION_CONTEXT() REPRESENTATION_CONTEXT('2D SPACE',''
  ) );
#1609 = ORIENTED_EDGE('',*,*,#1610,.T.);
#1610 = EDGE_CURVE('',#1581,#1611,#1613,.T.);
#1611 = VERTEX_POINT('',#1612);
#1612 = CARTESIAN_POINT('',(0.653686523438,96.558959960938,4.));
#1613 = SURFACE_CURVE('',#1614,(#1618,#1625),.PCURVE_S1.);
#1614 = B_SPLINE_CURVE_WITH_KNOTS('',2,(#1615,#1616,#1617),
  .UNSPECIFIED.,.F.,.F.,(3,3),(0.,1.),.PIECEWISE_BEZIER_KNOTS.);
#1615 = CARTESIAN_POINT('',(0.304321289062,96.021728515625,4.));
#1616 = CARTESIAN_POINT('',(0.421875,96.369995117188,4.));
#1617 = CARTESIAN_POINT('',(0.653686523438,96.558959960938,4.));
#1618 = PCURVE('',#98,#1619);
#1619 = DEFINITIONAL_REPRESENTATION('',(#1620),#1624);
#1620 = B_SPLINE_CURVE_WITH_KNOTS('',2,(#1621,#1622,#1623),
  .UNSPECIFIED.,.F.,.F.,(3,3),(0.,1.),.PIECEWISE_BEZIER_KNOTS.);
#1621 = CARTESIAN_POINT('',(0.304321290421,-15.47827148437));
#1622 = CARTESIAN_POINT('',(0.421875001359,-15.13000488281));
#1623 = CARTESIAN_POINT('',(0.653686524796,-14.94104003906));
#1624 = ( GEOMETRIC_REPRESENTATION_CONTEXT(2) 
PARAMETRIC_REPRESENTATION_CONTEXT() REPRESENTATION_CONTEXT('2D SPACE',''
  ) );
#1625 = PCURVE('',#1626,#1633);
#1626 = SURFACE_OF_LINEAR_EXTRUSION('',#1627,#1631);
#1627 = B_SPLINE_CURVE_WITH_KNOTS('',2,(#1628,#1629,#1630),
  .UNSPECIFIED.,.F.,.F.,(3,3),(0.,1.),.PIECEWISE_BEZIER_KNOTS.);
#1628 = CARTESIAN_POINT('',(0.304321289062,96.021728515625,4.));
#1629 = CARTESIAN_POINT('',(0.421875,96.369995117188,4.));
#1630 = CARTESIAN_POINT('',(0.653686523438,96.558959960938,4.));
#1631 = VECTOR('',#1632,1.);
#1632 = DIRECTION('',(0.,0.,1.));
#1633 = DEFINITIONAL_REPRESENTATION('',(#1634),#1638);
#1634 = LINE('',#1635,#1636);
#1635 = CARTESIAN_POINT('',(0.,0.));
#1636 = VECTOR('',#1637,1.);
#1637 = DIRECTION('',(1.,0.));
#1638 = ( GEOMETRIC_REPRESENTATION_CONTEXT(2) 
PARAMETRIC_REPRESENTATION_CONTEXT() REPRESENTATION_CONTEXT('2D SPACE',''
  ) );
#1639 = ORIENTED_EDGE('',*,*,#1640,.T.);
#1640 = EDGE_CURVE('',#1611,#1641,#1643,.T.);
#1641 = VERTEX_POINT('',#1642);
#1642 = CARTESIAN_POINT('',(1.237060546875,96.747924804688,4.));
#1643 = SURFACE_CURVE('',#1644,(#1648,#1655),.PCURVE_S1.);
#1644 = B_SPLINE_CURVE_WITH_KNOTS('',2,(#1645,#1646,#1647),
  .UNSPECIFIED.,.F.,.F.,(3,3),(0.,1.),.PIECEWISE_BEZIER_KNOTS.);
#1645 = CARTESIAN_POINT('',(0.653686523438,96.558959960938,4.));
#1646 = CARTESIAN_POINT('',(0.885498046875,96.747924804688,4.));
#1647 = CARTESIAN_POINT('',(1.237060546875,96.747924804688,4.));
#1648 = PCURVE('',#98,#1649);
#1649 = DEFINITIONAL_REPRESENTATION('',(#1650),#1654);
#1650 = B_SPLINE_CURVE_WITH_KNOTS('',2,(#1651,#1652,#1653),
  .UNSPECIFIED.,.F.,.F.,(3,3),(0.,1.),.PIECEWISE_BEZIER_KNOTS.);
#1651 = CARTESIAN_POINT('',(0.653686524796,-14.94104003906));
#1652 = CARTESIAN_POINT('',(0.885498048234,-14.75207519531));
#1653 = CARTESIAN_POINT('',(1.237060548234,-14.75207519531));
#1654 = ( GEOMETRIC_REPRESENTATION_CONTEXT(2) 
PARAMETRIC_REPRESENTATION_CONTEXT() REPRESENTATION_CONTEXT('2D SPACE',''
  ) );
#1655 = PCURVE('',#1656,#1663);
#1656 = SURFACE_OF_LINEAR_EXTRUSION('',#1657,#1661);
#1657 = B_SPLINE_CURVE_WITH_KNOTS('',2,(#1658,#1659,#1660),
  .UNSPECIFIED.,.F.,.F.,(3,3),(0.,1.),.PIECEWISE_BEZIER_KNOTS.);
#1658 = CARTESIAN_POINT('',(0.653686523438,96.558959960938,4.));
#1659 = CARTESIAN_POINT('',(0.885498046875,96.747924804688,4.));
#1660 = CARTESIAN_POINT('',(1.237060546875,96.747924804688,4.));
#1661 = VECTOR('',#1662,1.);
#1662 = DIRECTION('',(0.,0.,1.));
#1663 = DEFINITIONAL_REPRESENTATION('',(#1664),#1668);
#1664 = LINE('',#1665,#1666);
#1665 = CARTESIAN_POINT('',(0.,0.));
#1666 = VECTOR('',#1667,1.);
#1667 = DIRECTION('',(1.,0.));
#1668 = ( GEOMETRIC_REPRESENTATION_CONTEXT(2) 
PARAMETRIC_REPRESENTATION_CONTEXT() REPRESENTATION_CONTEXT('2D SPACE',''
  ) );
#1669 = ORIENTED_EDGE('',*,*,#1670,.T.);
#1670 = EDGE_CURVE('',#1641,#1671,#1673,.T.);
#1671 = VERTEX_POINT('',#1672);
#1672 = CARTESIAN_POINT('',(1.69189453125,96.6435546875,4.));
#1673 = SURFACE_CURVE('',#1674,(#1678,#1685),.PCURVE_S1.);
#1674 = B_SPLINE_CURVE_WITH_KNOTS('',2,(#1675,#1676,#1677),
  .UNSPECIFIED.,.F.,.F.,(3,3),(0.,1.),.PIECEWISE_BEZIER_KNOTS.);
#1675 = CARTESIAN_POINT('',(1.237060546875,96.747924804688,4.));
#1676 = CARTESIAN_POINT('',(1.496337890625,96.747924804688,4.));
#1677 = CARTESIAN_POINT('',(1.69189453125,96.6435546875,4.));
#1678 = PCURVE('',#98,#1679);
#1679 = DEFINITIONAL_REPRESENTATION('',(#1680),#1684);
#1680 = B_SPLINE_CURVE_WITH_KNOTS('',2,(#1681,#1682,#1683),
  .UNSPECIFIED.,.F.,.F.,(3,3),(0.,1.),.PIECEWISE_BEZIER_KNOTS.);
#1681 = CARTESIAN_POINT('',(1.237060548234,-14.75207519531));
#1682 = CARTESIAN_POINT('',(1.496337891984,-14.75207519531));
#1683 = CARTESIAN_POINT('',(1.691894532609,-14.8564453125));
#1684 = ( GEOMETRIC_REPRESENTATION_CONTEXT(2) 
PARAMETRIC_REPRESENTATION_CONTEXT() REPRESENTATION_CONTEXT('2D SPACE',''
  ) );
#1685 = PCURVE('',#1686,#1693);
#1686 = SURFACE_OF_LINEAR_EXTRUSION('',#1687,#1691);
#1687 = B_SPLINE_CURVE_WITH_KNOTS('',2,(#1688,#1689,#1690),
  .UNSPECIFIED.,.F.,.F.,(3,3),(0.,1.),.PIECEWISE_BEZIER_KNOTS.);
#1688 = CARTESIAN_POINT('',(1.237060546875,96.747924804688,4.));
#1689 = CARTESIAN_POINT('',(1.496337890625,96.747924804688,4.));
#1690 = CARTESIAN_POINT('',(1.69189453125,96.6435546875,4.));
#1691 = VECTOR('',#1692,1.);
#1692 = DIRECTION('',(0.,0.,1.));
#1693 = DEFINITIONAL_REPRESENTATION('',(#1694),#1698);
#1694 = LINE('',#1695,#1696);
#1695 = CARTESIAN_POINT('',(0.,0.));
#1696 = VECTOR('',#1697,1.);
#1697 = DIRECTION('',(1.,0.));
#1698 = ( GEOMETRIC_REPRESENTATION_CONTEXT(2) 
PARAMETRIC_REPRESENTATION_CONTEXT() REPRESENTATION_CONTEXT('2D SPACE',''
  ) );
#1699 = ORIENTED_EDGE('',*,*,#1700,.T.);
#1700 = EDGE_CURVE('',#1671,#1701,#1703,.T.);
#1701 = VERTEX_POINT('',#1702);
#1702 = CARTESIAN_POINT('',(2.014892578125,96.342529296875,4.));
#1703 = SURFACE_CURVE('',#1704,(#1708,#1715),.PCURVE_S1.);
#1704 = B_SPLINE_CURVE_WITH_KNOTS('',2,(#1705,#1706,#1707),
  .UNSPECIFIED.,.F.,.F.,(3,3),(0.,1.),.PIECEWISE_BEZIER_KNOTS.);
#1705 = CARTESIAN_POINT('',(1.69189453125,96.6435546875,4.));
#1706 = CARTESIAN_POINT('',(1.887451171875,96.539184570312,4.));
#1707 = CARTESIAN_POINT('',(2.014892578125,96.342529296875,4.));
#1708 = PCURVE('',#98,#1709);
#1709 = DEFINITIONAL_REPRESENTATION('',(#1710),#1714);
#1710 = B_SPLINE_CURVE_WITH_KNOTS('',2,(#1711,#1712,#1713),
  .UNSPECIFIED.,.F.,.F.,(3,3),(0.,1.),.PIECEWISE_BEZIER_KNOTS.);
#1711 = CARTESIAN_POINT('',(1.691894532609,-14.8564453125));
#1712 = CARTESIAN_POINT('',(1.887451173234,-14.96081542968));
#1713 = CARTESIAN_POINT('',(2.014892579484,-15.15747070312));
#1714 = ( GEOMETRIC_REPRESENTATION_CONTEXT(2) 
PARAMETRIC_REPRESENTATION_CONTEXT() REPRESENTATION_CONTEXT('2D SPACE',''
  ) );
#1715 = PCURVE('',#1716,#1723);
#1716 = SURFACE_OF_LINEAR_EXTRUSION('',#1717,#1721);
#1717 = B_SPLINE_CURVE_WITH_KNOTS('',2,(#1718,#1719,#1720),
  .UNSPECIFIED.,.F.,.F.,(3,3),(0.,1.),.PIECEWISE_BEZIER_KNOTS.);
#1718 = CARTESIAN_POINT('',(1.69189453125,96.6435546875,4.));
#1719 = CARTESIAN_POINT('',(1.887451171875,96.539184570312,4.));
#1720 = CARTESIAN_POINT('',(2.014892578125,96.342529296875,4.));
#1721 = VECTOR('',#1722,1.);
#1722 = DIRECTION('',(0.,0.,1.));
#1723 = DEFINITIONAL_REPRESENTATION('',(#1724),#1728);
#1724 = LINE('',#1725,#1726);
#1725 = CARTESIAN_POINT('',(0.,0.));
#1726 = VECTOR('',#1727,1.);
#1727 = DIRECTION('',(1.,0.));
#1728 = ( GEOMETRIC_REPRESENTATION_CONTEXT(2) 
PARAMETRIC_REPRESENTATION_CONTEXT() REPRESENTATION_CONTEXT('2D SPACE',''
  ) );
#1729 = ORIENTED_EDGE('',*,*,#1730,.T.);
#1730 = EDGE_CURVE('',#1701,#1731,#1733,.T.);
#1731 = VERTEX_POINT('',#1732);
#1732 = CARTESIAN_POINT('',(2.21484375,95.863525390625,4.));
#1733 = SURFACE_CURVE('',#1734,(#1738,#1745),.PCURVE_S1.);
#1734 = B_SPLINE_CURVE_WITH_KNOTS('',2,(#1735,#1736,#1737),
  .UNSPECIFIED.,.F.,.F.,(3,3),(0.,1.),.PIECEWISE_BEZIER_KNOTS.);
#1735 = CARTESIAN_POINT('',(2.014892578125,96.342529296875,4.));
#1736 = CARTESIAN_POINT('',(2.142333984375,96.145874023438,4.));
#1737 = CARTESIAN_POINT('',(2.21484375,95.863525390625,4.));
#1738 = PCURVE('',#98,#1739);
#1739 = DEFINITIONAL_REPRESENTATION('',(#1740),#1744);
#1740 = B_SPLINE_CURVE_WITH_KNOTS('',2,(#1741,#1742,#1743),
  .UNSPECIFIED.,.F.,.F.,(3,3),(0.,1.),.PIECEWISE_BEZIER_KNOTS.);
#1741 = CARTESIAN_POINT('',(2.014892579484,-15.15747070312));
#1742 = CARTESIAN_POINT('',(2.142333985734,-15.35412597656));
#1743 = CARTESIAN_POINT('',(2.214843751359,-15.63647460937));
#1744 = ( GEOMETRIC_REPRESENTATION_CONTEXT(2) 
PARAMETRIC_REPRESENTATION_CONTEXT() REPRESENTATION_CONTEXT('2D SPACE',''
  ) );
#1745 = PCURVE('',#1746,#1753);
#1746 = SURFACE_OF_LINEAR_EXTRUSION('',#1747,#1751);
#1747 = B_SPLINE_CURVE_WITH_KNOTS('',2,(#1748,#1749,#1750),
  .UNSPECIFIED.,.F.,.F.,(3,3),(0.,1.),.PIECEWISE_BEZIER_KNOTS.);
#1748 = CARTESIAN_POINT('',(2.014892578125,96.342529296875,4.));
#1749 = CARTESIAN_POINT('',(2.142333984375,96.145874023438,4.));
#1750 = CARTESIAN_POINT('',(2.21484375,95.863525390625,4.));
#1751 = VECTOR('',#1752,1.);
#1752 = DIRECTION('',(0.,0.,1.));
#1753 = DEFINITIONAL_REPRESENTATION('',(#1754),#1758);
#1754 = LINE('',#1755,#1756);
#1755 = CARTESIAN_POINT('',(0.,0.));
#1756 = VECTOR('',#1757,1.);
#1757 = DIRECTION('',(1.,0.));
#1758 = ( GEOMETRIC_REPRESENTATION_CONTEXT(2) 
PARAMETRIC_REPRESENTATION_CONTEXT() REPRESENTATION_CONTEXT('2D SPACE',''
  ) );
#1759 = ORIENTED_EDGE('',*,*,#1760,.T.);
#1760 = EDGE_CURVE('',#1731,#1761,#1763,.T.);
#1761 = VERTEX_POINT('',#1762);
#1762 = CARTESIAN_POINT('',(2.287353515625,95.102172851562,4.));
#1763 = SURFACE_CURVE('',#1764,(#1768,#1775),.PCURVE_S1.);
#1764 = B_SPLINE_CURVE_WITH_KNOTS('',2,(#1765,#1766,#1767),
  .UNSPECIFIED.,.F.,.F.,(3,3),(0.,1.),.PIECEWISE_BEZIER_KNOTS.);
#1765 = CARTESIAN_POINT('',(2.21484375,95.863525390625,4.));
#1766 = CARTESIAN_POINT('',(2.287353515625,95.581176757812,4.));
#1767 = CARTESIAN_POINT('',(2.287353515625,95.102172851562,4.));
#1768 = PCURVE('',#98,#1769);
#1769 = DEFINITIONAL_REPRESENTATION('',(#1770),#1774);
#1770 = B_SPLINE_CURVE_WITH_KNOTS('',2,(#1771,#1772,#1773),
  .UNSPECIFIED.,.F.,.F.,(3,3),(0.,1.),.PIECEWISE_BEZIER_KNOTS.);
#1771 = CARTESIAN_POINT('',(2.214843751359,-15.63647460937));
#1772 = CARTESIAN_POINT('',(2.287353516984,-15.91882324218));
#1773 = CARTESIAN_POINT('',(2.287353516984,-16.39782714843));
#1774 = ( GEOMETRIC_REPRESENTATION_CONTEXT(2) 
PARAMETRIC_REPRESENTATION_CONTEXT() REPRESENTATION_CONTEXT('2D SPACE',''
  ) );
#1775 = PCURVE('',#1776,#1783);
#1776 = SURFACE_OF_LINEAR_EXTRUSION('',#1777,#1781);
#1777 = B_SPLINE_CURVE_WITH_KNOTS('',2,(#1778,#1779,#1780),
  .UNSPECIFIED.,.F.,.F.,(3,3),(0.,1.),.PIECEWISE_BEZIER_KNOTS.);
#1778 = CARTESIAN_POINT('',(2.21484375,95.863525390625,4.));
#1779 = CARTESIAN_POINT('',(2.287353515625,95.581176757812,4.));
#1780 = CARTESIAN_POINT('',(2.287353515625,95.102172851562,4.));
#1781 = VECTOR('',#1782,1.);
#1782 = DIRECTION('',(0.,0.,1.));
#1783 = DEFINITIONAL_REPRESENTATION('',(#1784),#1788);
#1784 = LINE('',#1785,#1786);
#1785 = CARTESIAN_POINT('',(0.,0.));
#1786 = VECTOR('',#1787,1.);
#1787 = DIRECTION('',(1.,0.));
#1788 = ( GEOMETRIC_REPRESENTATION_CONTEXT(2) 
PARAMETRIC_REPRESENTATION_CONTEXT() REPRESENTATION_CONTEXT('2D SPACE',''
  ) );
#1789 = ORIENTED_EDGE('',*,*,#1790,.T.);
#1790 = EDGE_CURVE('',#1761,#1791,#1793,.T.);
#1791 = VERTEX_POINT('',#1792);
#1792 = CARTESIAN_POINT('',(2.1708984375,94.18701171875,4.));
#1793 = SURFACE_CURVE('',#1794,(#1798,#1805),.PCURVE_S1.);
#1794 = B_SPLINE_CURVE_WITH_KNOTS('',2,(#1795,#1796,#1797),
  .UNSPECIFIED.,.F.,.F.,(3,3),(0.,1.),.PIECEWISE_BEZIER_KNOTS.);
#1795 = CARTESIAN_POINT('',(2.287353515625,95.102172851562,4.));
#1796 = CARTESIAN_POINT('',(2.287353515625,94.535278320312,4.));
#1797 = CARTESIAN_POINT('',(2.1708984375,94.18701171875,4.));
#1798 = PCURVE('',#98,#1799);
#1799 = DEFINITIONAL_REPRESENTATION('',(#1800),#1804);
#1800 = B_SPLINE_CURVE_WITH_KNOTS('',2,(#1801,#1802,#1803),
  .UNSPECIFIED.,.F.,.F.,(3,3),(0.,1.),.PIECEWISE_BEZIER_KNOTS.);
#1801 = CARTESIAN_POINT('',(2.287353516984,-16.39782714843));
#1802 = CARTESIAN_POINT('',(2.287353516984,-16.96472167968));
#1803 = CARTESIAN_POINT('',(2.170898438859,-17.31298828125));
#1804 = ( GEOMETRIC_REPRESENTATION_CONTEXT(2) 
PARAMETRIC_REPRESENTATION_CONTEXT() REPRESENTATION_CONTEXT('2D SPACE',''
  ) );
#1805 = PCURVE('',#1806,#1813);
#1806 = SURFACE_OF_LINEAR_EXTRUSION('',#1807,#1811);
#1807 = B_SPLINE_CURVE_WITH_KNOTS('',2,(#1808,#1809,#1810),
  .UNSPECIFIED.,.F.,.F.,(3,3),(0.,1.),.PIECEWISE_BEZIER_KNOTS.);
#1808 = CARTESIAN_POINT('',(2.287353515625,95.102172851562,4.));
#1809 = CARTESIAN_POINT('',(2.287353515625,94.535278320312,4.));
#1810 = CARTESIAN_POINT('',(2.1708984375,94.18701171875,4.));
#1811 = VECTOR('',#1812,1.);
#1812 = DIRECTION('',(0.,0.,1.));
#1813 = DEFINITIONAL_REPRESENTATION('',(#1814),#1818);
#1814 = LINE('',#1815,#1816);
#1815 = CARTESIAN_POINT('',(0.,0.));
#1816 = VECTOR('',#1817,1.);
#1817 = DIRECTION('',(1.,0.));
#1818 = ( GEOMETRIC_REPRESENTATION_CONTEXT(2) 
PARAMETRIC_REPRESENTATION_CONTEXT() REPRESENTATION_CONTEXT('2D SPACE',''
  ) );
#1819 = ORIENTED_EDGE('',*,*,#1820,.T.);
#1820 = EDGE_CURVE('',#1791,#1821,#1823,.T.);
#1821 = VERTEX_POINT('',#1822);
#1822 = CARTESIAN_POINT('',(1.822631835938,93.648681640625,4.));
#1823 = SURFACE_CURVE('',#1824,(#1828,#1835),.PCURVE_S1.);
#1824 = B_SPLINE_CURVE_WITH_KNOTS('',2,(#1825,#1826,#1827),
  .UNSPECIFIED.,.F.,.F.,(3,3),(0.,1.),.PIECEWISE_BEZIER_KNOTS.);
#1825 = CARTESIAN_POINT('',(2.1708984375,94.18701171875,4.));
#1826 = CARTESIAN_POINT('',(2.054443359375,93.838745117188,4.));
#1827 = CARTESIAN_POINT('',(1.822631835938,93.648681640625,4.));
#1828 = PCURVE('',#98,#1829);
#1829 = DEFINITIONAL_REPRESENTATION('',(#1830),#1834);
#1830 = B_SPLINE_CURVE_WITH_KNOTS('',2,(#1831,#1832,#1833),
  .UNSPECIFIED.,.F.,.F.,(3,3),(0.,1.),.PIECEWISE_BEZIER_KNOTS.);
#1831 = CARTESIAN_POINT('',(2.170898438859,-17.31298828125));
#1832 = CARTESIAN_POINT('',(2.054443360734,-17.66125488281));
#1833 = CARTESIAN_POINT('',(1.822631837296,-17.85131835937));
#1834 = ( GEOMETRIC_REPRESENTATION_CONTEXT(2) 
PARAMETRIC_REPRESENTATION_CONTEXT() REPRESENTATION_CONTEXT('2D SPACE',''
  ) );
#1835 = PCURVE('',#1836,#1843);
#1836 = SURFACE_OF_LINEAR_EXTRUSION('',#1837,#1841);
#1837 = B_SPLINE_CURVE_WITH_KNOTS('',2,(#1838,#1839,#1840),
  .UNSPECIFIED.,.F.,.F.,(3,3),(0.,1.),.PIECEWISE_BEZIER_KNOTS.);
#1838 = CARTESIAN_POINT('',(2.1708984375,94.18701171875,4.));
#1839 = CARTESIAN_POINT('',(2.054443359375,93.838745117188,4.));
#1840 = CARTESIAN_POINT('',(1.822631835938,93.648681640625,4.));
#1841 = VECTOR('',#1842,1.);
#1842 = DIRECTION('',(0.,0.,1.));
#1843 = DEFINITIONAL_REPRESENTATION('',(#1844),#1848);
#1844 = LINE('',#1845,#1846);
#1845 = CARTESIAN_POINT('',(0.,0.));
#1846 = VECTOR('',#1847,1.);
#1847 = DIRECTION('',(1.,0.));
#1848 = ( GEOMETRIC_REPRESENTATION_CONTEXT(2) 
PARAMETRIC_REPRESENTATION_CONTEXT() REPRESENTATION_CONTEXT('2D SPACE',''
  ) );
#1849 = ORIENTED_EDGE('',*,*,#1850,.T.);
#1850 = EDGE_CURVE('',#1821,#1851,#1853,.T.);
#1851 = VERTEX_POINT('',#1852);
#1852 = CARTESIAN_POINT('',(1.237060546875,93.458618164062,4.));
#1853 = SURFACE_CURVE('',#1854,(#1858,#1865),.PCURVE_S1.);
#1854 = B_SPLINE_CURVE_WITH_KNOTS('',2,(#1855,#1856,#1857),
  .UNSPECIFIED.,.F.,.F.,(3,3),(0.,1.),.PIECEWISE_BEZIER_KNOTS.);
#1855 = CARTESIAN_POINT('',(1.822631835938,93.648681640625,4.));
#1856 = CARTESIAN_POINT('',(1.5908203125,93.458618164062,4.));
#1857 = CARTESIAN_POINT('',(1.237060546875,93.458618164062,4.));
#1858 = PCURVE('',#98,#1859);
#1859 = DEFINITIONAL_REPRESENTATION('',(#1860),#1864);
#1860 = B_SPLINE_CURVE_WITH_KNOTS('',2,(#1861,#1862,#1863),
  .UNSPECIFIED.,.F.,.F.,(3,3),(0.,1.),.PIECEWISE_BEZIER_KNOTS.);
#1861 = CARTESIAN_POINT('',(1.822631837296,-17.85131835937));
#1862 = CARTESIAN_POINT('',(1.590820313859,-18.04138183593));
#1863 = CARTESIAN_POINT('',(1.237060548234,-18.04138183593));
#1864 = ( GEOMETRIC_REPRESENTATION_CONTEXT(2) 
PARAMETRIC_REPRESENTATION_CONTEXT() REPRESENTATION_CONTEXT('2D SPACE',''
  ) );
#1865 = PCURVE('',#1866,#1873);
#1866 = SURFACE_OF_LINEAR_EXTRUSION('',#1867,#1871);
#1867 = B_SPLINE_CURVE_WITH_KNOTS('',2,(#1868,#1869,#1870),
  .UNSPECIFIED.,.F.,.F.,(3,3),(0.,1.),.PIECEWISE_BEZIER_KNOTS.);
#1868 = CARTESIAN_POINT('',(1.822631835938,93.648681640625,4.));
#1869 = CARTESIAN_POINT('',(1.5908203125,93.458618164062,4.));
#1870 = CARTESIAN_POINT('',(1.237060546875,93.458618164062,4.));
#1871 = VECTOR('',#1872,1.);
#1872 = DIRECTION('',(0.,0.,1.));
#1873 = DEFINITIONAL_REPRESENTATION('',(#1874),#1878);
#1874 = LINE('',#1875,#1876);
#1875 = CARTESIAN_POINT('',(0.,0.));
#1876 = VECTOR('',#1877,1.);
#1877 = DIRECTION('',(1.,0.));
#1878 = ( GEOMETRIC_REPRESENTATION_CONTEXT(2) 
PARAMETRIC_REPRESENTATION_CONTEXT() REPRESENTATION_CONTEXT('2D SPACE',''
  ) );
#1879 = ORIENTED_EDGE('',*,*,#1880,.T.);
#1880 = EDGE_CURVE('',#1851,#1549,#1881,.T.);
#1881 = SURFACE_CURVE('',#1882,(#1886,#1893),.PCURVE_S1.);
#1882 = B_SPLINE_CURVE_WITH_KNOTS('',2,(#1883,#1884,#1885),
  .UNSPECIFIED.,.F.,.F.,(3,3),(0.,1.),.PIECEWISE_BEZIER_KNOTS.);
#1883 = CARTESIAN_POINT('',(1.237060546875,93.458618164062,4.));
#1884 = CARTESIAN_POINT('',(0.771240234375,93.458618164062,4.));
#1885 = CARTESIAN_POINT('',(0.50537109375,93.792602539062,4.));
#1886 = PCURVE('',#98,#1887);
#1887 = DEFINITIONAL_REPRESENTATION('',(#1888),#1892);
#1888 = B_SPLINE_CURVE_WITH_KNOTS('',2,(#1889,#1890,#1891),
  .UNSPECIFIED.,.F.,.F.,(3,3),(0.,1.),.PIECEWISE_BEZIER_KNOTS.);
#1889 = CARTESIAN_POINT('',(1.237060548234,-18.04138183593));
#1890 = CARTESIAN_POINT('',(0.771240235734,-18.04138183593));
#1891 = CARTESIAN_POINT('',(0.505371095109,-17.70739746093));
#1892 = ( GEOMETRIC_REPRESENTATION_CONTEXT(2) 
PARAMETRIC_REPRESENTATION_CONTEXT() REPRESENTATION_CONTEXT('2D SPACE',''
  ) );
#1893 = PCURVE('',#1894,#1901);
#1894 = SURFACE_OF_LINEAR_EXTRUSION('',#1895,#1899);
#1895 = B_SPLINE_CURVE_WITH_KNOTS('',2,(#1896,#1897,#1898),
  .UNSPECIFIED.,.F.,.F.,(3,3),(0.,1.),.PIECEWISE_BEZIER_KNOTS.);
#1896 = CARTESIAN_POINT('',(1.237060546875,93.458618164062,4.));
#1897 = CARTESIAN_POINT('',(0.771240234375,93.458618164062,4.));
#1898 = CARTESIAN_POINT('',(0.50537109375,93.792602539062,4.));
#1899 = VECTOR('',#1900,1.);
#1900 = DIRECTION('',(0.,0.,1.));
#1901 = DEFINITIONAL_REPRESENTATION('',(#1902),#1906);
#1902 = LINE('',#1903,#1904);
#1903 = CARTESIAN_POINT('',(0.,0.));
#1904 = VECTOR('',#1905,1.);
#1905 = DIRECTION('',(1.,0.));
#1906 = ( GEOMETRIC_REPRESENTATION_CONTEXT(2) 
PARAMETRIC_REPRESENTATION_CONTEXT() REPRESENTATION_CONTEXT('2D SPACE',''
  ) );
#1907 = FACE_BOUND('',#1908,.T.);
#1908 = EDGE_LOOP('',(#1909,#1939,#1967,#1995,#2023,#2053,#2083,#2111,
    #2141));
#1909 = ORIENTED_EDGE('',*,*,#1910,.T.);
#1910 = EDGE_CURVE('',#1911,#1913,#1915,.T.);
#1911 = VERTEX_POINT('',#1912);
#1912 = CARTESIAN_POINT('',(-2.332397460938,155.74792480468,4.));
#1913 = VERTEX_POINT('',#1914);
#1914 = CARTESIAN_POINT('',(-2.077514648438,155.74792480468,4.));
#1915 = SURFACE_CURVE('',#1916,(#1920,#1927),.PCURVE_S1.);
#1916 = LINE('',#1917,#1918);
#1917 = CARTESIAN_POINT('',(-2.332397460938,155.74792480468,4.));
#1918 = VECTOR('',#1919,1.);
#1919 = DIRECTION('',(1.,0.,0.));
#1920 = PCURVE('',#98,#1921);
#1921 = DEFINITIONAL_REPRESENTATION('',(#1922),#1926);
#1922 = LINE('',#1923,#1924);
#1923 = CARTESIAN_POINT('',(-2.332397459579,44.247924804687));
#1924 = VECTOR('',#1925,1.);
#1925 = DIRECTION('',(1.,0.));
#1926 = ( GEOMETRIC_REPRESENTATION_CONTEXT(2) 
PARAMETRIC_REPRESENTATION_CONTEXT() REPRESENTATION_CONTEXT('2D SPACE',''
  ) );
#1927 = PCURVE('',#1928,#1933);
#1928 = PLANE('',#1929);
#1929 = AXIS2_PLACEMENT_3D('',#1930,#1931,#1932);
#1930 = CARTESIAN_POINT('',(-2.332397460938,155.74792480468,4.));
#1931 = DIRECTION('',(0.,-1.,0.));
#1932 = DIRECTION('',(1.,0.,0.));
#1933 = DEFINITIONAL_REPRESENTATION('',(#1934),#1938);
#1934 = LINE('',#1935,#1936);
#1935 = CARTESIAN_POINT('',(0.,0.));
#1936 = VECTOR('',#1937,1.);
#1937 = DIRECTION('',(1.,0.));
#1938 = ( GEOMETRIC_REPRESENTATION_CONTEXT(2) 
PARAMETRIC_REPRESENTATION_CONTEXT() REPRESENTATION_CONTEXT('2D SPACE',''
  ) );
#1939 = ORIENTED_EDGE('',*,*,#1940,.T.);
#1940 = EDGE_CURVE('',#1913,#1941,#1943,.T.);
#1941 = VERTEX_POINT('',#1942);
#1942 = CARTESIAN_POINT('',(-2.077514648438,152.51354980468,4.));
#1943 = SURFACE_CURVE('',#1944,(#1948,#1955),.PCURVE_S1.);
#1944 = LINE('',#1945,#1946);
#1945 = CARTESIAN_POINT('',(-2.077514648438,155.74792480468,4.));
#1946 = VECTOR('',#1947,1.);
#1947 = DIRECTION('',(0.,-1.,0.));
#1948 = PCURVE('',#98,#1949);
#1949 = DEFINITIONAL_REPRESENTATION('',(#1950),#1954);
#1950 = LINE('',#1951,#1952);
#1951 = CARTESIAN_POINT('',(-2.077514647079,44.247924804687));
#1952 = VECTOR('',#1953,1.);
#1953 = DIRECTION('',(0.,-1.));
#1954 = ( GEOMETRIC_REPRESENTATION_CONTEXT(2) 
PARAMETRIC_REPRESENTATION_CONTEXT() REPRESENTATION_CONTEXT('2D SPACE',''
  ) );
#1955 = PCURVE('',#1956,#1961);
#1956 = PLANE('',#1957);
#1957 = AXIS2_PLACEMENT_3D('',#1958,#1959,#1960);
#1958 = CARTESIAN_POINT('',(-2.077514648438,155.74792480468,4.));
#1959 = DIRECTION('',(-1.,0.,0.));
#1960 = DIRECTION('',(0.,-1.,0.));
#1961 = DEFINITIONAL_REPRESENTATION('',(#1962),#1966);
#1962 = LINE('',#1963,#1964);
#1963 = CARTESIAN_POINT('',(0.,0.));
#1964 = VECTOR('',#1965,1.);
#1965 = DIRECTION('',(1.,0.));
#1966 = ( GEOMETRIC_REPRESENTATION_CONTEXT(2) 
PARAMETRIC_REPRESENTATION_CONTEXT() REPRESENTATION_CONTEXT('2D SPACE',''
  ) );
#1967 = ORIENTED_EDGE('',*,*,#1968,.T.);
#1968 = EDGE_CURVE('',#1941,#1969,#1971,.T.);
#1969 = VERTEX_POINT('',#1970);
#1970 = CARTESIAN_POINT('',(-2.473022460938,152.51354980468,4.));
#1971 = SURFACE_CURVE('',#1972,(#1976,#1983),.PCURVE_S1.);
#1972 = LINE('',#1973,#1974);
#1973 = CARTESIAN_POINT('',(-2.077514648438,152.51354980468,4.));
#1974 = VECTOR('',#1975,1.);
#1975 = DIRECTION('',(-1.,0.,0.));
#1976 = PCURVE('',#98,#1977);
#1977 = DEFINITIONAL_REPRESENTATION('',(#1978),#1982);
#1978 = LINE('',#1979,#1980);
#1979 = CARTESIAN_POINT('',(-2.077514647079,41.013549804687));
#1980 = VECTOR('',#1981,1.);
#1981 = DIRECTION('',(-1.,0.));
#1982 = ( GEOMETRIC_REPRESENTATION_CONTEXT(2) 
PARAMETRIC_REPRESENTATION_CONTEXT() REPRESENTATION_CONTEXT('2D SPACE',''
  ) );
#1983 = PCURVE('',#1984,#1989);
#1984 = PLANE('',#1985);
#1985 = AXIS2_PLACEMENT_3D('',#1986,#1987,#1988);
#1986 = CARTESIAN_POINT('',(-2.077514648438,152.51354980468,4.));
#1987 = DIRECTION('',(0.,1.,-0.));
#1988 = DIRECTION('',(-1.,0.,0.));
#1989 = DEFINITIONAL_REPRESENTATION('',(#1990),#1994);
#1990 = LINE('',#1991,#1992);
#1991 = CARTESIAN_POINT('',(0.,0.));
#1992 = VECTOR('',#1993,1.);
#1993 = DIRECTION('',(1.,0.));
#1994 = ( GEOMETRIC_REPRESENTATION_CONTEXT(2) 
PARAMETRIC_REPRESENTATION_CONTEXT() REPRESENTATION_CONTEXT('2D SPACE',''
  ) );
#1995 = ORIENTED_EDGE('',*,*,#1996,.T.);
#1996 = EDGE_CURVE('',#1969,#1997,#1999,.T.);
#1997 = VERTEX_POINT('',#1998);
#1998 = CARTESIAN_POINT('',(-2.473022460938,155.03381347656,4.));
#1999 = SURFACE_CURVE('',#2000,(#2004,#2011),.PCURVE_S1.);
#2000 = LINE('',#2001,#2002);
#2001 = CARTESIAN_POINT('',(-2.473022460938,152.51354980468,4.));
#2002 = VECTOR('',#2003,1.);
#2003 = DIRECTION('',(0.,1.,0.));
#2004 = PCURVE('',#98,#2005);
#2005 = DEFINITIONAL_REPRESENTATION('',(#2006),#2010);
#2006 = LINE('',#2007,#2008);
#2007 = CARTESIAN_POINT('',(-2.473022459579,41.013549804687));
#2008 = VECTOR('',#2009,1.);
#2009 = DIRECTION('',(0.,1.));
#2010 = ( GEOMETRIC_REPRESENTATION_CONTEXT(2) 
PARAMETRIC_REPRESENTATION_CONTEXT() REPRESENTATION_CONTEXT('2D SPACE',''
  ) );
#2011 = PCURVE('',#2012,#2017);
#2012 = PLANE('',#2013);
#2013 = AXIS2_PLACEMENT_3D('',#2014,#2015,#2016);
#2014 = CARTESIAN_POINT('',(-2.473022460938,152.51354980468,4.));
#2015 = DIRECTION('',(1.,0.,0.));
#2016 = DIRECTION('',(-0.,1.,0.));
#2017 = DEFINITIONAL_REPRESENTATION('',(#2018),#2022);
#2018 = LINE('',#2019,#2020);
#2019 = CARTESIAN_POINT('',(0.,0.));
#2020 = VECTOR('',#2021,1.);
#2021 = DIRECTION('',(1.,0.));
#2022 = ( GEOMETRIC_REPRESENTATION_CONTEXT(2) 
PARAMETRIC_REPRESENTATION_CONTEXT() REPRESENTATION_CONTEXT('2D SPACE',''
  ) );
#2023 = ORIENTED_EDGE('',*,*,#2024,.T.);
#2024 = EDGE_CURVE('',#1997,#2025,#2027,.T.);
#2025 = VERTEX_POINT('',#2026);
#2026 = CARTESIAN_POINT('',(-2.84765625,154.76135253906,4.));
#2027 = SURFACE_CURVE('',#2028,(#2032,#2039),.PCURVE_S1.);
#2028 = B_SPLINE_CURVE_WITH_KNOTS('',2,(#2029,#2030,#2031),
  .UNSPECIFIED.,.F.,.F.,(3,3),(0.,1.),.PIECEWISE_BEZIER_KNOTS.);
#2029 = CARTESIAN_POINT('',(-2.473022460938,155.03381347656,4.));
#2030 = CARTESIAN_POINT('',(-2.615844726562,154.89758300781,4.));
#2031 = CARTESIAN_POINT('',(-2.84765625,154.76135253906,4.));
#2032 = PCURVE('',#98,#2033);
#2033 = DEFINITIONAL_REPRESENTATION('',(#2034),#2038);
#2034 = B_SPLINE_CURVE_WITH_KNOTS('',2,(#2035,#2036,#2037),
  .UNSPECIFIED.,.F.,.F.,(3,3),(0.,1.),.PIECEWISE_BEZIER_KNOTS.);
#2035 = CARTESIAN_POINT('',(-2.473022459579,43.533813476562));
#2036 = CARTESIAN_POINT('',(-2.615844725204,43.397583007812));
#2037 = CARTESIAN_POINT('',(-2.847656248641,43.261352539062));
#2038 = ( GEOMETRIC_REPRESENTATION_CONTEXT(2) 
PARAMETRIC_REPRESENTATION_CONTEXT() REPRESENTATION_CONTEXT('2D SPACE',''
  ) );
#2039 = PCURVE('',#2040,#2047);
#2040 = SURFACE_OF_LINEAR_EXTRUSION('',#2041,#2045);
#2041 = B_SPLINE_CURVE_WITH_KNOTS('',2,(#2042,#2043,#2044),
  .UNSPECIFIED.,.F.,.F.,(3,3),(0.,1.),.PIECEWISE_BEZIER_KNOTS.);
#2042 = CARTESIAN_POINT('',(-2.473022460938,155.03381347656,4.));
#2043 = CARTESIAN_POINT('',(-2.615844726562,154.89758300781,4.));
#2044 = CARTESIAN_POINT('',(-2.84765625,154.76135253906,4.));
#2045 = VECTOR('',#2046,1.);
#2046 = DIRECTION('',(0.,0.,1.));
#2047 = DEFINITIONAL_REPRESENTATION('',(#2048),#2052);
#2048 = LINE('',#2049,#2050);
#2049 = CARTESIAN_POINT('',(0.,0.));
#2050 = VECTOR('',#2051,1.);
#2051 = DIRECTION('',(1.,0.));
#2052 = ( GEOMETRIC_REPRESENTATION_CONTEXT(2) 
PARAMETRIC_REPRESENTATION_CONTEXT() REPRESENTATION_CONTEXT('2D SPACE',''
  ) );
#2053 = ORIENTED_EDGE('',*,*,#2054,.T.);
#2054 = EDGE_CURVE('',#2025,#2055,#2057,.T.);
#2055 = VERTEX_POINT('',#2056);
#2056 = CARTESIAN_POINT('',(-3.264038085938,154.55700683593,4.));
#2057 = SURFACE_CURVE('',#2058,(#2062,#2069),.PCURVE_S1.);
#2058 = B_SPLINE_CURVE_WITH_KNOTS('',2,(#2059,#2060,#2061),
  .UNSPECIFIED.,.F.,.F.,(3,3),(0.,1.),.PIECEWISE_BEZIER_KNOTS.);
#2059 = CARTESIAN_POINT('',(-2.84765625,154.76135253906,4.));
#2060 = CARTESIAN_POINT('',(-3.079467773438,154.62512207031,4.));
#2061 = CARTESIAN_POINT('',(-3.264038085938,154.55700683593,4.));
#2062 = PCURVE('',#98,#2063);
#2063 = DEFINITIONAL_REPRESENTATION('',(#2064),#2068);
#2064 = B_SPLINE_CURVE_WITH_KNOTS('',2,(#2065,#2066,#2067),
  .UNSPECIFIED.,.F.,.F.,(3,3),(0.,1.),.PIECEWISE_BEZIER_KNOTS.);
#2065 = CARTESIAN_POINT('',(-2.847656248641,43.261352539062));
#2066 = CARTESIAN_POINT('',(-3.079467772079,43.125122070312));
#2067 = CARTESIAN_POINT('',(-3.264038084579,43.057006835937));
#2068 = ( GEOMETRIC_REPRESENTATION_CONTEXT(2) 
PARAMETRIC_REPRESENTATION_CONTEXT() REPRESENTATION_CONTEXT('2D SPACE',''
  ) );
#2069 = PCURVE('',#2070,#2077);
#2070 = SURFACE_OF_LINEAR_EXTRUSION('',#2071,#2075);
#2071 = B_SPLINE_CURVE_WITH_KNOTS('',2,(#2072,#2073,#2074),
  .UNSPECIFIED.,.F.,.F.,(3,3),(0.,1.),.PIECEWISE_BEZIER_KNOTS.);
#2072 = CARTESIAN_POINT('',(-2.84765625,154.76135253906,4.));
#2073 = CARTESIAN_POINT('',(-3.079467773438,154.62512207031,4.));
#2074 = CARTESIAN_POINT('',(-3.264038085938,154.55700683593,4.));
#2075 = VECTOR('',#2076,1.);
#2076 = DIRECTION('',(0.,0.,1.));
#2077 = DEFINITIONAL_REPRESENTATION('',(#2078),#2082);
#2078 = LINE('',#2079,#2080);
#2079 = CARTESIAN_POINT('',(0.,0.));
#2080 = VECTOR('',#2081,1.);
#2081 = DIRECTION('',(1.,0.));
#2082 = ( GEOMETRIC_REPRESENTATION_CONTEXT(2) 
PARAMETRIC_REPRESENTATION_CONTEXT() REPRESENTATION_CONTEXT('2D SPACE',''
  ) );
#2083 = ORIENTED_EDGE('',*,*,#2084,.T.);
#2084 = EDGE_CURVE('',#2055,#2085,#2087,.T.);
#2085 = VERTEX_POINT('',#2086);
#2086 = CARTESIAN_POINT('',(-3.264038085938,154.93933105468,4.));
#2087 = SURFACE_CURVE('',#2088,(#2092,#2099),.PCURVE_S1.);
#2088 = LINE('',#2089,#2090);
#2089 = CARTESIAN_POINT('',(-3.264038085938,154.55700683593,4.));
#2090 = VECTOR('',#2091,1.);
#2091 = DIRECTION('',(0.,1.,0.));
#2092 = PCURVE('',#98,#2093);
#2093 = DEFINITIONAL_REPRESENTATION('',(#2094),#2098);
#2094 = LINE('',#2095,#2096);
#2095 = CARTESIAN_POINT('',(-3.264038084579,43.057006835937));
#2096 = VECTOR('',#2097,1.);
#2097 = DIRECTION('',(0.,1.));
#2098 = ( GEOMETRIC_REPRESENTATION_CONTEXT(2) 
PARAMETRIC_REPRESENTATION_CONTEXT() REPRESENTATION_CONTEXT('2D SPACE',''
  ) );
#2099 = PCURVE('',#2100,#2105);
#2100 = PLANE('',#2101);
#2101 = AXIS2_PLACEMENT_3D('',#2102,#2103,#2104);
#2102 = CARTESIAN_POINT('',(-3.264038085938,154.55700683593,4.));
#2103 = DIRECTION('',(1.,0.,0.));
#2104 = DIRECTION('',(-0.,1.,0.));
#2105 = DEFINITIONAL_REPRESENTATION('',(#2106),#2110);
#2106 = LINE('',#2107,#2108);
#2107 = CARTESIAN_POINT('',(0.,0.));
#2108 = VECTOR('',#2109,1.);
#2109 = DIRECTION('',(1.,0.));
#2110 = ( GEOMETRIC_REPRESENTATION_CONTEXT(2) 
PARAMETRIC_REPRESENTATION_CONTEXT() REPRESENTATION_CONTEXT('2D SPACE',''
  ) );
#2111 = ORIENTED_EDGE('',*,*,#2112,.T.);
#2112 = EDGE_CURVE('',#2085,#2113,#2115,.T.);
#2113 = VERTEX_POINT('',#2114);
#2114 = CARTESIAN_POINT('',(-2.683959960938,155.31726074218,4.));
#2115 = SURFACE_CURVE('',#2116,(#2120,#2127),.PCURVE_S1.);
#2116 = B_SPLINE_CURVE_WITH_KNOTS('',2,(#2117,#2118,#2119),
  .UNSPECIFIED.,.F.,.F.,(3,3),(0.,1.),.PIECEWISE_BEZIER_KNOTS.);
#2117 = CARTESIAN_POINT('',(-3.264038085938,154.93933105468,4.));
#2118 = CARTESIAN_POINT('',(-2.932250976562,155.09533691406,4.));
#2119 = CARTESIAN_POINT('',(-2.683959960938,155.31726074218,4.));
#2120 = PCURVE('',#98,#2121);
#2121 = DEFINITIONAL_REPRESENTATION('',(#2122),#2126);
#2122 = B_SPLINE_CURVE_WITH_KNOTS('',2,(#2123,#2124,#2125),
  .UNSPECIFIED.,.F.,.F.,(3,3),(0.,1.),.PIECEWISE_BEZIER_KNOTS.);
#2123 = CARTESIAN_POINT('',(-3.264038084579,43.439331054687));
#2124 = CARTESIAN_POINT('',(-2.932250975204,43.595336914062));
#2125 = CARTESIAN_POINT('',(-2.683959959579,43.817260742187));
#2126 = ( GEOMETRIC_REPRESENTATION_CONTEXT(2) 
PARAMETRIC_REPRESENTATION_CONTEXT() REPRESENTATION_CONTEXT('2D SPACE',''
  ) );
#2127 = PCURVE('',#2128,#2135);
#2128 = SURFACE_OF_LINEAR_EXTRUSION('',#2129,#2133);
#2129 = B_SPLINE_CURVE_WITH_KNOTS('',2,(#2130,#2131,#2132),
  .UNSPECIFIED.,.F.,.F.,(3,3),(0.,1.),.PIECEWISE_BEZIER_KNOTS.);
#2130 = CARTESIAN_POINT('',(-3.264038085938,154.93933105468,4.));
#2131 = CARTESIAN_POINT('',(-2.932250976562,155.09533691406,4.));
#2132 = CARTESIAN_POINT('',(-2.683959960938,155.31726074218,4.));
#2133 = VECTOR('',#2134,1.);
#2134 = DIRECTION('',(0.,0.,1.));
#2135 = DEFINITIONAL_REPRESENTATION('',(#2136),#2140);
#2136 = LINE('',#2137,#2138);
#2137 = CARTESIAN_POINT('',(0.,0.));
#2138 = VECTOR('',#2139,1.);
#2139 = DIRECTION('',(1.,0.));
#2140 = ( GEOMETRIC_REPRESENTATION_CONTEXT(2) 
PARAMETRIC_REPRESENTATION_CONTEXT() REPRESENTATION_CONTEXT('2D SPACE',''
  ) );
#2141 = ORIENTED_EDGE('',*,*,#2142,.T.);
#2142 = EDGE_CURVE('',#2113,#1911,#2143,.T.);
#2143 = SURFACE_CURVE('',#2144,(#2148,#2155),.PCURVE_S1.);
#2144 = B_SPLINE_CURVE_WITH_KNOTS('',2,(#2145,#2146,#2147),
  .UNSPECIFIED.,.F.,.F.,(3,3),(0.,1.),.PIECEWISE_BEZIER_KNOTS.);
#2145 = CARTESIAN_POINT('',(-2.683959960938,155.31726074218,4.));
#2146 = CARTESIAN_POINT('',(-2.435668945312,155.53918457031,4.));
#2147 = CARTESIAN_POINT('',(-2.332397460938,155.74792480468,4.));
#2148 = PCURVE('',#98,#2149);
#2149 = DEFINITIONAL_REPRESENTATION('',(#2150),#2154);
#2150 = B_SPLINE_CURVE_WITH_KNOTS('',2,(#2151,#2152,#2153),
  .UNSPECIFIED.,.F.,.F.,(3,3),(0.,1.),.PIECEWISE_BEZIER_KNOTS.);
#2151 = CARTESIAN_POINT('',(-2.683959959579,43.817260742187));
#2152 = CARTESIAN_POINT('',(-2.435668943954,44.039184570312));
#2153 = CARTESIAN_POINT('',(-2.332397459579,44.247924804687));
#2154 = ( GEOMETRIC_REPRESENTATION_CONTEXT(2) 
PARAMETRIC_REPRESENTATION_CONTEXT() REPRESENTATION_CONTEXT('2D SPACE',''
  ) );
#2155 = PCURVE('',#2156,#2163);
#2156 = SURFACE_OF_LINEAR_EXTRUSION('',#2157,#2161);
#2157 = B_SPLINE_CURVE_WITH_KNOTS('',2,(#2158,#2159,#2160),
  .UNSPECIFIED.,.F.,.F.,(3,3),(0.,1.),.PIECEWISE_BEZIER_KNOTS.);
#2158 = CARTESIAN_POINT('',(-2.683959960938,155.31726074218,4.));
#2159 = CARTESIAN_POINT('',(-2.435668945312,155.53918457031,4.));
#2160 = CARTESIAN_POINT('',(-2.332397460938,155.74792480468,4.));
#2161 = VECTOR('',#2162,1.);
#2162 = DIRECTION('',(0.,0.,1.));
#2163 = DEFINITIONAL_REPRESENTATION('',(#2164),#2168);
#2164 = LINE('',#2165,#2166);
#2165 = CARTESIAN_POINT('',(0.,0.));
#2166 = VECTOR('',#2167,1.);
#2167 = DIRECTION('',(1.,0.));
#2168 = ( GEOMETRIC_REPRESENTATION_CONTEXT(2) 
PARAMETRIC_REPRESENTATION_CONTEXT() REPRESENTATION_CONTEXT('2D SPACE',''
  ) );
#2169 = FACE_BOUND('',#2170,.T.);
#2170 = EDGE_LOOP('',(#2171,#2201,#2229,#2257,#2285,#2313,#2341,#2369,
    #2397,#2425,#2453));
#2171 = ORIENTED_EDGE('',*,*,#2172,.T.);
#2172 = EDGE_CURVE('',#2173,#2175,#2177,.T.);
#2173 = VERTEX_POINT('',#2174);
#2174 = CARTESIAN_POINT('',(0.598754882812,153.28479003906,4.));
#2175 = VERTEX_POINT('',#2176);
#2176 = CARTESIAN_POINT('',(0.598754882812,152.51354980468,4.));
#2177 = SURFACE_CURVE('',#2178,(#2182,#2189),.PCURVE_S1.);
#2178 = LINE('',#2179,#2180);
#2179 = CARTESIAN_POINT('',(0.598754882812,153.28479003906,4.));
#2180 = VECTOR('',#2181,1.);
#2181 = DIRECTION('',(0.,-1.,0.));
#2182 = PCURVE('',#98,#2183);
#2183 = DEFINITIONAL_REPRESENTATION('',(#2184),#2188);
#2184 = LINE('',#2185,#2186);
#2185 = CARTESIAN_POINT('',(0.598754884171,41.784790039062));
#2186 = VECTOR('',#2187,1.);
#2187 = DIRECTION('',(0.,-1.));
#2188 = ( GEOMETRIC_REPRESENTATION_CONTEXT(2) 
PARAMETRIC_REPRESENTATION_CONTEXT() REPRESENTATION_CONTEXT('2D SPACE',''
  ) );
#2189 = PCURVE('',#2190,#2195);
#2190 = PLANE('',#2191);
#2191 = AXIS2_PLACEMENT_3D('',#2192,#2193,#2194);
#2192 = CARTESIAN_POINT('',(0.598754882812,153.28479003906,4.));
#2193 = DIRECTION('',(-1.,0.,0.));
#2194 = DIRECTION('',(0.,-1.,0.));
#2195 = DEFINITIONAL_REPRESENTATION('',(#2196),#2200);
#2196 = LINE('',#2197,#2198);
#2197 = CARTESIAN_POINT('',(0.,0.));
#2198 = VECTOR('',#2199,1.);
#2199 = DIRECTION('',(1.,0.));
#2200 = ( GEOMETRIC_REPRESENTATION_CONTEXT(2) 
PARAMETRIC_REPRESENTATION_CONTEXT() REPRESENTATION_CONTEXT('2D SPACE',''
  ) );
#2201 = ORIENTED_EDGE('',*,*,#2202,.T.);
#2202 = EDGE_CURVE('',#2175,#2203,#2205,.T.);
#2203 = VERTEX_POINT('',#2204);
#2204 = CARTESIAN_POINT('',(0.203247070312,152.51354980468,4.));
#2205 = SURFACE_CURVE('',#2206,(#2210,#2217),.PCURVE_S1.);
#2206 = LINE('',#2207,#2208);
#2207 = CARTESIAN_POINT('',(0.598754882812,152.51354980468,4.));
#2208 = VECTOR('',#2209,1.);
#2209 = DIRECTION('',(-1.,0.,0.));
#2210 = PCURVE('',#98,#2211);
#2211 = DEFINITIONAL_REPRESENTATION('',(#2212),#2216);
#2212 = LINE('',#2213,#2214);
#2213 = CARTESIAN_POINT('',(0.598754884171,41.013549804687));
#2214 = VECTOR('',#2215,1.);
#2215 = DIRECTION('',(-1.,0.));
#2216 = ( GEOMETRIC_REPRESENTATION_CONTEXT(2) 
PARAMETRIC_REPRESENTATION_CONTEXT() REPRESENTATION_CONTEXT('2D SPACE',''
  ) );
#2217 = PCURVE('',#2218,#2223);
#2218 = PLANE('',#2219);
#2219 = AXIS2_PLACEMENT_3D('',#2220,#2221,#2222);
#2220 = CARTESIAN_POINT('',(0.598754882812,152.51354980468,4.));
#2221 = DIRECTION('',(0.,1.,-0.));
#2222 = DIRECTION('',(-1.,0.,0.));
#2223 = DEFINITIONAL_REPRESENTATION('',(#2224),#2228);
#2224 = LINE('',#2225,#2226);
#2225 = CARTESIAN_POINT('',(0.,0.));
#2226 = VECTOR('',#2227,1.);
#2227 = DIRECTION('',(1.,0.));
#2228 = ( GEOMETRIC_REPRESENTATION_CONTEXT(2) 
PARAMETRIC_REPRESENTATION_CONTEXT() REPRESENTATION_CONTEXT('2D SPACE',''
  ) );
#2229 = ORIENTED_EDGE('',*,*,#2230,.T.);
#2230 = EDGE_CURVE('',#2203,#2231,#2233,.T.);
#2231 = VERTEX_POINT('',#2232);
#2232 = CARTESIAN_POINT('',(0.203247070312,153.28479003906,4.));
#2233 = SURFACE_CURVE('',#2234,(#2238,#2245),.PCURVE_S1.);
#2234 = LINE('',#2235,#2236);
#2235 = CARTESIAN_POINT('',(0.203247070312,152.51354980468,4.));
#2236 = VECTOR('',#2237,1.);
#2237 = DIRECTION('',(0.,1.,0.));
#2238 = PCURVE('',#98,#2239);
#2239 = DEFINITIONAL_REPRESENTATION('',(#2240),#2244);
#2240 = LINE('',#2241,#2242);
#2241 = CARTESIAN_POINT('',(0.203247071671,41.013549804687));
#2242 = VECTOR('',#2243,1.);
#2243 = DIRECTION('',(0.,1.));
#2244 = ( GEOMETRIC_REPRESENTATION_CONTEXT(2) 
PARAMETRIC_REPRESENTATION_CONTEXT() REPRESENTATION_CONTEXT('2D SPACE',''
  ) );
#2245 = PCURVE('',#2246,#2251);
#2246 = PLANE('',#2247);
#2247 = AXIS2_PLACEMENT_3D('',#2248,#2249,#2250);
#2248 = CARTESIAN_POINT('',(0.203247070312,152.51354980468,4.));
#2249 = DIRECTION('',(1.,0.,0.));
#2250 = DIRECTION('',(-0.,1.,0.));
#2251 = DEFINITIONAL_REPRESENTATION('',(#2252),#2256);
#2252 = LINE('',#2253,#2254);
#2253 = CARTESIAN_POINT('',(0.,0.));
#2254 = VECTOR('',#2255,1.);
#2255 = DIRECTION('',(1.,0.));
#2256 = ( GEOMETRIC_REPRESENTATION_CONTEXT(2) 
PARAMETRIC_REPRESENTATION_CONTEXT() REPRESENTATION_CONTEXT('2D SPACE',''
  ) );
#2257 = ORIENTED_EDGE('',*,*,#2258,.T.);
#2258 = EDGE_CURVE('',#2231,#2259,#2261,.T.);
#2259 = VERTEX_POINT('',#2260);
#2260 = CARTESIAN_POINT('',(-1.194213867188,153.28479003906,4.));
#2261 = SURFACE_CURVE('',#2262,(#2266,#2273),.PCURVE_S1.);
#2262 = LINE('',#2263,#2264);
#2263 = CARTESIAN_POINT('',(0.203247070312,153.28479003906,4.));
#2264 = VECTOR('',#2265,1.);
#2265 = DIRECTION('',(-1.,0.,0.));
#2266 = PCURVE('',#98,#2267);
#2267 = DEFINITIONAL_REPRESENTATION('',(#2268),#2272);
#2268 = LINE('',#2269,#2270);
#2269 = CARTESIAN_POINT('',(0.203247071671,41.784790039062));
#2270 = VECTOR('',#2271,1.);
#2271 = DIRECTION('',(-1.,0.));
#2272 = ( GEOMETRIC_REPRESENTATION_CONTEXT(2) 
PARAMETRIC_REPRESENTATION_CONTEXT() REPRESENTATION_CONTEXT('2D SPACE',''
  ) );
#2273 = PCURVE('',#2274,#2279);
#2274 = PLANE('',#2275);
#2275 = AXIS2_PLACEMENT_3D('',#2276,#2277,#2278);
#2276 = CARTESIAN_POINT('',(0.203247070312,153.28479003906,4.));
#2277 = DIRECTION('',(0.,1.,-0.));
#2278 = DIRECTION('',(-1.,0.,0.));
#2279 = DEFINITIONAL_REPRESENTATION('',(#2280),#2284);
#2280 = LINE('',#2281,#2282);
#2281 = CARTESIAN_POINT('',(0.,0.));
#2282 = VECTOR('',#2283,1.);
#2283 = DIRECTION('',(1.,0.));
#2284 = ( GEOMETRIC_REPRESENTATION_CONTEXT(2) 
PARAMETRIC_REPRESENTATION_CONTEXT() REPRESENTATION_CONTEXT('2D SPACE',''
  ) );
#2285 = ORIENTED_EDGE('',*,*,#2286,.T.);
#2286 = EDGE_CURVE('',#2259,#2287,#2289,.T.);
#2287 = VERTEX_POINT('',#2288);
#2288 = CARTESIAN_POINT('',(-1.194213867188,153.64733886718,4.));
#2289 = SURFACE_CURVE('',#2290,(#2294,#2301),.PCURVE_S1.);
#2290 = LINE('',#2291,#2292);
#2291 = CARTESIAN_POINT('',(-1.194213867188,153.28479003906,4.));
#2292 = VECTOR('',#2293,1.);
#2293 = DIRECTION('',(0.,1.,0.));
#2294 = PCURVE('',#98,#2295);
#2295 = DEFINITIONAL_REPRESENTATION('',(#2296),#2300);
#2296 = LINE('',#2297,#2298);
#2297 = CARTESIAN_POINT('',(-1.194213865829,41.784790039062));
#2298 = VECTOR('',#2299,1.);
#2299 = DIRECTION('',(0.,1.));
#2300 = ( GEOMETRIC_REPRESENTATION_CONTEXT(2) 
PARAMETRIC_REPRESENTATION_CONTEXT() REPRESENTATION_CONTEXT('2D SPACE',''
  ) );
#2301 = PCURVE('',#2302,#2307);
#2302 = PLANE('',#2303);
#2303 = AXIS2_PLACEMENT_3D('',#2304,#2305,#2306);
#2304 = CARTESIAN_POINT('',(-1.194213867188,153.28479003906,4.));
#2305 = DIRECTION('',(1.,0.,0.));
#2306 = DIRECTION('',(-0.,1.,0.));
#2307 = DEFINITIONAL_REPRESENTATION('',(#2308),#2312);
#2308 = LINE('',#2309,#2310);
#2309 = CARTESIAN_POINT('',(0.,0.));
#2310 = VECTOR('',#2311,1.);
#2311 = DIRECTION('',(1.,0.));
#2312 = ( GEOMETRIC_REPRESENTATION_CONTEXT(2) 
PARAMETRIC_REPRESENTATION_CONTEXT() REPRESENTATION_CONTEXT('2D SPACE',''
  ) );
#2313 = ORIENTED_EDGE('',*,*,#2314,.T.);
#2314 = EDGE_CURVE('',#2287,#2315,#2317,.T.);
#2315 = VERTEX_POINT('',#2316);
#2316 = CARTESIAN_POINT('',(0.275756835938,155.73474121093,4.));
#2317 = SURFACE_CURVE('',#2318,(#2322,#2329),.PCURVE_S1.);
#2318 = LINE('',#2319,#2320);
#2319 = CARTESIAN_POINT('',(-1.194213867188,153.64733886718,4.));
#2320 = VECTOR('',#2321,1.);
#2321 = DIRECTION('',(0.575770516134,0.817611345781,0.));
#2322 = PCURVE('',#98,#2323);
#2323 = DEFINITIONAL_REPRESENTATION('',(#2324),#2328);
#2324 = LINE('',#2325,#2326);
#2325 = CARTESIAN_POINT('',(-1.194213865829,42.147338867187));
#2326 = VECTOR('',#2327,1.);
#2327 = DIRECTION('',(0.575770516134,0.817611345781));
#2328 = ( GEOMETRIC_REPRESENTATION_CONTEXT(2) 
PARAMETRIC_REPRESENTATION_CONTEXT() REPRESENTATION_CONTEXT('2D SPACE',''
  ) );
#2329 = PCURVE('',#2330,#2335);
#2330 = PLANE('',#2331);
#2331 = AXIS2_PLACEMENT_3D('',#2332,#2333,#2334);
#2332 = CARTESIAN_POINT('',(-1.194213867188,153.64733886718,4.));
#2333 = DIRECTION('',(0.817611345781,-0.575770516134,0.));
#2334 = DIRECTION('',(0.575770516134,0.817611345781,0.));
#2335 = DEFINITIONAL_REPRESENTATION('',(#2336),#2340);
#2336 = LINE('',#2337,#2338);
#2337 = CARTESIAN_POINT('',(0.,0.));
#2338 = VECTOR('',#2339,1.);
#2339 = DIRECTION('',(1.,0.));
#2340 = ( GEOMETRIC_REPRESENTATION_CONTEXT(2) 
PARAMETRIC_REPRESENTATION_CONTEXT() REPRESENTATION_CONTEXT('2D SPACE',''
  ) );
#2341 = ORIENTED_EDGE('',*,*,#2342,.T.);
#2342 = EDGE_CURVE('',#2315,#2343,#2345,.T.);
#2343 = VERTEX_POINT('',#2344);
#2344 = CARTESIAN_POINT('',(0.598754882812,155.73474121093,4.));
#2345 = SURFACE_CURVE('',#2346,(#2350,#2357),.PCURVE_S1.);
#2346 = LINE('',#2347,#2348);
#2347 = CARTESIAN_POINT('',(0.275756835938,155.73474121093,4.));
#2348 = VECTOR('',#2349,1.);
#2349 = DIRECTION('',(1.,0.,0.));
#2350 = PCURVE('',#98,#2351);
#2351 = DEFINITIONAL_REPRESENTATION('',(#2352),#2356);
#2352 = LINE('',#2353,#2354);
#2353 = CARTESIAN_POINT('',(0.275756837296,44.234741210937));
#2354 = VECTOR('',#2355,1.);
#2355 = DIRECTION('',(1.,0.));
#2356 = ( GEOMETRIC_REPRESENTATION_CONTEXT(2) 
PARAMETRIC_REPRESENTATION_CONTEXT() REPRESENTATION_CONTEXT('2D SPACE',''
  ) );
#2357 = PCURVE('',#2358,#2363);
#2358 = PLANE('',#2359);
#2359 = AXIS2_PLACEMENT_3D('',#2360,#2361,#2362);
#2360 = CARTESIAN_POINT('',(0.275756835938,155.73474121093,4.));
#2361 = DIRECTION('',(0.,-1.,0.));
#2362 = DIRECTION('',(1.,0.,0.));
#2363 = DEFINITIONAL_REPRESENTATION('',(#2364),#2368);
#2364 = LINE('',#2365,#2366);
#2365 = CARTESIAN_POINT('',(0.,0.));
#2366 = VECTOR('',#2367,1.);
#2367 = DIRECTION('',(1.,0.));
#2368 = ( GEOMETRIC_REPRESENTATION_CONTEXT(2) 
PARAMETRIC_REPRESENTATION_CONTEXT() REPRESENTATION_CONTEXT('2D SPACE',''
  ) );
#2369 = ORIENTED_EDGE('',*,*,#2370,.T.);
#2370 = EDGE_CURVE('',#2343,#2371,#2373,.T.);
#2371 = VERTEX_POINT('',#2372);
#2372 = CARTESIAN_POINT('',(0.598754882812,153.64733886718,4.));
#2373 = SURFACE_CURVE('',#2374,(#2378,#2385),.PCURVE_S1.);
#2374 = LINE('',#2375,#2376);
#2375 = CARTESIAN_POINT('',(0.598754882812,155.73474121093,4.));
#2376 = VECTOR('',#2377,1.);
#2377 = DIRECTION('',(0.,-1.,0.));
#2378 = PCURVE('',#98,#2379);
#2379 = DEFINITIONAL_REPRESENTATION('',(#2380),#2384);
#2380 = LINE('',#2381,#2382);
#2381 = CARTESIAN_POINT('',(0.598754884171,44.234741210937));
#2382 = VECTOR('',#2383,1.);
#2383 = DIRECTION('',(0.,-1.));
#2384 = ( GEOMETRIC_REPRESENTATION_CONTEXT(2) 
PARAMETRIC_REPRESENTATION_CONTEXT() REPRESENTATION_CONTEXT('2D SPACE',''
  ) );
#2385 = PCURVE('',#2386,#2391);
#2386 = PLANE('',#2387);
#2387 = AXIS2_PLACEMENT_3D('',#2388,#2389,#2390);
#2388 = CARTESIAN_POINT('',(0.598754882812,155.73474121093,4.));
#2389 = DIRECTION('',(-1.,0.,0.));
#2390 = DIRECTION('',(0.,-1.,0.));
#2391 = DEFINITIONAL_REPRESENTATION('',(#2392),#2396);
#2392 = LINE('',#2393,#2394);
#2393 = CARTESIAN_POINT('',(0.,0.));
#2394 = VECTOR('',#2395,1.);
#2395 = DIRECTION('',(1.,0.));
#2396 = ( GEOMETRIC_REPRESENTATION_CONTEXT(2) 
PARAMETRIC_REPRESENTATION_CONTEXT() REPRESENTATION_CONTEXT('2D SPACE',''
  ) );
#2397 = ORIENTED_EDGE('',*,*,#2398,.T.);
#2398 = EDGE_CURVE('',#2371,#2399,#2401,.T.);
#2399 = VERTEX_POINT('',#2400);
#2400 = CARTESIAN_POINT('',(1.033813476562,153.64733886718,4.));
#2401 = SURFACE_CURVE('',#2402,(#2406,#2413),.PCURVE_S1.);
#2402 = LINE('',#2403,#2404);
#2403 = CARTESIAN_POINT('',(0.598754882812,153.64733886718,4.));
#2404 = VECTOR('',#2405,1.);
#2405 = DIRECTION('',(1.,0.,0.));
#2406 = PCURVE('',#98,#2407);
#2407 = DEFINITIONAL_REPRESENTATION('',(#2408),#2412);
#2408 = LINE('',#2409,#2410);
#2409 = CARTESIAN_POINT('',(0.598754884171,42.147338867187));
#2410 = VECTOR('',#2411,1.);
#2411 = DIRECTION('',(1.,0.));
#2412 = ( GEOMETRIC_REPRESENTATION_CONTEXT(2) 
PARAMETRIC_REPRESENTATION_CONTEXT() REPRESENTATION_CONTEXT('2D SPACE',''
  ) );
#2413 = PCURVE('',#2414,#2419);
#2414 = PLANE('',#2415);
#2415 = AXIS2_PLACEMENT_3D('',#2416,#2417,#2418);
#2416 = CARTESIAN_POINT('',(0.598754882812,153.64733886718,4.));
#2417 = DIRECTION('',(0.,-1.,0.));
#2418 = DIRECTION('',(1.,0.,0.));
#2419 = DEFINITIONAL_REPRESENTATION('',(#2420),#2424);
#2420 = LINE('',#2421,#2422);
#2421 = CARTESIAN_POINT('',(0.,0.));
#2422 = VECTOR('',#2423,1.);
#2423 = DIRECTION('',(1.,0.));
#2424 = ( GEOMETRIC_REPRESENTATION_CONTEXT(2) 
PARAMETRIC_REPRESENTATION_CONTEXT() REPRESENTATION_CONTEXT('2D SPACE',''
  ) );
#2425 = ORIENTED_EDGE('',*,*,#2426,.T.);
#2426 = EDGE_CURVE('',#2399,#2427,#2429,.T.);
#2427 = VERTEX_POINT('',#2428);
#2428 = CARTESIAN_POINT('',(1.033813476562,153.28479003906,4.));
#2429 = SURFACE_CURVE('',#2430,(#2434,#2441),.PCURVE_S1.);
#2430 = LINE('',#2431,#2432);
#2431 = CARTESIAN_POINT('',(1.033813476562,153.64733886718,4.));
#2432 = VECTOR('',#2433,1.);
#2433 = DIRECTION('',(0.,-1.,0.));
#2434 = PCURVE('',#98,#2435);
#2435 = DEFINITIONAL_REPRESENTATION('',(#2436),#2440);
#2436 = LINE('',#2437,#2438);
#2437 = CARTESIAN_POINT('',(1.033813477921,42.147338867187));
#2438 = VECTOR('',#2439,1.);
#2439 = DIRECTION('',(0.,-1.));
#2440 = ( GEOMETRIC_REPRESENTATION_CONTEXT(2) 
PARAMETRIC_REPRESENTATION_CONTEXT() REPRESENTATION_CONTEXT('2D SPACE',''
  ) );
#2441 = PCURVE('',#2442,#2447);
#2442 = PLANE('',#2443);
#2443 = AXIS2_PLACEMENT_3D('',#2444,#2445,#2446);
#2444 = CARTESIAN_POINT('',(1.033813476562,153.64733886718,4.));
#2445 = DIRECTION('',(-1.,0.,0.));
#2446 = DIRECTION('',(0.,-1.,0.));
#2447 = DEFINITIONAL_REPRESENTATION('',(#2448),#2452);
#2448 = LINE('',#2449,#2450);
#2449 = CARTESIAN_POINT('',(0.,0.));
#2450 = VECTOR('',#2451,1.);
#2451 = DIRECTION('',(1.,0.));
#2452 = ( GEOMETRIC_REPRESENTATION_CONTEXT(2) 
PARAMETRIC_REPRESENTATION_CONTEXT() REPRESENTATION_CONTEXT('2D SPACE',''
  ) );
#2453 = ORIENTED_EDGE('',*,*,#2454,.T.);
#2454 = EDGE_CURVE('',#2427,#2173,#2455,.T.);
#2455 = SURFACE_CURVE('',#2456,(#2460,#2467),.PCURVE_S1.);
#2456 = LINE('',#2457,#2458);
#2457 = CARTESIAN_POINT('',(1.033813476562,153.28479003906,4.));
#2458 = VECTOR('',#2459,1.);
#2459 = DIRECTION('',(-1.,0.,0.));
#2460 = PCURVE('',#98,#2461);
#2461 = DEFINITIONAL_REPRESENTATION('',(#2462),#2466);
#2462 = LINE('',#2463,#2464);
#2463 = CARTESIAN_POINT('',(1.033813477921,41.784790039062));
#2464 = VECTOR('',#2465,1.);
#2465 = DIRECTION('',(-1.,0.));
#2466 = ( GEOMETRIC_REPRESENTATION_CONTEXT(2) 
PARAMETRIC_REPRESENTATION_CONTEXT() REPRESENTATION_CONTEXT('2D SPACE',''
  ) );
#2467 = PCURVE('',#2468,#2473);
#2468 = PLANE('',#2469);
#2469 = AXIS2_PLACEMENT_3D('',#2470,#2471,#2472);
#2470 = CARTESIAN_POINT('',(1.033813476562,153.28479003906,4.));
#2471 = DIRECTION('',(0.,1.,-0.));
#2472 = DIRECTION('',(-1.,0.,0.));
#2473 = DEFINITIONAL_REPRESENTATION('',(#2474),#2478);
#2474 = LINE('',#2475,#2476);
#2475 = CARTESIAN_POINT('',(0.,0.));
#2476 = VECTOR('',#2477,1.);
#2477 = DIRECTION('',(1.,0.));
#2478 = ( GEOMETRIC_REPRESENTATION_CONTEXT(2) 
PARAMETRIC_REPRESENTATION_CONTEXT() REPRESENTATION_CONTEXT('2D SPACE',''
  ) );
#2479 = FACE_BOUND('',#2480,.T.);
#2480 = EDGE_LOOP('',(#2481,#2504,#2532,#2553));
#2481 = ORIENTED_EDGE('',*,*,#2482,.F.);
#2482 = EDGE_CURVE('',#2483,#2485,#2487,.T.);
#2483 = VERTEX_POINT('',#2484);
#2484 = CARTESIAN_POINT('',(8.5,111.5,4.));
#2485 = VERTEX_POINT('',#2486);
#2486 = CARTESIAN_POINT('',(-8.5,111.5,4.));
#2487 = SURFACE_CURVE('',#2488,(#2492,#2498),.PCURVE_S1.);
#2488 = LINE('',#2489,#2490);
#2489 = CARTESIAN_POINT('',(-4.250000000679,111.5,4.));
#2490 = VECTOR('',#2491,1.);
#2491 = DIRECTION('',(-1.,0.,0.));
#2492 = PCURVE('',#98,#2493);
#2493 = DEFINITIONAL_REPRESENTATION('',(#2494),#2497);
#2494 = B_SPLINE_CURVE_WITH_KNOTS('',1,(#2495,#2496),.UNSPECIFIED.,.F.,
  .F.,(2,2),(-12.75000000067,4.249999999321),.PIECEWISE_BEZIER_KNOTS.);
#2495 = CARTESIAN_POINT('',(8.500000001359,0.));
#2496 = CARTESIAN_POINT('',(-8.499999998641,0.));
#2497 = ( GEOMETRIC_REPRESENTATION_CONTEXT(2) 
PARAMETRIC_REPRESENTATION_CONTEXT() REPRESENTATION_CONTEXT('2D SPACE',''
  ) );
#2498 = PCURVE('',#608,#2499);
#2499 = DEFINITIONAL_REPRESENTATION('',(#2500),#2503);
#2500 = B_SPLINE_CURVE_WITH_KNOTS('',1,(#2501,#2502),.UNSPECIFIED.,.F.,
  .F.,(2,2),(-12.75000000067,4.249999999321),.PIECEWISE_BEZIER_KNOTS.);
#2501 = CARTESIAN_POINT('',(17.,-4.5));
#2502 = CARTESIAN_POINT('',(0.,-4.5));
#2503 = ( GEOMETRIC_REPRESENTATION_CONTEXT(2) 
PARAMETRIC_REPRESENTATION_CONTEXT() REPRESENTATION_CONTEXT('2D SPACE',''
  ) );
#2504 = ORIENTED_EDGE('',*,*,#2505,.T.);
#2505 = EDGE_CURVE('',#2483,#2506,#2508,.T.);
#2506 = VERTEX_POINT('',#2507);
#2507 = CARTESIAN_POINT('',(8.5,108.5,4.));
#2508 = SURFACE_CURVE('',#2509,(#2514,#2525),.PCURVE_S1.);
#2509 = CIRCLE('',#2510,1.5);
#2510 = AXIS2_PLACEMENT_3D('',#2511,#2512,#2513);
#2511 = CARTESIAN_POINT('',(8.5,110.,4.));
#2512 = DIRECTION('',(-0.,0.,-1.));
#2513 = DIRECTION('',(-1.,-0.,0.));
#2514 = PCURVE('',#98,#2515);
#2515 = DEFINITIONAL_REPRESENTATION('',(#2516),#2524);
#2516 = ( BOUNDED_CURVE() B_SPLINE_CURVE(2,(#2517,#2518,#2519,#2520,
#2521,#2522,#2523),.UNSPECIFIED.,.T.,.F.) B_SPLINE_CURVE_WITH_KNOTS((1,2
    ,2,2,2,1),(-2.094395102393,0.,2.094395102393,4.188790204786,
6.28318530718,8.377580409573),.UNSPECIFIED.) CURVE() 
GEOMETRIC_REPRESENTATION_ITEM() RATIONAL_B_SPLINE_CURVE((1.,0.5,1.,0.5,
1.,0.5,1.)) REPRESENTATION_ITEM('') );
#2517 = CARTESIAN_POINT('',(7.000000001359,-1.5));
#2518 = CARTESIAN_POINT('',(7.000000001359,1.098076211353));
#2519 = CARTESIAN_POINT('',(9.250000001359,-0.200961894323));
#2520 = CARTESIAN_POINT('',(11.500000001359,-1.5));
#2521 = CARTESIAN_POINT('',(9.250000001359,-2.799038105677));
#2522 = CARTESIAN_POINT('',(7.000000001359,-4.098076211353));
#2523 = CARTESIAN_POINT('',(7.000000001359,-1.5));
#2524 = ( GEOMETRIC_REPRESENTATION_CONTEXT(2) 
PARAMETRIC_REPRESENTATION_CONTEXT() REPRESENTATION_CONTEXT('2D SPACE',''
  ) );
#2525 = PCURVE('',#640,#2526);
#2526 = DEFINITIONAL_REPRESENTATION('',(#2527),#2531);
#2527 = LINE('',#2528,#2529);
#2528 = CARTESIAN_POINT('',(0.,-4.5));
#2529 = VECTOR('',#2530,1.);
#2530 = DIRECTION('',(1.,0.));
#2531 = ( GEOMETRIC_REPRESENTATION_CONTEXT(2) 
PARAMETRIC_REPRESENTATION_CONTEXT() REPRESENTATION_CONTEXT('2D SPACE',''
  ) );
#2532 = ORIENTED_EDGE('',*,*,#2533,.T.);
#2533 = EDGE_CURVE('',#2506,#2534,#2536,.T.);
#2534 = VERTEX_POINT('',#2535);
#2535 = CARTESIAN_POINT('',(-8.5,108.5,4.));
#2536 = SURFACE_CURVE('',#2537,(#2541,#2547),.PCURVE_S1.);
#2537 = LINE('',#2538,#2539);
#2538 = CARTESIAN_POINT('',(-6.792777446638E-10,108.5,4.));
#2539 = VECTOR('',#2540,1.);
#2540 = DIRECTION('',(-1.,0.,0.));
#2541 = PCURVE('',#98,#2542);
#2542 = DEFINITIONAL_REPRESENTATION('',(#2543),#2546);
#2543 = B_SPLINE_CURVE_WITH_KNOTS('',1,(#2544,#2545),.UNSPECIFIED.,.F.,
  .F.,(2,2),(-8.500000000679,8.499999999321),.PIECEWISE_BEZIER_KNOTS.);
#2544 = CARTESIAN_POINT('',(8.500000001359,-3.));
#2545 = CARTESIAN_POINT('',(-8.499999998641,-3.));
#2546 = ( GEOMETRIC_REPRESENTATION_CONTEXT(2) 
PARAMETRIC_REPRESENTATION_CONTEXT() REPRESENTATION_CONTEXT('2D SPACE',''
  ) );
#2547 = PCURVE('',#667,#2548);
#2548 = DEFINITIONAL_REPRESENTATION('',(#2549),#2552);
#2549 = B_SPLINE_CURVE_WITH_KNOTS('',1,(#2550,#2551),.UNSPECIFIED.,.F.,
  .F.,(2,2),(-8.500000000679,8.499999999321),.PIECEWISE_BEZIER_KNOTS.);
#2550 = CARTESIAN_POINT('',(8.5,-4.5));
#2551 = CARTESIAN_POINT('',(-8.5,-4.5));
#2552 = ( GEOMETRIC_REPRESENTATION_CONTEXT(2) 
PARAMETRIC_REPRESENTATION_CONTEXT() REPRESENTATION_CONTEXT('2D SPACE',''
  ) );
#2553 = ORIENTED_EDGE('',*,*,#2554,.T.);
#2554 = EDGE_CURVE('',#2534,#2485,#2555,.T.);
#2555 = SURFACE_CURVE('',#2556,(#2561,#2572),.PCURVE_S1.);
#2556 = CIRCLE('',#2557,1.5);
#2557 = AXIS2_PLACEMENT_3D('',#2558,#2559,#2560);
#2558 = CARTESIAN_POINT('',(-8.5,110.,4.));
#2559 = DIRECTION('',(0.,0.,-1.));
#2560 = DIRECTION('',(1.,0.,0.));
#2561 = PCURVE('',#98,#2562);
#2562 = DEFINITIONAL_REPRESENTATION('',(#2563),#2571);
#2563 = ( BOUNDED_CURVE() B_SPLINE_CURVE(2,(#2564,#2565,#2566,#2567,
#2568,#2569,#2570),.UNSPECIFIED.,.T.,.F.) B_SPLINE_CURVE_WITH_KNOTS((1,2
    ,2,2,2,1),(-2.094395102393,0.,2.094395102393,4.188790204786,
6.28318530718,8.377580409573),.UNSPECIFIED.) CURVE() 
GEOMETRIC_REPRESENTATION_ITEM() RATIONAL_B_SPLINE_CURVE((1.,0.5,1.,0.5,
1.,0.5,1.)) REPRESENTATION_ITEM('') );
#2564 = CARTESIAN_POINT('',(-6.999999998641,-1.5));
#2565 = CARTESIAN_POINT('',(-6.999999998641,-4.098076211353));
#2566 = CARTESIAN_POINT('',(-9.249999998641,-2.799038105677));
#2567 = CARTESIAN_POINT('',(-11.49999999864,-1.5));
#2568 = CARTESIAN_POINT('',(-9.249999998641,-0.200961894323));
#2569 = CARTESIAN_POINT('',(-6.999999998641,1.098076211353));
#2570 = CARTESIAN_POINT('',(-6.999999998641,-1.5));
#2571 = ( GEOMETRIC_REPRESENTATION_CONTEXT(2) 
PARAMETRIC_REPRESENTATION_CONTEXT() REPRESENTATION_CONTEXT('2D SPACE',''
  ) );
#2572 = PCURVE('',#697,#2573);
#2573 = DEFINITIONAL_REPRESENTATION('',(#2574),#2578);
#2574 = LINE('',#2575,#2576);
#2575 = CARTESIAN_POINT('',(0.,-4.5));
#2576 = VECTOR('',#2577,1.);
#2577 = DIRECTION('',(1.,0.));
#2578 = ( GEOMETRIC_REPRESENTATION_CONTEXT(2) 
PARAMETRIC_REPRESENTATION_CONTEXT() REPRESENTATION_CONTEXT('2D SPACE',''
  ) );
#2579 = FACE_BOUND('',#2580,.T.);
#2580 = EDGE_LOOP('',(#2581));
#2581 = ORIENTED_EDGE('',*,*,#2582,.F.);
#2582 = EDGE_CURVE('',#2583,#2583,#2585,.T.);
#2583 = VERTEX_POINT('',#2584);
#2584 = CARTESIAN_POINT('',(11.5,140.,4.));
#2585 = SURFACE_CURVE('',#2586,(#2591,#2598),.PCURVE_S1.);
#2586 = CIRCLE('',#2587,11.5);
#2587 = AXIS2_PLACEMENT_3D('',#2588,#2589,#2590);
#2588 = CARTESIAN_POINT('',(0.,140.,4.));
#2589 = DIRECTION('',(0.,0.,1.));
#2590 = DIRECTION('',(1.,0.,-0.));
#2591 = PCURVE('',#98,#2592);
#2592 = DEFINITIONAL_REPRESENTATION('',(#2593),#2597);
#2593 = CIRCLE('',#2594,11.5);
#2594 = AXIS2_PLACEMENT_2D('',#2595,#2596);
#2595 = CARTESIAN_POINT('',(1.358555489328E-09,28.5));
#2596 = DIRECTION('',(1.,0.));
#2597 = ( GEOMETRIC_REPRESENTATION_CONTEXT(2) 
PARAMETRIC_REPRESENTATION_CONTEXT() REPRESENTATION_CONTEXT('2D SPACE',''
  ) );
#2598 = PCURVE('',#2599,#2604);
#2599 = CYLINDRICAL_SURFACE('',#2600,11.5);
#2600 = AXIS2_PLACEMENT_3D('',#2601,#2602,#2603);
#2601 = CARTESIAN_POINT('',(0.,140.,4.));
#2602 = DIRECTION('',(-0.,-0.,-1.));
#2603 = DIRECTION('',(1.,0.,-0.));
#2604 = DEFINITIONAL_REPRESENTATION('',(#2605),#2609);
#2605 = LINE('',#2606,#2607);
#2606 = CARTESIAN_POINT('',(-0.,0.));
#2607 = VECTOR('',#2608,1.);
#2608 = DIRECTION('',(-1.,0.));
#2609 = ( GEOMETRIC_REPRESENTATION_CONTEXT(2) 
PARAMETRIC_REPRESENTATION_CONTEXT() REPRESENTATION_CONTEXT('2D SPACE',''
  ) );
#2610 = FACE_BOUND('',#2611,.T.);
#2611 = EDGE_LOOP('',(#2612,#2644,#2674,#2704,#2734,#2764,#2794,#2824,
    #2854,#2884,#2914,#2944));
#2612 = ORIENTED_EDGE('',*,*,#2613,.T.);
#2613 = EDGE_CURVE('',#2614,#2616,#2618,.T.);
#2614 = VERTEX_POINT('',#2615);
#2615 = CARTESIAN_POINT('',(1.756713867188,152.79260253906,4.));
#2616 = VERTEX_POINT('',#2617);
#2617 = CARTESIAN_POINT('',(1.438110351562,154.10217285156,4.));
#2618 = SURFACE_CURVE('',#2619,(#2623,#2630),.PCURVE_S1.);
#2619 = B_SPLINE_CURVE_WITH_KNOTS('',2,(#2620,#2621,#2622),
  .UNSPECIFIED.,.F.,.F.,(3,3),(0.,1.),.PIECEWISE_BEZIER_KNOTS.);
#2620 = CARTESIAN_POINT('',(1.756713867188,152.79260253906,4.));
#2621 = CARTESIAN_POINT('',(1.438110351562,153.19470214843,4.));
#2622 = CARTESIAN_POINT('',(1.438110351562,154.10217285156,4.));
#2623 = PCURVE('',#98,#2624);
#2624 = DEFINITIONAL_REPRESENTATION('',(#2625),#2629);
#2625 = B_SPLINE_CURVE_WITH_KNOTS('',2,(#2626,#2627,#2628),
  .UNSPECIFIED.,.F.,.F.,(3,3),(0.,1.),.PIECEWISE_BEZIER_KNOTS.);
#2626 = CARTESIAN_POINT('',(1.756713868546,41.292602539062));
#2627 = CARTESIAN_POINT('',(1.438110352921,41.694702148437));
#2628 = CARTESIAN_POINT('',(1.438110352921,42.602172851562));
#2629 = ( GEOMETRIC_REPRESENTATION_CONTEXT(2) 
PARAMETRIC_REPRESENTATION_CONTEXT() REPRESENTATION_CONTEXT('2D SPACE',''
  ) );
#2630 = PCURVE('',#2631,#2638);
#2631 = SURFACE_OF_LINEAR_EXTRUSION('',#2632,#2636);
#2632 = B_SPLINE_CURVE_WITH_KNOTS('',2,(#2633,#2634,#2635),
  .UNSPECIFIED.,.F.,.F.,(3,3),(0.,1.),.PIECEWISE_BEZIER_KNOTS.);
#2633 = CARTESIAN_POINT('',(1.756713867188,152.79260253906,4.));
#2634 = CARTESIAN_POINT('',(1.438110351562,153.19470214843,4.));
#2635 = CARTESIAN_POINT('',(1.438110351562,154.10217285156,4.));
#2636 = VECTOR('',#2637,1.);
#2637 = DIRECTION('',(0.,0.,1.));
#2638 = DEFINITIONAL_REPRESENTATION('',(#2639),#2643);
#2639 = LINE('',#2640,#2641);
#2640 = CARTESIAN_POINT('',(0.,0.));
#2641 = VECTOR('',#2642,1.);
#2642 = DIRECTION('',(1.,0.));
#2643 = ( GEOMETRIC_REPRESENTATION_CONTEXT(2) 
PARAMETRIC_REPRESENTATION_CONTEXT() REPRESENTATION_CONTEXT('2D SPACE',''
  ) );
#2644 = ORIENTED_EDGE('',*,*,#2645,.T.);
#2645 = EDGE_CURVE('',#2616,#2646,#2648,.T.);
#2646 = VERTEX_POINT('',#2647);
#2647 = CARTESIAN_POINT('',(1.5556640625,155.02172851562,4.));
#2648 = SURFACE_CURVE('',#2649,(#2653,#2660),.PCURVE_S1.);
#2649 = B_SPLINE_CURVE_WITH_KNOTS('',2,(#2650,#2651,#2652),
  .UNSPECIFIED.,.F.,.F.,(3,3),(0.,1.),.PIECEWISE_BEZIER_KNOTS.);
#2650 = CARTESIAN_POINT('',(1.438110351562,154.10217285156,4.));
#2651 = CARTESIAN_POINT('',(1.438110351562,154.67346191406,4.));
#2652 = CARTESIAN_POINT('',(1.5556640625,155.02172851562,4.));
#2653 = PCURVE('',#98,#2654);
#2654 = DEFINITIONAL_REPRESENTATION('',(#2655),#2659);
#2655 = B_SPLINE_CURVE_WITH_KNOTS('',2,(#2656,#2657,#2658),
  .UNSPECIFIED.,.F.,.F.,(3,3),(0.,1.),.PIECEWISE_BEZIER_KNOTS.);
#2656 = CARTESIAN_POINT('',(1.438110352921,42.602172851562));
#2657 = CARTESIAN_POINT('',(1.438110352921,43.173461914062));
#2658 = CARTESIAN_POINT('',(1.555664063859,43.521728515625));
#2659 = ( GEOMETRIC_REPRESENTATION_CONTEXT(2) 
PARAMETRIC_REPRESENTATION_CONTEXT() REPRESENTATION_CONTEXT('2D SPACE',''
  ) );
#2660 = PCURVE('',#2661,#2668);
#2661 = SURFACE_OF_LINEAR_EXTRUSION('',#2662,#2666);
#2662 = B_SPLINE_CURVE_WITH_KNOTS('',2,(#2663,#2664,#2665),
  .UNSPECIFIED.,.F.,.F.,(3,3),(0.,1.),.PIECEWISE_BEZIER_KNOTS.);
#2663 = CARTESIAN_POINT('',(1.438110351562,154.10217285156,4.));
#2664 = CARTESIAN_POINT('',(1.438110351562,154.67346191406,4.));
#2665 = CARTESIAN_POINT('',(1.5556640625,155.02172851562,4.));
#2666 = VECTOR('',#2667,1.);
#2667 = DIRECTION('',(0.,0.,1.));
#2668 = DEFINITIONAL_REPRESENTATION('',(#2669),#2673);
#2669 = LINE('',#2670,#2671);
#2670 = CARTESIAN_POINT('',(0.,0.));
#2671 = VECTOR('',#2672,1.);
#2672 = DIRECTION('',(1.,0.));
#2673 = ( GEOMETRIC_REPRESENTATION_CONTEXT(2) 
PARAMETRIC_REPRESENTATION_CONTEXT() REPRESENTATION_CONTEXT('2D SPACE',''
  ) );
#2674 = ORIENTED_EDGE('',*,*,#2675,.T.);
#2675 = EDGE_CURVE('',#2646,#2676,#2678,.T.);
#2676 = VERTEX_POINT('',#2677);
#2677 = CARTESIAN_POINT('',(1.905029296875,155.55895996093,4.));
#2678 = SURFACE_CURVE('',#2679,(#2683,#2690),.PCURVE_S1.);
#2679 = B_SPLINE_CURVE_WITH_KNOTS('',2,(#2680,#2681,#2682),
  .UNSPECIFIED.,.F.,.F.,(3,3),(0.,1.),.PIECEWISE_BEZIER_KNOTS.);
#2680 = CARTESIAN_POINT('',(1.5556640625,155.02172851562,4.));
#2681 = CARTESIAN_POINT('',(1.673217773438,155.36999511718,4.));
#2682 = CARTESIAN_POINT('',(1.905029296875,155.55895996093,4.));
#2683 = PCURVE('',#98,#2684);
#2684 = DEFINITIONAL_REPRESENTATION('',(#2685),#2689);
#2685 = B_SPLINE_CURVE_WITH_KNOTS('',2,(#2686,#2687,#2688),
  .UNSPECIFIED.,.F.,.F.,(3,3),(0.,1.),.PIECEWISE_BEZIER_KNOTS.);
#2686 = CARTESIAN_POINT('',(1.555664063859,43.521728515625));
#2687 = CARTESIAN_POINT('',(1.673217774796,43.869995117187));
#2688 = CARTESIAN_POINT('',(1.905029298234,44.058959960937));
#2689 = ( GEOMETRIC_REPRESENTATION_CONTEXT(2) 
PARAMETRIC_REPRESENTATION_CONTEXT() REPRESENTATION_CONTEXT('2D SPACE',''
  ) );
#2690 = PCURVE('',#2691,#2698);
#2691 = SURFACE_OF_LINEAR_EXTRUSION('',#2692,#2696);
#2692 = B_SPLINE_CURVE_WITH_KNOTS('',2,(#2693,#2694,#2695),
  .UNSPECIFIED.,.F.,.F.,(3,3),(0.,1.),.PIECEWISE_BEZIER_KNOTS.);
#2693 = CARTESIAN_POINT('',(1.5556640625,155.02172851562,4.));
#2694 = CARTESIAN_POINT('',(1.673217773438,155.36999511718,4.));
#2695 = CARTESIAN_POINT('',(1.905029296875,155.55895996093,4.));
#2696 = VECTOR('',#2697,1.);
#2697 = DIRECTION('',(0.,0.,1.));
#2698 = DEFINITIONAL_REPRESENTATION('',(#2699),#2703);
#2699 = LINE('',#2700,#2701);
#2700 = CARTESIAN_POINT('',(0.,0.));
#2701 = VECTOR('',#2702,1.);
#2702 = DIRECTION('',(1.,0.));
#2703 = ( GEOMETRIC_REPRESENTATION_CONTEXT(2) 
PARAMETRIC_REPRESENTATION_CONTEXT() REPRESENTATION_CONTEXT('2D SPACE',''
  ) );
#2704 = ORIENTED_EDGE('',*,*,#2705,.T.);
#2705 = EDGE_CURVE('',#2676,#2706,#2708,.T.);
#2706 = VERTEX_POINT('',#2707);
#2707 = CARTESIAN_POINT('',(2.488403320312,155.74792480468,4.));
#2708 = SURFACE_CURVE('',#2709,(#2713,#2720),.PCURVE_S1.);
#2709 = B_SPLINE_CURVE_WITH_KNOTS('',2,(#2710,#2711,#2712),
  .UNSPECIFIED.,.F.,.F.,(3,3),(0.,1.),.PIECEWISE_BEZIER_KNOTS.);
#2710 = CARTESIAN_POINT('',(1.905029296875,155.55895996093,4.));
#2711 = CARTESIAN_POINT('',(2.136840820312,155.74792480468,4.));
#2712 = CARTESIAN_POINT('',(2.488403320312,155.74792480468,4.));
#2713 = PCURVE('',#98,#2714);
#2714 = DEFINITIONAL_REPRESENTATION('',(#2715),#2719);
#2715 = B_SPLINE_CURVE_WITH_KNOTS('',2,(#2716,#2717,#2718),
  .UNSPECIFIED.,.F.,.F.,(3,3),(0.,1.),.PIECEWISE_BEZIER_KNOTS.);
#2716 = CARTESIAN_POINT('',(1.905029298234,44.058959960937));
#2717 = CARTESIAN_POINT('',(2.136840821671,44.247924804687));
#2718 = CARTESIAN_POINT('',(2.488403321671,44.247924804687));
#2719 = ( GEOMETRIC_REPRESENTATION_CONTEXT(2) 
PARAMETRIC_REPRESENTATION_CONTEXT() REPRESENTATION_CONTEXT('2D SPACE',''
  ) );
#2720 = PCURVE('',#2721,#2728);
#2721 = SURFACE_OF_LINEAR_EXTRUSION('',#2722,#2726);
#2722 = B_SPLINE_CURVE_WITH_KNOTS('',2,(#2723,#2724,#2725),
  .UNSPECIFIED.,.F.,.F.,(3,3),(0.,1.),.PIECEWISE_BEZIER_KNOTS.);
#2723 = CARTESIAN_POINT('',(1.905029296875,155.55895996093,4.));
#2724 = CARTESIAN_POINT('',(2.136840820312,155.74792480468,4.));
#2725 = CARTESIAN_POINT('',(2.488403320312,155.74792480468,4.));
#2726 = VECTOR('',#2727,1.);
#2727 = DIRECTION('',(0.,0.,1.));
#2728 = DEFINITIONAL_REPRESENTATION('',(#2729),#2733);
#2729 = LINE('',#2730,#2731);
#2730 = CARTESIAN_POINT('',(0.,0.));
#2731 = VECTOR('',#2732,1.);
#2732 = DIRECTION('',(1.,0.));
#2733 = ( GEOMETRIC_REPRESENTATION_CONTEXT(2) 
PARAMETRIC_REPRESENTATION_CONTEXT() REPRESENTATION_CONTEXT('2D SPACE',''
  ) );
#2734 = ORIENTED_EDGE('',*,*,#2735,.T.);
#2735 = EDGE_CURVE('',#2706,#2736,#2738,.T.);
#2736 = VERTEX_POINT('',#2737);
#2737 = CARTESIAN_POINT('',(2.943237304688,155.6435546875,4.));
#2738 = SURFACE_CURVE('',#2739,(#2743,#2750),.PCURVE_S1.);
#2739 = B_SPLINE_CURVE_WITH_KNOTS('',2,(#2740,#2741,#2742),
  .UNSPECIFIED.,.F.,.F.,(3,3),(0.,1.),.PIECEWISE_BEZIER_KNOTS.);
#2740 = CARTESIAN_POINT('',(2.488403320312,155.74792480468,4.));
#2741 = CARTESIAN_POINT('',(2.747680664062,155.74792480468,4.));
#2742 = CARTESIAN_POINT('',(2.943237304688,155.6435546875,4.));
#2743 = PCURVE('',#98,#2744);
#2744 = DEFINITIONAL_REPRESENTATION('',(#2745),#2749);
#2745 = B_SPLINE_CURVE_WITH_KNOTS('',2,(#2746,#2747,#2748),
  .UNSPECIFIED.,.F.,.F.,(3,3),(0.,1.),.PIECEWISE_BEZIER_KNOTS.);
#2746 = CARTESIAN_POINT('',(2.488403321671,44.247924804687));
#2747 = CARTESIAN_POINT('',(2.747680665421,44.247924804687));
#2748 = CARTESIAN_POINT('',(2.943237306046,44.1435546875));
#2749 = ( GEOMETRIC_REPRESENTATION_CONTEXT(2) 
PARAMETRIC_REPRESENTATION_CONTEXT() REPRESENTATION_CONTEXT('2D SPACE',''
  ) );
#2750 = PCURVE('',#2751,#2758);
#2751 = SURFACE_OF_LINEAR_EXTRUSION('',#2752,#2756);
#2752 = B_SPLINE_CURVE_WITH_KNOTS('',2,(#2753,#2754,#2755),
  .UNSPECIFIED.,.F.,.F.,(3,3),(0.,1.),.PIECEWISE_BEZIER_KNOTS.);
#2753 = CARTESIAN_POINT('',(2.488403320312,155.74792480468,4.));
#2754 = CARTESIAN_POINT('',(2.747680664062,155.74792480468,4.));
#2755 = CARTESIAN_POINT('',(2.943237304688,155.6435546875,4.));
#2756 = VECTOR('',#2757,1.);
#2757 = DIRECTION('',(0.,0.,1.));
#2758 = DEFINITIONAL_REPRESENTATION('',(#2759),#2763);
#2759 = LINE('',#2760,#2761);
#2760 = CARTESIAN_POINT('',(0.,0.));
#2761 = VECTOR('',#2762,1.);
#2762 = DIRECTION('',(1.,0.));
#2763 = ( GEOMETRIC_REPRESENTATION_CONTEXT(2) 
PARAMETRIC_REPRESENTATION_CONTEXT() REPRESENTATION_CONTEXT('2D SPACE',''
  ) );
#2764 = ORIENTED_EDGE('',*,*,#2765,.T.);
#2765 = EDGE_CURVE('',#2736,#2766,#2768,.T.);
#2766 = VERTEX_POINT('',#2767);
#2767 = CARTESIAN_POINT('',(3.266235351562,155.34252929687,4.));
#2768 = SURFACE_CURVE('',#2769,(#2773,#2780),.PCURVE_S1.);
#2769 = B_SPLINE_CURVE_WITH_KNOTS('',2,(#2770,#2771,#2772),
  .UNSPECIFIED.,.F.,.F.,(3,3),(0.,1.),.PIECEWISE_BEZIER_KNOTS.);
#2770 = CARTESIAN_POINT('',(2.943237304688,155.6435546875,4.));
#2771 = CARTESIAN_POINT('',(3.138793945312,155.53918457031,4.));
#2772 = CARTESIAN_POINT('',(3.266235351562,155.34252929687,4.));
#2773 = PCURVE('',#98,#2774);
#2774 = DEFINITIONAL_REPRESENTATION('',(#2775),#2779);
#2775 = B_SPLINE_CURVE_WITH_KNOTS('',2,(#2776,#2777,#2778),
  .UNSPECIFIED.,.F.,.F.,(3,3),(0.,1.),.PIECEWISE_BEZIER_KNOTS.);
#2776 = CARTESIAN_POINT('',(2.943237306046,44.1435546875));
#2777 = CARTESIAN_POINT('',(3.138793946671,44.039184570312));
#2778 = CARTESIAN_POINT('',(3.266235352921,43.842529296875));
#2779 = ( GEOMETRIC_REPRESENTATION_CONTEXT(2) 
PARAMETRIC_REPRESENTATION_CONTEXT() REPRESENTATION_CONTEXT('2D SPACE',''
  ) );
#2780 = PCURVE('',#2781,#2788);
#2781 = SURFACE_OF_LINEAR_EXTRUSION('',#2782,#2786);
#2782 = B_SPLINE_CURVE_WITH_KNOTS('',2,(#2783,#2784,#2785),
  .UNSPECIFIED.,.F.,.F.,(3,3),(0.,1.),.PIECEWISE_BEZIER_KNOTS.);
#2783 = CARTESIAN_POINT('',(2.943237304688,155.6435546875,4.));
#2784 = CARTESIAN_POINT('',(3.138793945312,155.53918457031,4.));
#2785 = CARTESIAN_POINT('',(3.266235351562,155.34252929687,4.));
#2786 = VECTOR('',#2787,1.);
#2787 = DIRECTION('',(0.,0.,1.));
#2788 = DEFINITIONAL_REPRESENTATION('',(#2789),#2793);
#2789 = LINE('',#2790,#2791);
#2790 = CARTESIAN_POINT('',(0.,0.));
#2791 = VECTOR('',#2792,1.);
#2792 = DIRECTION('',(1.,0.));
#2793 = ( GEOMETRIC_REPRESENTATION_CONTEXT(2) 
PARAMETRIC_REPRESENTATION_CONTEXT() REPRESENTATION_CONTEXT('2D SPACE',''
  ) );
#2794 = ORIENTED_EDGE('',*,*,#2795,.T.);
#2795 = EDGE_CURVE('',#2766,#2796,#2798,.T.);
#2796 = VERTEX_POINT('',#2797);
#2797 = CARTESIAN_POINT('',(3.466186523438,154.86352539062,4.));
#2798 = SURFACE_CURVE('',#2799,(#2803,#2810),.PCURVE_S1.);
#2799 = B_SPLINE_CURVE_WITH_KNOTS('',2,(#2800,#2801,#2802),
  .UNSPECIFIED.,.F.,.F.,(3,3),(0.,1.),.PIECEWISE_BEZIER_KNOTS.);
#2800 = CARTESIAN_POINT('',(3.266235351562,155.34252929687,4.));
#2801 = CARTESIAN_POINT('',(3.393676757812,155.14587402343,4.));
#2802 = CARTESIAN_POINT('',(3.466186523438,154.86352539062,4.));
#2803 = PCURVE('',#98,#2804);
#2804 = DEFINITIONAL_REPRESENTATION('',(#2805),#2809);
#2805 = B_SPLINE_CURVE_WITH_KNOTS('',2,(#2806,#2807,#2808),
  .UNSPECIFIED.,.F.,.F.,(3,3),(0.,1.),.PIECEWISE_BEZIER_KNOTS.);
#2806 = CARTESIAN_POINT('',(3.266235352921,43.842529296875));
#2807 = CARTESIAN_POINT('',(3.393676759171,43.645874023437));
#2808 = CARTESIAN_POINT('',(3.466186524796,43.363525390625));
#2809 = ( GEOMETRIC_REPRESENTATION_CONTEXT(2) 
PARAMETRIC_REPRESENTATION_CONTEXT() REPRESENTATION_CONTEXT('2D SPACE',''
  ) );
#2810 = PCURVE('',#2811,#2818);
#2811 = SURFACE_OF_LINEAR_EXTRUSION('',#2812,#2816);
#2812 = B_SPLINE_CURVE_WITH_KNOTS('',2,(#2813,#2814,#2815),
  .UNSPECIFIED.,.F.,.F.,(3,3),(0.,1.),.PIECEWISE_BEZIER_KNOTS.);
#2813 = CARTESIAN_POINT('',(3.266235351562,155.34252929687,4.));
#2814 = CARTESIAN_POINT('',(3.393676757812,155.14587402343,4.));
#2815 = CARTESIAN_POINT('',(3.466186523438,154.86352539062,4.));
#2816 = VECTOR('',#2817,1.);
#2817 = DIRECTION('',(0.,0.,1.));
#2818 = DEFINITIONAL_REPRESENTATION('',(#2819),#2823);
#2819 = LINE('',#2820,#2821);
#2820 = CARTESIAN_POINT('',(0.,0.));
#2821 = VECTOR('',#2822,1.);
#2822 = DIRECTION('',(1.,0.));
#2823 = ( GEOMETRIC_REPRESENTATION_CONTEXT(2) 
PARAMETRIC_REPRESENTATION_CONTEXT() REPRESENTATION_CONTEXT('2D SPACE',''
  ) );
#2824 = ORIENTED_EDGE('',*,*,#2825,.T.);
#2825 = EDGE_CURVE('',#2796,#2826,#2828,.T.);
#2826 = VERTEX_POINT('',#2827);
#2827 = CARTESIAN_POINT('',(3.538696289062,154.10217285156,4.));
#2828 = SURFACE_CURVE('',#2829,(#2833,#2840),.PCURVE_S1.);
#2829 = B_SPLINE_CURVE_WITH_KNOTS('',2,(#2830,#2831,#2832),
  .UNSPECIFIED.,.F.,.F.,(3,3),(0.,1.),.PIECEWISE_BEZIER_KNOTS.);
#2830 = CARTESIAN_POINT('',(3.466186523438,154.86352539062,4.));
#2831 = CARTESIAN_POINT('',(3.538696289062,154.58117675781,4.));
#2832 = CARTESIAN_POINT('',(3.538696289062,154.10217285156,4.));
#2833 = PCURVE('',#98,#2834);
#2834 = DEFINITIONAL_REPRESENTATION('',(#2835),#2839);
#2835 = B_SPLINE_CURVE_WITH_KNOTS('',2,(#2836,#2837,#2838),
  .UNSPECIFIED.,.F.,.F.,(3,3),(0.,1.),.PIECEWISE_BEZIER_KNOTS.);
#2836 = CARTESIAN_POINT('',(3.466186524796,43.363525390625));
#2837 = CARTESIAN_POINT('',(3.538696290421,43.081176757812));
#2838 = CARTESIAN_POINT('',(3.538696290421,42.602172851562));
#2839 = ( GEOMETRIC_REPRESENTATION_CONTEXT(2) 
PARAMETRIC_REPRESENTATION_CONTEXT() REPRESENTATION_CONTEXT('2D SPACE',''
  ) );
#2840 = PCURVE('',#2841,#2848);
#2841 = SURFACE_OF_LINEAR_EXTRUSION('',#2842,#2846);
#2842 = B_SPLINE_CURVE_WITH_KNOTS('',2,(#2843,#2844,#2845),
  .UNSPECIFIED.,.F.,.F.,(3,3),(0.,1.),.PIECEWISE_BEZIER_KNOTS.);
#2843 = CARTESIAN_POINT('',(3.466186523438,154.86352539062,4.));
#2844 = CARTESIAN_POINT('',(3.538696289062,154.58117675781,4.));
#2845 = CARTESIAN_POINT('',(3.538696289062,154.10217285156,4.));
#2846 = VECTOR('',#2847,1.);
#2847 = DIRECTION('',(0.,0.,1.));
#2848 = DEFINITIONAL_REPRESENTATION('',(#2849),#2853);
#2849 = LINE('',#2850,#2851);
#2850 = CARTESIAN_POINT('',(0.,0.));
#2851 = VECTOR('',#2852,1.);
#2852 = DIRECTION('',(1.,0.));
#2853 = ( GEOMETRIC_REPRESENTATION_CONTEXT(2) 
PARAMETRIC_REPRESENTATION_CONTEXT() REPRESENTATION_CONTEXT('2D SPACE',''
  ) );
#2854 = ORIENTED_EDGE('',*,*,#2855,.T.);
#2855 = EDGE_CURVE('',#2826,#2856,#2858,.T.);
#2856 = VERTEX_POINT('',#2857);
#2857 = CARTESIAN_POINT('',(3.422241210938,153.18701171875,4.));
#2858 = SURFACE_CURVE('',#2859,(#2863,#2870),.PCURVE_S1.);
#2859 = B_SPLINE_CURVE_WITH_KNOTS('',2,(#2860,#2861,#2862),
  .UNSPECIFIED.,.F.,.F.,(3,3),(0.,1.),.PIECEWISE_BEZIER_KNOTS.);
#2860 = CARTESIAN_POINT('',(3.538696289062,154.10217285156,4.));
#2861 = CARTESIAN_POINT('',(3.538696289062,153.53527832031,4.));
#2862 = CARTESIAN_POINT('',(3.422241210938,153.18701171875,4.));
#2863 = PCURVE('',#98,#2864);
#2864 = DEFINITIONAL_REPRESENTATION('',(#2865),#2869);
#2865 = B_SPLINE_CURVE_WITH_KNOTS('',2,(#2866,#2867,#2868),
  .UNSPECIFIED.,.F.,.F.,(3,3),(0.,1.),.PIECEWISE_BEZIER_KNOTS.);
#2866 = CARTESIAN_POINT('',(3.538696290421,42.602172851562));
#2867 = CARTESIAN_POINT('',(3.538696290421,42.035278320312));
#2868 = CARTESIAN_POINT('',(3.422241212296,41.68701171875));
#2869 = ( GEOMETRIC_REPRESENTATION_CONTEXT(2) 
PARAMETRIC_REPRESENTATION_CONTEXT() REPRESENTATION_CONTEXT('2D SPACE',''
  ) );
#2870 = PCURVE('',#2871,#2878);
#2871 = SURFACE_OF_LINEAR_EXTRUSION('',#2872,#2876);
#2872 = B_SPLINE_CURVE_WITH_KNOTS('',2,(#2873,#2874,#2875),
  .UNSPECIFIED.,.F.,.F.,(3,3),(0.,1.),.PIECEWISE_BEZIER_KNOTS.);
#2873 = CARTESIAN_POINT('',(3.538696289062,154.10217285156,4.));
#2874 = CARTESIAN_POINT('',(3.538696289062,153.53527832031,4.));
#2875 = CARTESIAN_POINT('',(3.422241210938,153.18701171875,4.));
#2876 = VECTOR('',#2877,1.);
#2877 = DIRECTION('',(0.,0.,1.));
#2878 = DEFINITIONAL_REPRESENTATION('',(#2879),#2883);
#2879 = LINE('',#2880,#2881);
#2880 = CARTESIAN_POINT('',(0.,0.));
#2881 = VECTOR('',#2882,1.);
#2882 = DIRECTION('',(1.,0.));
#2883 = ( GEOMETRIC_REPRESENTATION_CONTEXT(2) 
PARAMETRIC_REPRESENTATION_CONTEXT() REPRESENTATION_CONTEXT('2D SPACE',''
  ) );
#2884 = ORIENTED_EDGE('',*,*,#2885,.T.);
#2885 = EDGE_CURVE('',#2856,#2886,#2888,.T.);
#2886 = VERTEX_POINT('',#2887);
#2887 = CARTESIAN_POINT('',(3.073974609375,152.64868164062,4.));
#2888 = SURFACE_CURVE('',#2889,(#2893,#2900),.PCURVE_S1.);
#2889 = B_SPLINE_CURVE_WITH_KNOTS('',2,(#2890,#2891,#2892),
  .UNSPECIFIED.,.F.,.F.,(3,3),(0.,1.),.PIECEWISE_BEZIER_KNOTS.);
#2890 = CARTESIAN_POINT('',(3.422241210938,153.18701171875,4.));
#2891 = CARTESIAN_POINT('',(3.305786132812,152.83874511718,4.));
#2892 = CARTESIAN_POINT('',(3.073974609375,152.64868164062,4.));
#2893 = PCURVE('',#98,#2894);
#2894 = DEFINITIONAL_REPRESENTATION('',(#2895),#2899);
#2895 = B_SPLINE_CURVE_WITH_KNOTS('',2,(#2896,#2897,#2898),
  .UNSPECIFIED.,.F.,.F.,(3,3),(0.,1.),.PIECEWISE_BEZIER_KNOTS.);
#2896 = CARTESIAN_POINT('',(3.422241212296,41.68701171875));
#2897 = CARTESIAN_POINT('',(3.305786134171,41.338745117187));
#2898 = CARTESIAN_POINT('',(3.073974610734,41.148681640625));
#2899 = ( GEOMETRIC_REPRESENTATION_CONTEXT(2) 
PARAMETRIC_REPRESENTATION_CONTEXT() REPRESENTATION_CONTEXT('2D SPACE',''
  ) );
#2900 = PCURVE('',#2901,#2908);
#2901 = SURFACE_OF_LINEAR_EXTRUSION('',#2902,#2906);
#2902 = B_SPLINE_CURVE_WITH_KNOTS('',2,(#2903,#2904,#2905),
  .UNSPECIFIED.,.F.,.F.,(3,3),(0.,1.),.PIECEWISE_BEZIER_KNOTS.);
#2903 = CARTESIAN_POINT('',(3.422241210938,153.18701171875,4.));
#2904 = CARTESIAN_POINT('',(3.305786132812,152.83874511718,4.));
#2905 = CARTESIAN_POINT('',(3.073974609375,152.64868164062,4.));
#2906 = VECTOR('',#2907,1.);
#2907 = DIRECTION('',(0.,0.,1.));
#2908 = DEFINITIONAL_REPRESENTATION('',(#2909),#2913);
#2909 = LINE('',#2910,#2911);
#2910 = CARTESIAN_POINT('',(0.,0.));
#2911 = VECTOR('',#2912,1.);
#2912 = DIRECTION('',(1.,0.));
#2913 = ( GEOMETRIC_REPRESENTATION_CONTEXT(2) 
PARAMETRIC_REPRESENTATION_CONTEXT() REPRESENTATION_CONTEXT('2D SPACE',''
  ) );
#2914 = ORIENTED_EDGE('',*,*,#2915,.T.);
#2915 = EDGE_CURVE('',#2886,#2916,#2918,.T.);
#2916 = VERTEX_POINT('',#2917);
#2917 = CARTESIAN_POINT('',(2.488403320312,152.45861816406,4.));
#2918 = SURFACE_CURVE('',#2919,(#2923,#2930),.PCURVE_S1.);
#2919 = B_SPLINE_CURVE_WITH_KNOTS('',2,(#2920,#2921,#2922),
  .UNSPECIFIED.,.F.,.F.,(3,3),(0.,1.),.PIECEWISE_BEZIER_KNOTS.);
#2920 = CARTESIAN_POINT('',(3.073974609375,152.64868164062,4.));
#2921 = CARTESIAN_POINT('',(2.842163085938,152.45861816406,4.));
#2922 = CARTESIAN_POINT('',(2.488403320312,152.45861816406,4.));
#2923 = PCURVE('',#98,#2924);
#2924 = DEFINITIONAL_REPRESENTATION('',(#2925),#2929);
#2925 = B_SPLINE_CURVE_WITH_KNOTS('',2,(#2926,#2927,#2928),
  .UNSPECIFIED.,.F.,.F.,(3,3),(0.,1.),.PIECEWISE_BEZIER_KNOTS.);
#2926 = CARTESIAN_POINT('',(3.073974610734,41.148681640625));
#2927 = CARTESIAN_POINT('',(2.842163087296,40.958618164062));
#2928 = CARTESIAN_POINT('',(2.488403321671,40.958618164062));
#2929 = ( GEOMETRIC_REPRESENTATION_CONTEXT(2) 
PARAMETRIC_REPRESENTATION_CONTEXT() REPRESENTATION_CONTEXT('2D SPACE',''
  ) );
#2930 = PCURVE('',#2931,#2938);
#2931 = SURFACE_OF_LINEAR_EXTRUSION('',#2932,#2936);
#2932 = B_SPLINE_CURVE_WITH_KNOTS('',2,(#2933,#2934,#2935),
  .UNSPECIFIED.,.F.,.F.,(3,3),(0.,1.),.PIECEWISE_BEZIER_KNOTS.);
#2933 = CARTESIAN_POINT('',(3.073974609375,152.64868164062,4.));
#2934 = CARTESIAN_POINT('',(2.842163085938,152.45861816406,4.));
#2935 = CARTESIAN_POINT('',(2.488403320312,152.45861816406,4.));
#2936 = VECTOR('',#2937,1.);
#2937 = DIRECTION('',(0.,0.,1.));
#2938 = DEFINITIONAL_REPRESENTATION('',(#2939),#2943);
#2939 = LINE('',#2940,#2941);
#2940 = CARTESIAN_POINT('',(0.,0.));
#2941 = VECTOR('',#2942,1.);
#2942 = DIRECTION('',(1.,0.));
#2943 = ( GEOMETRIC_REPRESENTATION_CONTEXT(2) 
PARAMETRIC_REPRESENTATION_CONTEXT() REPRESENTATION_CONTEXT('2D SPACE',''
  ) );
#2944 = ORIENTED_EDGE('',*,*,#2945,.T.);
#2945 = EDGE_CURVE('',#2916,#2614,#2946,.T.);
#2946 = SURFACE_CURVE('',#2947,(#2951,#2958),.PCURVE_S1.);
#2947 = B_SPLINE_CURVE_WITH_KNOTS('',2,(#2948,#2949,#2950),
  .UNSPECIFIED.,.F.,.F.,(3,3),(0.,1.),.PIECEWISE_BEZIER_KNOTS.);
#2948 = CARTESIAN_POINT('',(2.488403320312,152.45861816406,4.));
#2949 = CARTESIAN_POINT('',(2.022583007812,152.45861816406,4.));
#2950 = CARTESIAN_POINT('',(1.756713867188,152.79260253906,4.));
#2951 = PCURVE('',#98,#2952);
#2952 = DEFINITIONAL_REPRESENTATION('',(#2953),#2957);
#2953 = B_SPLINE_CURVE_WITH_KNOTS('',2,(#2954,#2955,#2956),
  .UNSPECIFIED.,.F.,.F.,(3,3),(0.,1.),.PIECEWISE_BEZIER_KNOTS.);
#2954 = CARTESIAN_POINT('',(2.488403321671,40.958618164062));
#2955 = CARTESIAN_POINT('',(2.022583009171,40.958618164062));
#2956 = CARTESIAN_POINT('',(1.756713868546,41.292602539062));
#2957 = ( GEOMETRIC_REPRESENTATION_CONTEXT(2) 
PARAMETRIC_REPRESENTATION_CONTEXT() REPRESENTATION_CONTEXT('2D SPACE',''
  ) );
#2958 = PCURVE('',#2959,#2966);
#2959 = SURFACE_OF_LINEAR_EXTRUSION('',#2960,#2964);
#2960 = B_SPLINE_CURVE_WITH_KNOTS('',2,(#2961,#2962,#2963),
  .UNSPECIFIED.,.F.,.F.,(3,3),(0.,1.),.PIECEWISE_BEZIER_KNOTS.);
#2961 = CARTESIAN_POINT('',(2.488403320312,152.45861816406,4.));
#2962 = CARTESIAN_POINT('',(2.022583007812,152.45861816406,4.));
#2963 = CARTESIAN_POINT('',(1.756713867188,152.79260253906,4.));
#2964 = VECTOR('',#2965,1.);
#2965 = DIRECTION('',(0.,0.,1.));
#2966 = DEFINITIONAL_REPRESENTATION('',(#2967),#2971);
#2967 = LINE('',#2968,#2969);
#2968 = CARTESIAN_POINT('',(0.,0.));
#2969 = VECTOR('',#2970,1.);
#2970 = DIRECTION('',(1.,0.));
#2971 = ( GEOMETRIC_REPRESENTATION_CONTEXT(2) 
PARAMETRIC_REPRESENTATION_CONTEXT() REPRESENTATION_CONTEXT('2D SPACE',''
  ) );
#2972 = FACE_BOUND('',#2973,.T.);
#2973 = EDGE_LOOP('',(#2974));
#2974 = ORIENTED_EDGE('',*,*,#2975,.T.);
#2975 = EDGE_CURVE('',#2976,#2976,#2978,.T.);
#2976 = VERTEX_POINT('',#2977);
#2977 = CARTESIAN_POINT('',(2.25,160.,4.));
#2978 = SURFACE_CURVE('',#2979,(#2984,#2995),.PCURVE_S1.);
#2979 = CIRCLE('',#2980,2.25);
#2980 = AXIS2_PLACEMENT_3D('',#2981,#2982,#2983);
#2981 = CARTESIAN_POINT('',(0.,160.,4.));
#2982 = DIRECTION('',(0.,-0.,-1.));
#2983 = DIRECTION('',(1.,0.,-0.));
#2984 = PCURVE('',#98,#2985);
#2985 = DEFINITIONAL_REPRESENTATION('',(#2986),#2994);
#2986 = ( BOUNDED_CURVE() B_SPLINE_CURVE(2,(#2987,#2988,#2989,#2990,
#2991,#2992,#2993),.UNSPECIFIED.,.T.,.F.) B_SPLINE_CURVE_WITH_KNOTS((1,2
    ,2,2,2,1),(-2.094395102393,0.,2.094395102393,4.188790204786,
6.28318530718,8.377580409573),.UNSPECIFIED.) CURVE() 
GEOMETRIC_REPRESENTATION_ITEM() RATIONAL_B_SPLINE_CURVE((1.,0.5,1.,0.5,
1.,0.5,1.)) REPRESENTATION_ITEM('') );
#2987 = CARTESIAN_POINT('',(2.250000001359,48.5));
#2988 = CARTESIAN_POINT('',(2.250000001359,44.60288568297));
#2989 = CARTESIAN_POINT('',(-1.124999998641,46.551442841485));
#2990 = CARTESIAN_POINT('',(-4.499999998641,48.5));
#2991 = CARTESIAN_POINT('',(-1.124999998641,50.448557158515));
#2992 = CARTESIAN_POINT('',(2.250000001359,52.39711431703));
#2993 = CARTESIAN_POINT('',(2.250000001359,48.5));
#2994 = ( GEOMETRIC_REPRESENTATION_CONTEXT(2) 
PARAMETRIC_REPRESENTATION_CONTEXT() REPRESENTATION_CONTEXT('2D SPACE',''
  ) );
#2995 = PCURVE('',#767,#2996);
#2996 = DEFINITIONAL_REPRESENTATION('',(#2997),#3001);
#2997 = LINE('',#2998,#2999);
#2998 = CARTESIAN_POINT('',(-6.28318530718,-4.5));
#2999 = VECTOR('',#3000,1.);
#3000 = DIRECTION('',(1.,-0.));
#3001 = ( GEOMETRIC_REPRESENTATION_CONTEXT(2) 
PARAMETRIC_REPRESENTATION_CONTEXT() REPRESENTATION_CONTEXT('2D SPACE',''
  ) );
#3002 = ADVANCED_FACE('',(#3003),#70,.T.);
#3003 = FACE_BOUND('',#3004,.F.);
#3004 = EDGE_LOOP('',(#3005,#3006,#3007,#3008));
#3005 = ORIENTED_EDGE('',*,*,#193,.T.);
#3006 = ORIENTED_EDGE('',*,*,#54,.T.);
#3007 = ORIENTED_EDGE('',*,*,#833,.T.);
#3008 = ORIENTED_EDGE('',*,*,#3009,.F.);
#3009 = EDGE_CURVE('',#194,#834,#3010,.T.);
#3010 = SURFACE_CURVE('',#3011,(#3015,#3022),.PCURVE_S1.);
#3011 = LINE('',#3012,#3013);
#3012 = CARTESIAN_POINT('',(-1.00000000679E-02,53.,0.));
#3013 = VECTOR('',#3014,1.);
#3014 = DIRECTION('',(0.,0.,1.));
#3015 = PCURVE('',#70,#3016);
#3016 = DEFINITIONAL_REPRESENTATION('',(#3017),#3021);
#3017 = LINE('',#3018,#3019);
#3018 = CARTESIAN_POINT('',(-4.712388980385,0.));
#3019 = VECTOR('',#3020,1.);
#3020 = DIRECTION('',(-0.,-1.));
#3021 = ( GEOMETRIC_REPRESENTATION_CONTEXT(2) 
PARAMETRIC_REPRESENTATION_CONTEXT() REPRESENTATION_CONTEXT('2D SPACE',''
  ) );
#3022 = PCURVE('',#237,#3023);
#3023 = DEFINITIONAL_REPRESENTATION('',(#3024),#3028);
#3024 = LINE('',#3025,#3026);
#3025 = CARTESIAN_POINT('',(-3.989863994747E-17,0.));
#3026 = VECTOR('',#3027,1.);
#3027 = DIRECTION('',(0.,-1.));
#3028 = ( GEOMETRIC_REPRESENTATION_CONTEXT(2) 
PARAMETRIC_REPRESENTATION_CONTEXT() REPRESENTATION_CONTEXT('2D SPACE',''
  ) );
#3029 = ADVANCED_FACE('',(#3030),#237,.F.);
#3030 = FACE_BOUND('',#3031,.F.);
#3031 = EDGE_LOOP('',(#3032,#3033,#3034,#3035));
#3032 = ORIENTED_EDGE('',*,*,#221,.F.);
#3033 = ORIENTED_EDGE('',*,*,#3009,.T.);
#3034 = ORIENTED_EDGE('',*,*,#857,.T.);
#3035 = ORIENTED_EDGE('',*,*,#3036,.F.);
#3036 = EDGE_CURVE('',#222,#858,#3037,.T.);
#3037 = SURFACE_CURVE('',#3038,(#3042,#3049),.PCURVE_S1.);
#3038 = LINE('',#3039,#3040);
#3039 = CARTESIAN_POINT('',(9.999991508548E-03,53.,0.));
#3040 = VECTOR('',#3041,1.);
#3041 = DIRECTION('',(0.,0.,1.));
#3042 = PCURVE('',#237,#3043);
#3043 = DEFINITIONAL_REPRESENTATION('',(#3044),#3048);
#3044 = LINE('',#3045,#3046);
#3045 = CARTESIAN_POINT('',(1.999999157644E-02,0.));
#3046 = VECTOR('',#3047,1.);
#3047 = DIRECTION('',(0.,-1.));
#3048 = ( GEOMETRIC_REPRESENTATION_CONTEXT(2) 
PARAMETRIC_REPRESENTATION_CONTEXT() REPRESENTATION_CONTEXT('2D SPACE',''
  ) );
#3049 = PCURVE('',#270,#3050);
#3050 = DEFINITIONAL_REPRESENTATION('',(#3051),#3055);
#3051 = LINE('',#3052,#3053);
#3052 = CARTESIAN_POINT('',(-4.712388980385,0.));
#3053 = VECTOR('',#3054,1.);
#3054 = DIRECTION('',(-0.,-1.));
#3055 = ( GEOMETRIC_REPRESENTATION_CONTEXT(2) 
PARAMETRIC_REPRESENTATION_CONTEXT() REPRESENTATION_CONTEXT('2D SPACE',''
  ) );
#3056 = ADVANCED_FACE('',(#3057),#270,.T.);
#3057 = FACE_BOUND('',#3058,.F.);
#3058 = EDGE_LOOP('',(#3059,#3060,#3061,#3062));
#3059 = ORIENTED_EDGE('',*,*,#249,.T.);
#3060 = ORIENTED_EDGE('',*,*,#3036,.T.);
#3061 = ORIENTED_EDGE('',*,*,#880,.T.);
#3062 = ORIENTED_EDGE('',*,*,#3063,.F.);
#3063 = EDGE_CURVE('',#250,#881,#3064,.T.);
#3064 = SURFACE_CURVE('',#3065,(#3069,#3076),.PCURVE_S1.);
#3065 = LINE('',#3066,#3067);
#3066 = CARTESIAN_POINT('',(13.999999995788,66.99,0.));
#3067 = VECTOR('',#3068,1.);
#3068 = DIRECTION('',(0.,0.,1.));
#3069 = PCURVE('',#270,#3070);
#3070 = DEFINITIONAL_REPRESENTATION('',(#3071),#3075);
#3071 = LINE('',#3072,#3073);
#3072 = CARTESIAN_POINT('',(-6.28318530718,0.));
#3073 = VECTOR('',#3074,1.);
#3074 = DIRECTION('',(-0.,-1.));
#3075 = ( GEOMETRIC_REPRESENTATION_CONTEXT(2) 
PARAMETRIC_REPRESENTATION_CONTEXT() REPRESENTATION_CONTEXT('2D SPACE',''
  ) );
#3076 = PCURVE('',#297,#3077);
#3077 = DEFINITIONAL_REPRESENTATION('',(#3078),#3082);
#3078 = LINE('',#3079,#3080);
#3079 = CARTESIAN_POINT('',(0.,0.));
#3080 = VECTOR('',#3081,1.);
#3081 = DIRECTION('',(0.,-1.));
#3082 = ( GEOMETRIC_REPRESENTATION_CONTEXT(2) 
PARAMETRIC_REPRESENTATION_CONTEXT() REPRESENTATION_CONTEXT('2D SPACE',''
  ) );
#3083 = ADVANCED_FACE('',(#3084),#297,.F.);
#3084 = FACE_BOUND('',#3085,.F.);
#3085 = EDGE_LOOP('',(#3086,#3087,#3088,#3089,#3110,#3111));
#3086 = ORIENTED_EDGE('',*,*,#282,.F.);
#3087 = ORIENTED_EDGE('',*,*,#3063,.T.);
#3088 = ORIENTED_EDGE('',*,*,#904,.T.);
#3089 = ORIENTED_EDGE('',*,*,#3090,.F.);
#3090 = EDGE_CURVE('',#453,#905,#3091,.T.);
#3091 = SURFACE_CURVE('',#3092,(#3096,#3103),.PCURVE_S1.);
#3092 = LINE('',#3093,#3094);
#3093 = CARTESIAN_POINT('',(13.999999995788,156.01,0.));
#3094 = VECTOR('',#3095,1.);
#3095 = DIRECTION('',(0.,0.,1.));
#3096 = PCURVE('',#297,#3097);
#3097 = DEFINITIONAL_REPRESENTATION('',(#3098),#3102);
#3098 = LINE('',#3099,#3100);
#3099 = CARTESIAN_POINT('',(89.02,0.));
#3100 = VECTOR('',#3101,1.);
#3101 = DIRECTION('',(0.,-1.));
#3102 = ( GEOMETRIC_REPRESENTATION_CONTEXT(2) 
PARAMETRIC_REPRESENTATION_CONTEXT() REPRESENTATION_CONTEXT('2D SPACE',''
  ) );
#3103 = PCURVE('',#492,#3104);
#3104 = DEFINITIONAL_REPRESENTATION('',(#3105),#3109);
#3105 = LINE('',#3106,#3107);
#3106 = CARTESIAN_POINT('',(-0.,0.));
#3107 = VECTOR('',#3108,1.);
#3108 = DIRECTION('',(-0.,-1.));
#3109 = ( GEOMETRIC_REPRESENTATION_CONTEXT(2) 
PARAMETRIC_REPRESENTATION_CONTEXT() REPRESENTATION_CONTEXT('2D SPACE',''
  ) );
#3110 = ORIENTED_EDGE('',*,*,#452,.F.);
#3111 = ORIENTED_EDGE('',*,*,#428,.F.);
#3112 = ADVANCED_FACE('',(#3113),#353,.F.);
#3113 = FACE_BOUND('',#3114,.T.);
#3114 = EDGE_LOOP('',(#3115,#3116,#3137,#3138));
#3115 = ORIENTED_EDGE('',*,*,#332,.T.);
#3116 = ORIENTED_EDGE('',*,*,#3117,.T.);
#3117 = EDGE_CURVE('',#333,#1458,#3118,.T.);
#3118 = SEAM_CURVE('',#3119,(#3123,#3130),.PCURVE_S1.);
#3119 = LINE('',#3120,#3121);
#3120 = CARTESIAN_POINT('',(1.7,56.,-0.5));
#3121 = VECTOR('',#3122,1.);
#3122 = DIRECTION('',(0.,0.,1.));
#3123 = PCURVE('',#353,#3124);
#3124 = DEFINITIONAL_REPRESENTATION('',(#3125),#3129);
#3125 = LINE('',#3126,#3127);
#3126 = CARTESIAN_POINT('',(-6.28318530718,0.));
#3127 = VECTOR('',#3128,1.);
#3128 = DIRECTION('',(-0.,-1.));
#3129 = ( GEOMETRIC_REPRESENTATION_CONTEXT(2) 
PARAMETRIC_REPRESENTATION_CONTEXT() REPRESENTATION_CONTEXT('2D SPACE',''
  ) );
#3130 = PCURVE('',#353,#3131);
#3131 = DEFINITIONAL_REPRESENTATION('',(#3132),#3136);
#3132 = LINE('',#3133,#3134);
#3133 = CARTESIAN_POINT('',(-0.,0.));
#3134 = VECTOR('',#3135,1.);
#3135 = DIRECTION('',(-0.,-1.));
#3136 = ( GEOMETRIC_REPRESENTATION_CONTEXT(2) 
PARAMETRIC_REPRESENTATION_CONTEXT() REPRESENTATION_CONTEXT('2D SPACE',''
  ) );
#3137 = ORIENTED_EDGE('',*,*,#1457,.F.);
#3138 = ORIENTED_EDGE('',*,*,#3117,.F.);
#3139 = ADVANCED_FACE('',(#3140),#388,.F.);
#3140 = FACE_BOUND('',#3141,.T.);
#3141 = EDGE_LOOP('',(#3142,#3143,#3164,#3165));
#3142 = ORIENTED_EDGE('',*,*,#367,.T.);
#3143 = ORIENTED_EDGE('',*,*,#3144,.T.);
#3144 = EDGE_CURVE('',#368,#1488,#3145,.T.);
#3145 = SEAM_CURVE('',#3146,(#3150,#3157),.PCURVE_S1.);
#3146 = LINE('',#3147,#3148);
#3147 = CARTESIAN_POINT('',(1.7,65.,-0.5));
#3148 = VECTOR('',#3149,1.);
#3149 = DIRECTION('',(0.,0.,1.));
#3150 = PCURVE('',#388,#3151);
#3151 = DEFINITIONAL_REPRESENTATION('',(#3152),#3156);
#3152 = LINE('',#3153,#3154);
#3153 = CARTESIAN_POINT('',(-6.28318530718,0.));
#3154 = VECTOR('',#3155,1.);
#3155 = DIRECTION('',(-0.,-1.));
#3156 = ( GEOMETRIC_REPRESENTATION_CONTEXT(2) 
PARAMETRIC_REPRESENTATION_CONTEXT() REPRESENTATION_CONTEXT('2D SPACE',''
  ) );
#3157 = PCURVE('',#388,#3158);
#3158 = DEFINITIONAL_REPRESENTATION('',(#3159),#3163);
#3159 = LINE('',#3160,#3161);
#3160 = CARTESIAN_POINT('',(-0.,0.));
#3161 = VECTOR('',#3162,1.);
#3162 = DIRECTION('',(-0.,-1.));
#3163 = ( GEOMETRIC_REPRESENTATION_CONTEXT(2) 
PARAMETRIC_REPRESENTATION_CONTEXT() REPRESENTATION_CONTEXT('2D SPACE',''
  ) );
#3164 = ORIENTED_EDGE('',*,*,#1487,.F.);
#3165 = ORIENTED_EDGE('',*,*,#3144,.F.);
#3166 = ADVANCED_FACE('',(#3167),#520,.T.);
#3167 = FACE_BOUND('',#3168,.T.);
#3168 = EDGE_LOOP('',(#3169,#3170,#3171,#3192));
#3169 = ORIENTED_EDGE('',*,*,#782,.T.);
#3170 = ORIENTED_EDGE('',*,*,#951,.T.);
#3171 = ORIENTED_EDGE('',*,*,#3172,.F.);
#3172 = EDGE_CURVE('',#476,#928,#3173,.T.);
#3173 = SURFACE_CURVE('',#3174,(#3178,#3185),.PCURVE_S1.);
#3174 = LINE('',#3175,#3176);
#3175 = CARTESIAN_POINT('',(9.99999150855E-03,170.,0.));
#3176 = VECTOR('',#3177,1.);
#3177 = DIRECTION('',(0.,0.,1.));
#3178 = PCURVE('',#520,#3179);
#3179 = DEFINITIONAL_REPRESENTATION('',(#3180),#3184);
#3180 = LINE('',#3181,#3182);
#3181 = CARTESIAN_POINT('',(1.999999157645E-02,0.));
#3182 = VECTOR('',#3183,1.);
#3183 = DIRECTION('',(0.,-1.));
#3184 = ( GEOMETRIC_REPRESENTATION_CONTEXT(2) 
PARAMETRIC_REPRESENTATION_CONTEXT() REPRESENTATION_CONTEXT('2D SPACE',''
  ) );
#3185 = PCURVE('',#492,#3186);
#3186 = DEFINITIONAL_REPRESENTATION('',(#3187),#3191);
#3187 = LINE('',#3188,#3189);
#3188 = CARTESIAN_POINT('',(-1.570796326795,0.));
#3189 = VECTOR('',#3190,1.);
#3190 = DIRECTION('',(-0.,-1.));
#3191 = ( GEOMETRIC_REPRESENTATION_CONTEXT(2) 
PARAMETRIC_REPRESENTATION_CONTEXT() REPRESENTATION_CONTEXT('2D SPACE',''
  ) );
#3192 = ORIENTED_EDGE('',*,*,#504,.F.);
#3193 = ADVANCED_FACE('',(#3194),#492,.T.);
#3194 = FACE_BOUND('',#3195,.F.);
#3195 = EDGE_LOOP('',(#3196,#3197,#3198,#3199));
#3196 = ORIENTED_EDGE('',*,*,#3090,.T.);
#3197 = ORIENTED_EDGE('',*,*,#927,.T.);
#3198 = ORIENTED_EDGE('',*,*,#3172,.F.);
#3199 = ORIENTED_EDGE('',*,*,#475,.F.);
#3200 = ADVANCED_FACE('',(#3201),#577,.F.);
#3201 = FACE_BOUND('',#3202,.T.);
#3202 = EDGE_LOOP('',(#3203,#3204,#3227,#3258));
#3203 = ORIENTED_EDGE('',*,*,#556,.T.);
#3204 = ORIENTED_EDGE('',*,*,#3205,.T.);
#3205 = EDGE_CURVE('',#557,#3206,#3208,.T.);
#3206 = VERTEX_POINT('',#3207);
#3207 = CARTESIAN_POINT('',(9.75,80.,14.));
#3208 = SEAM_CURVE('',#3209,(#3213,#3220),.PCURVE_S1.);
#3209 = LINE('',#3210,#3211);
#3210 = CARTESIAN_POINT('',(9.75,80.,-0.5));
#3211 = VECTOR('',#3212,1.);
#3212 = DIRECTION('',(0.,0.,1.));
#3213 = PCURVE('',#577,#3214);
#3214 = DEFINITIONAL_REPRESENTATION('',(#3215),#3219);
#3215 = LINE('',#3216,#3217);
#3216 = CARTESIAN_POINT('',(-6.28318530718,0.));
#3217 = VECTOR('',#3218,1.);
#3218 = DIRECTION('',(-0.,-1.));
#3219 = ( GEOMETRIC_REPRESENTATION_CONTEXT(2) 
PARAMETRIC_REPRESENTATION_CONTEXT() REPRESENTATION_CONTEXT('2D SPACE',''
  ) );
#3220 = PCURVE('',#577,#3221);
#3221 = DEFINITIONAL_REPRESENTATION('',(#3222),#3226);
#3222 = LINE('',#3223,#3224);
#3223 = CARTESIAN_POINT('',(-0.,0.));
#3224 = VECTOR('',#3225,1.);
#3225 = DIRECTION('',(-0.,-1.));
#3226 = ( GEOMETRIC_REPRESENTATION_CONTEXT(2) 
PARAMETRIC_REPRESENTATION_CONTEXT() REPRESENTATION_CONTEXT('2D SPACE',''
  ) );
#3227 = ORIENTED_EDGE('',*,*,#3228,.F.);
#3228 = EDGE_CURVE('',#3206,#3206,#3229,.T.);
#3229 = SURFACE_CURVE('',#3230,(#3235,#3242),.PCURVE_S1.);
#3230 = CIRCLE('',#3231,9.75);
#3231 = AXIS2_PLACEMENT_3D('',#3232,#3233,#3234);
#3232 = CARTESIAN_POINT('',(0.,80.,14.));
#3233 = DIRECTION('',(0.,-0.,-1.));
#3234 = DIRECTION('',(1.,0.,-0.));
#3235 = PCURVE('',#577,#3236);
#3236 = DEFINITIONAL_REPRESENTATION('',(#3237),#3241);
#3237 = LINE('',#3238,#3239);
#3238 = CARTESIAN_POINT('',(-6.28318530718,-14.5));
#3239 = VECTOR('',#3240,1.);
#3240 = DIRECTION('',(1.,-0.));
#3241 = ( GEOMETRIC_REPRESENTATION_CONTEXT(2) 
PARAMETRIC_REPRESENTATION_CONTEXT() REPRESENTATION_CONTEXT('2D SPACE',''
  ) );
#3242 = PCURVE('',#3243,#3248);
#3243 = PLANE('',#3244);
#3244 = AXIS2_PLACEMENT_3D('',#3245,#3246,#3247);
#3245 = CARTESIAN_POINT('',(-7.134470256727E-16,80.,14.));
#3246 = DIRECTION('',(0.,0.,1.));
#3247 = DIRECTION('',(1.,0.,-0.));
#3248 = DEFINITIONAL_REPRESENTATION('',(#3249),#3257);
#3249 = ( BOUNDED_CURVE() B_SPLINE_CURVE(2,(#3250,#3251,#3252,#3253,
#3254,#3255,#3256),.UNSPECIFIED.,.T.,.F.) B_SPLINE_CURVE_WITH_KNOTS((1,2
    ,2,2,2,1),(-2.094395102393,0.,2.094395102393,4.188790204786,
6.28318530718,8.377580409573),.UNSPECIFIED.) CURVE() 
GEOMETRIC_REPRESENTATION_ITEM() RATIONAL_B_SPLINE_CURVE((1.,0.5,1.,0.5,
1.,0.5,1.)) REPRESENTATION_ITEM('') );
#3250 = CARTESIAN_POINT('',(9.75,0.));
#3251 = CARTESIAN_POINT('',(9.75,-16.88749537379));
#3252 = CARTESIAN_POINT('',(-4.875,-8.443747686898));
#3253 = CARTESIAN_POINT('',(-19.5,-2.388061258337E-15));
#3254 = CARTESIAN_POINT('',(-4.875,8.443747686898));
#3255 = CARTESIAN_POINT('',(9.75,16.887495373797));
#3256 = CARTESIAN_POINT('',(9.75,0.));
#3257 = ( GEOMETRIC_REPRESENTATION_CONTEXT(2) 
PARAMETRIC_REPRESENTATION_CONTEXT() REPRESENTATION_CONTEXT('2D SPACE',''
  ) );
#3258 = ORIENTED_EDGE('',*,*,#3205,.F.);
#3259 = ADVANCED_FACE('',(#3260),#608,.F.);
#3260 = FACE_BOUND('',#3261,.F.);
#3261 = EDGE_LOOP('',(#3262,#3263,#3284,#3285));
#3262 = ORIENTED_EDGE('',*,*,#591,.T.);
#3263 = ORIENTED_EDGE('',*,*,#3264,.T.);
#3264 = EDGE_CURVE('',#594,#2485,#3265,.T.);
#3265 = SURFACE_CURVE('',#3266,(#3270,#3277),.PCURVE_S1.);
#3266 = LINE('',#3267,#3268);
#3267 = CARTESIAN_POINT('',(-8.5,111.5,-0.5));
#3268 = VECTOR('',#3269,1.);
#3269 = DIRECTION('',(0.,0.,1.));
#3270 = PCURVE('',#608,#3271);
#3271 = DEFINITIONAL_REPRESENTATION('',(#3272),#3276);
#3272 = LINE('',#3273,#3274);
#3273 = CARTESIAN_POINT('',(0.,0.));
#3274 = VECTOR('',#3275,1.);
#3275 = DIRECTION('',(0.,-1.));
#3276 = ( GEOMETRIC_REPRESENTATION_CONTEXT(2) 
PARAMETRIC_REPRESENTATION_CONTEXT() REPRESENTATION_CONTEXT('2D SPACE',''
  ) );
#3277 = PCURVE('',#697,#3278);
#3278 = DEFINITIONAL_REPRESENTATION('',(#3279),#3283);
#3279 = LINE('',#3280,#3281);
#3280 = CARTESIAN_POINT('',(4.712388980385,0.));
#3281 = VECTOR('',#3282,1.);
#3282 = DIRECTION('',(0.,-1.));
#3283 = ( GEOMETRIC_REPRESENTATION_CONTEXT(2) 
PARAMETRIC_REPRESENTATION_CONTEXT() REPRESENTATION_CONTEXT('2D SPACE',''
  ) );
#3284 = ORIENTED_EDGE('',*,*,#2482,.F.);
#3285 = ORIENTED_EDGE('',*,*,#3286,.F.);
#3286 = EDGE_CURVE('',#592,#2483,#3287,.T.);
#3287 = SURFACE_CURVE('',#3288,(#3292,#3299),.PCURVE_S1.);
#3288 = LINE('',#3289,#3290);
#3289 = CARTESIAN_POINT('',(8.5,111.5,-0.5));
#3290 = VECTOR('',#3291,1.);
#3291 = DIRECTION('',(0.,0.,1.));
#3292 = PCURVE('',#608,#3293);
#3293 = DEFINITIONAL_REPRESENTATION('',(#3294),#3298);
#3294 = LINE('',#3295,#3296);
#3295 = CARTESIAN_POINT('',(17.,0.));
#3296 = VECTOR('',#3297,1.);
#3297 = DIRECTION('',(0.,-1.));
#3298 = ( GEOMETRIC_REPRESENTATION_CONTEXT(2) 
PARAMETRIC_REPRESENTATION_CONTEXT() REPRESENTATION_CONTEXT('2D SPACE',''
  ) );
#3299 = PCURVE('',#640,#3300);
#3300 = DEFINITIONAL_REPRESENTATION('',(#3301),#3305);
#3301 = LINE('',#3302,#3303);
#3302 = CARTESIAN_POINT('',(1.570796326795,0.));
#3303 = VECTOR('',#3304,1.);
#3304 = DIRECTION('',(0.,-1.));
#3305 = ( GEOMETRIC_REPRESENTATION_CONTEXT(2) 
PARAMETRIC_REPRESENTATION_CONTEXT() REPRESENTATION_CONTEXT('2D SPACE',''
  ) );
#3306 = ADVANCED_FACE('',(#3307),#697,.F.);
#3307 = FACE_BOUND('',#3308,.F.);
#3308 = EDGE_LOOP('',(#3309,#3310,#3331,#3332));
#3309 = ORIENTED_EDGE('',*,*,#678,.F.);
#3310 = ORIENTED_EDGE('',*,*,#3311,.T.);
#3311 = EDGE_CURVE('',#653,#2534,#3312,.T.);
#3312 = SURFACE_CURVE('',#3313,(#3317,#3324),.PCURVE_S1.);
#3313 = LINE('',#3314,#3315);
#3314 = CARTESIAN_POINT('',(-8.5,108.5,-0.5));
#3315 = VECTOR('',#3316,1.);
#3316 = DIRECTION('',(0.,0.,1.));
#3317 = PCURVE('',#697,#3318);
#3318 = DEFINITIONAL_REPRESENTATION('',(#3319),#3323);
#3319 = LINE('',#3320,#3321);
#3320 = CARTESIAN_POINT('',(1.570796326795,0.));
#3321 = VECTOR('',#3322,1.);
#3322 = DIRECTION('',(0.,-1.));
#3323 = ( GEOMETRIC_REPRESENTATION_CONTEXT(2) 
PARAMETRIC_REPRESENTATION_CONTEXT() REPRESENTATION_CONTEXT('2D SPACE',''
  ) );
#3324 = PCURVE('',#667,#3325);
#3325 = DEFINITIONAL_REPRESENTATION('',(#3326),#3330);
#3326 = LINE('',#3327,#3328);
#3327 = CARTESIAN_POINT('',(-8.5,0.));
#3328 = VECTOR('',#3329,1.);
#3329 = DIRECTION('',(0.,-1.));
#3330 = ( GEOMETRIC_REPRESENTATION_CONTEXT(2) 
PARAMETRIC_REPRESENTATION_CONTEXT() REPRESENTATION_CONTEXT('2D SPACE',''
  ) );
#3331 = ORIENTED_EDGE('',*,*,#2554,.T.);
#3332 = ORIENTED_EDGE('',*,*,#3264,.F.);
#3333 = ADVANCED_FACE('',(#3334),#667,.T.);
#3334 = FACE_BOUND('',#3335,.T.);
#3335 = EDGE_LOOP('',(#3336,#3357,#3358,#3359));
#3336 = ORIENTED_EDGE('',*,*,#3337,.F.);
#3337 = EDGE_CURVE('',#620,#2506,#3338,.T.);
#3338 = SURFACE_CURVE('',#3339,(#3343,#3350),.PCURVE_S1.);
#3339 = LINE('',#3340,#3341);
#3340 = CARTESIAN_POINT('',(8.5,108.5,-0.5));
#3341 = VECTOR('',#3342,1.);
#3342 = DIRECTION('',(0.,0.,1.));
#3343 = PCURVE('',#667,#3344);
#3344 = DEFINITIONAL_REPRESENTATION('',(#3345),#3349);
#3345 = LINE('',#3346,#3347);
#3346 = CARTESIAN_POINT('',(8.5,0.));
#3347 = VECTOR('',#3348,1.);
#3348 = DIRECTION('',(0.,-1.));
#3349 = ( GEOMETRIC_REPRESENTATION_CONTEXT(2) 
PARAMETRIC_REPRESENTATION_CONTEXT() REPRESENTATION_CONTEXT('2D SPACE',''
  ) );
#3350 = PCURVE('',#640,#3351);
#3351 = DEFINITIONAL_REPRESENTATION('',(#3352),#3356);
#3352 = LINE('',#3353,#3354);
#3353 = CARTESIAN_POINT('',(4.712388980385,0.));
#3354 = VECTOR('',#3355,1.);
#3355 = DIRECTION('',(0.,-1.));
#3356 = ( GEOMETRIC_REPRESENTATION_CONTEXT(2) 
PARAMETRIC_REPRESENTATION_CONTEXT() REPRESENTATION_CONTEXT('2D SPACE',''
  ) );
#3357 = ORIENTED_EDGE('',*,*,#652,.T.);
#3358 = ORIENTED_EDGE('',*,*,#3311,.T.);
#3359 = ORIENTED_EDGE('',*,*,#2533,.F.);
#3360 = ADVANCED_FACE('',(#3361),#640,.F.);
#3361 = FACE_BOUND('',#3362,.F.);
#3362 = EDGE_LOOP('',(#3363,#3364,#3365,#3366));
#3363 = ORIENTED_EDGE('',*,*,#619,.F.);
#3364 = ORIENTED_EDGE('',*,*,#3286,.T.);
#3365 = ORIENTED_EDGE('',*,*,#2505,.T.);
#3366 = ORIENTED_EDGE('',*,*,#3337,.F.);
#3367 = ADVANCED_FACE('',(#3368),#732,.F.);
#3368 = FACE_BOUND('',#3369,.T.);
#3369 = EDGE_LOOP('',(#3370,#3371,#3394,#3425));
#3370 = ORIENTED_EDGE('',*,*,#711,.T.);
#3371 = ORIENTED_EDGE('',*,*,#3372,.T.);
#3372 = EDGE_CURVE('',#712,#3373,#3375,.T.);
#3373 = VERTEX_POINT('',#3374);
#3374 = CARTESIAN_POINT('',(9.75,140.,14.));
#3375 = SEAM_CURVE('',#3376,(#3380,#3387),.PCURVE_S1.);
#3376 = LINE('',#3377,#3378);
#3377 = CARTESIAN_POINT('',(9.75,140.,-0.5));
#3378 = VECTOR('',#3379,1.);
#3379 = DIRECTION('',(0.,0.,1.));
#3380 = PCURVE('',#732,#3381);
#3381 = DEFINITIONAL_REPRESENTATION('',(#3382),#3386);
#3382 = LINE('',#3383,#3384);
#3383 = CARTESIAN_POINT('',(-6.28318530718,0.));
#3384 = VECTOR('',#3385,1.);
#3385 = DIRECTION('',(-0.,-1.));
#3386 = ( GEOMETRIC_REPRESENTATION_CONTEXT(2) 
PARAMETRIC_REPRESENTATION_CONTEXT() REPRESENTATION_CONTEXT('2D SPACE',''
  ) );
#3387 = PCURVE('',#732,#3388);
#3388 = DEFINITIONAL_REPRESENTATION('',(#3389),#3393);
#3389 = LINE('',#3390,#3391);
#3390 = CARTESIAN_POINT('',(-0.,0.));
#3391 = VECTOR('',#3392,1.);
#3392 = DIRECTION('',(-0.,-1.));
#3393 = ( GEOMETRIC_REPRESENTATION_CONTEXT(2) 
PARAMETRIC_REPRESENTATION_CONTEXT() REPRESENTATION_CONTEXT('2D SPACE',''
  ) );
#3394 = ORIENTED_EDGE('',*,*,#3395,.F.);
#3395 = EDGE_CURVE('',#3373,#3373,#3396,.T.);
#3396 = SURFACE_CURVE('',#3397,(#3402,#3409),.PCURVE_S1.);
#3397 = CIRCLE('',#3398,9.75);
#3398 = AXIS2_PLACEMENT_3D('',#3399,#3400,#3401);
#3399 = CARTESIAN_POINT('',(0.,140.,14.));
#3400 = DIRECTION('',(0.,-0.,-1.));
#3401 = DIRECTION('',(1.,0.,-0.));
#3402 = PCURVE('',#732,#3403);
#3403 = DEFINITIONAL_REPRESENTATION('',(#3404),#3408);
#3404 = LINE('',#3405,#3406);
#3405 = CARTESIAN_POINT('',(-6.28318530718,-14.5));
#3406 = VECTOR('',#3407,1.);
#3407 = DIRECTION('',(1.,-0.));
#3408 = ( GEOMETRIC_REPRESENTATION_CONTEXT(2) 
PARAMETRIC_REPRESENTATION_CONTEXT() REPRESENTATION_CONTEXT('2D SPACE',''
  ) );
#3409 = PCURVE('',#3410,#3415);
#3410 = PLANE('',#3411);
#3411 = AXIS2_PLACEMENT_3D('',#3412,#3413,#3414);
#3412 = CARTESIAN_POINT('',(-7.134470256727E-16,140.,14.));
#3413 = DIRECTION('',(0.,0.,1.));
#3414 = DIRECTION('',(1.,0.,-0.));
#3415 = DEFINITIONAL_REPRESENTATION('',(#3416),#3424);
#3416 = ( BOUNDED_CURVE() B_SPLINE_CURVE(2,(#3417,#3418,#3419,#3420,
#3421,#3422,#3423),.UNSPECIFIED.,.T.,.F.) B_SPLINE_CURVE_WITH_KNOTS((1,2
    ,2,2,2,1),(-2.094395102393,0.,2.094395102393,4.188790204786,
6.28318530718,8.377580409573),.UNSPECIFIED.) CURVE() 
GEOMETRIC_REPRESENTATION_ITEM() RATIONAL_B_SPLINE_CURVE((1.,0.5,1.,0.5,
1.,0.5,1.)) REPRESENTATION_ITEM('') );
#3417 = CARTESIAN_POINT('',(9.75,0.));
#3418 = CARTESIAN_POINT('',(9.75,-16.88749537379));
#3419 = CARTESIAN_POINT('',(-4.875,-8.443747686898));
#3420 = CARTESIAN_POINT('',(-19.5,-2.388061258337E-15));
#3421 = CARTESIAN_POINT('',(-4.875,8.443747686898));
#3422 = CARTESIAN_POINT('',(9.75,16.887495373797));
#3423 = CARTESIAN_POINT('',(9.75,0.));
#3424 = ( GEOMETRIC_REPRESENTATION_CONTEXT(2) 
PARAMETRIC_REPRESENTATION_CONTEXT() REPRESENTATION_CONTEXT('2D SPACE',''
  ) );
#3425 = ORIENTED_EDGE('',*,*,#3372,.F.);
#3426 = ADVANCED_FACE('',(#3427),#767,.F.);
#3427 = FACE_BOUND('',#3428,.T.);
#3428 = EDGE_LOOP('',(#3429,#3430,#3451,#3452));
#3429 = ORIENTED_EDGE('',*,*,#746,.T.);
#3430 = ORIENTED_EDGE('',*,*,#3431,.T.);
#3431 = EDGE_CURVE('',#747,#2976,#3432,.T.);
#3432 = SEAM_CURVE('',#3433,(#3437,#3444),.PCURVE_S1.);
#3433 = LINE('',#3434,#3435);
#3434 = CARTESIAN_POINT('',(2.25,160.,-0.5));
#3435 = VECTOR('',#3436,1.);
#3436 = DIRECTION('',(0.,0.,1.));
#3437 = PCURVE('',#767,#3438);
#3438 = DEFINITIONAL_REPRESENTATION('',(#3439),#3443);
#3439 = LINE('',#3440,#3441);
#3440 = CARTESIAN_POINT('',(-6.28318530718,0.));
#3441 = VECTOR('',#3442,1.);
#3442 = DIRECTION('',(-0.,-1.));
#3443 = ( GEOMETRIC_REPRESENTATION_CONTEXT(2) 
PARAMETRIC_REPRESENTATION_CONTEXT() REPRESENTATION_CONTEXT('2D SPACE',''
  ) );
#3444 = PCURVE('',#767,#3445);
#3445 = DEFINITIONAL_REPRESENTATION('',(#3446),#3450);
#3446 = LINE('',#3447,#3448);
#3447 = CARTESIAN_POINT('',(-0.,0.));
#3448 = VECTOR('',#3449,1.);
#3449 = DIRECTION('',(-0.,-1.));
#3450 = ( GEOMETRIC_REPRESENTATION_CONTEXT(2) 
PARAMETRIC_REPRESENTATION_CONTEXT() REPRESENTATION_CONTEXT('2D SPACE',''
  ) );
#3451 = ORIENTED_EDGE('',*,*,#2975,.F.);
#3452 = ORIENTED_EDGE('',*,*,#3431,.F.);
#3453 = ADVANCED_FACE('',(#3454),#993,.T.);
#3454 = FACE_BOUND('',#3455,.T.);
#3455 = EDGE_LOOP('',(#3456,#3479,#3507,#3528));
#3456 = ORIENTED_EDGE('',*,*,#3457,.T.);
#3457 = EDGE_CURVE('',#976,#3458,#3460,.T.);
#3458 = VERTEX_POINT('',#3459);
#3459 = CARTESIAN_POINT('',(-2.161010742188,94.971435546875,3.4));
#3460 = SURFACE_CURVE('',#3461,(#3465,#3472),.PCURVE_S1.);
#3461 = LINE('',#3462,#3463);
#3462 = CARTESIAN_POINT('',(-2.161010742188,94.971435546875,4.));
#3463 = VECTOR('',#3464,1.);
#3464 = DIRECTION('',(-0.,-0.,-1.));
#3465 = PCURVE('',#993,#3466);
#3466 = DEFINITIONAL_REPRESENTATION('',(#3467),#3471);
#3467 = LINE('',#3468,#3469);
#3468 = CARTESIAN_POINT('',(0.,0.));
#3469 = VECTOR('',#3470,1.);
#3470 = DIRECTION('',(0.,-1.));
#3471 = ( GEOMETRIC_REPRESENTATION_CONTEXT(2) 
PARAMETRIC_REPRESENTATION_CONTEXT() REPRESENTATION_CONTEXT('2D SPACE',''
  ) );
#3472 = PCURVE('',#1441,#3473);
#3473 = DEFINITIONAL_REPRESENTATION('',(#3474),#3478);
#3474 = LINE('',#3475,#3476);
#3475 = CARTESIAN_POINT('',(1.,0.));
#3476 = VECTOR('',#3477,1.);
#3477 = DIRECTION('',(0.,-1.));
#3478 = ( GEOMETRIC_REPRESENTATION_CONTEXT(2) 
PARAMETRIC_REPRESENTATION_CONTEXT() REPRESENTATION_CONTEXT('2D SPACE',''
  ) );
#3479 = ORIENTED_EDGE('',*,*,#3480,.T.);
#3480 = EDGE_CURVE('',#3458,#3481,#3483,.T.);
#3481 = VERTEX_POINT('',#3482);
#3482 = CARTESIAN_POINT('',(-1.707275390625,95.260375976562,3.4));
#3483 = SURFACE_CURVE('',#3484,(#3488,#3495),.PCURVE_S1.);
#3484 = B_SPLINE_CURVE_WITH_KNOTS('',2,(#3485,#3486,#3487),
  .UNSPECIFIED.,.F.,.F.,(3,3),(0.,1.),.PIECEWISE_BEZIER_KNOTS.);
#3485 = CARTESIAN_POINT('',(-2.161010742188,94.971435546875,3.4));
#3486 = CARTESIAN_POINT('',(-2.001708984375,95.183471679688,3.4));
#3487 = CARTESIAN_POINT('',(-1.707275390625,95.260375976562,3.4));
#3488 = PCURVE('',#993,#3489);
#3489 = DEFINITIONAL_REPRESENTATION('',(#3490),#3494);
#3490 = LINE('',#3491,#3492);
#3491 = CARTESIAN_POINT('',(0.,-0.6));
#3492 = VECTOR('',#3493,1.);
#3493 = DIRECTION('',(1.,0.));
#3494 = ( GEOMETRIC_REPRESENTATION_CONTEXT(2) 
PARAMETRIC_REPRESENTATION_CONTEXT() REPRESENTATION_CONTEXT('2D SPACE',''
  ) );
#3495 = PCURVE('',#3496,#3501);
#3496 = PLANE('',#3497);
#3497 = AXIS2_PLACEMENT_3D('',#3498,#3499,#3500);
#3498 = CARTESIAN_POINT('',(-2.502685546875,93.513549804688,3.4));
#3499 = DIRECTION('',(0.,0.,1.));
#3500 = DIRECTION('',(1.,0.,0.));
#3501 = DEFINITIONAL_REPRESENTATION('',(#3502),#3506);
#3502 = B_SPLINE_CURVE_WITH_KNOTS('',2,(#3503,#3504,#3505),
  .UNSPECIFIED.,.F.,.F.,(3,3),(0.,1.),.PIECEWISE_BEZIER_KNOTS.);
#3503 = CARTESIAN_POINT('',(0.341674804688,1.457885742188));
#3504 = CARTESIAN_POINT('',(0.5009765625,1.669921875));
#3505 = CARTESIAN_POINT('',(0.79541015625,1.746826171875));
#3506 = ( GEOMETRIC_REPRESENTATION_CONTEXT(2) 
PARAMETRIC_REPRESENTATION_CONTEXT() REPRESENTATION_CONTEXT('2D SPACE',''
  ) );
#3507 = ORIENTED_EDGE('',*,*,#3508,.F.);
#3508 = EDGE_CURVE('',#978,#3481,#3509,.T.);
#3509 = SURFACE_CURVE('',#3510,(#3514,#3521),.PCURVE_S1.);
#3510 = LINE('',#3511,#3512);
#3511 = CARTESIAN_POINT('',(-1.707275390625,95.260375976562,4.));
#3512 = VECTOR('',#3513,1.);
#3513 = DIRECTION('',(-0.,-0.,-1.));
#3514 = PCURVE('',#993,#3515);
#3515 = DEFINITIONAL_REPRESENTATION('',(#3516),#3520);
#3516 = LINE('',#3517,#3518);
#3517 = CARTESIAN_POINT('',(1.,0.));
#3518 = VECTOR('',#3519,1.);
#3519 = DIRECTION('',(0.,-1.));
#3520 = ( GEOMETRIC_REPRESENTATION_CONTEXT(2) 
PARAMETRIC_REPRESENTATION_CONTEXT() REPRESENTATION_CONTEXT('2D SPACE',''
  ) );
#3521 = PCURVE('',#1023,#3522);
#3522 = DEFINITIONAL_REPRESENTATION('',(#3523),#3527);
#3523 = LINE('',#3524,#3525);
#3524 = CARTESIAN_POINT('',(0.,0.));
#3525 = VECTOR('',#3526,1.);
#3526 = DIRECTION('',(0.,-1.));
#3527 = ( GEOMETRIC_REPRESENTATION_CONTEXT(2) 
PARAMETRIC_REPRESENTATION_CONTEXT() REPRESENTATION_CONTEXT('2D SPACE',''
  ) );
#3528 = ORIENTED_EDGE('',*,*,#975,.F.);
#3529 = ADVANCED_FACE('',(#3530),#1441,.T.);
#3530 = FACE_BOUND('',#3531,.T.);
#3531 = EDGE_LOOP('',(#3532,#3555,#3576,#3577));
#3532 = ORIENTED_EDGE('',*,*,#3533,.T.);
#3533 = EDGE_CURVE('',#1398,#3534,#3536,.T.);
#3534 = VERTEX_POINT('',#3535);
#3535 = CARTESIAN_POINT('',(-2.3203125,94.445190429688,3.4));
#3536 = SURFACE_CURVE('',#3537,(#3541,#3548),.PCURVE_S1.);
#3537 = LINE('',#3538,#3539);
#3538 = CARTESIAN_POINT('',(-2.3203125,94.445190429688,4.));
#3539 = VECTOR('',#3540,1.);
#3540 = DIRECTION('',(-0.,-0.,-1.));
#3541 = PCURVE('',#1441,#3542);
#3542 = DEFINITIONAL_REPRESENTATION('',(#3543),#3547);
#3543 = LINE('',#3544,#3545);
#3544 = CARTESIAN_POINT('',(0.,0.));
#3545 = VECTOR('',#3546,1.);
#3546 = DIRECTION('',(0.,-1.));
#3547 = ( GEOMETRIC_REPRESENTATION_CONTEXT(2) 
PARAMETRIC_REPRESENTATION_CONTEXT() REPRESENTATION_CONTEXT('2D SPACE',''
  ) );
#3548 = PCURVE('',#1413,#3549);
#3549 = DEFINITIONAL_REPRESENTATION('',(#3550),#3554);
#3550 = LINE('',#3551,#3552);
#3551 = CARTESIAN_POINT('',(1.,0.));
#3552 = VECTOR('',#3553,1.);
#3553 = DIRECTION('',(0.,-1.));
#3554 = ( GEOMETRIC_REPRESENTATION_CONTEXT(2) 
PARAMETRIC_REPRESENTATION_CONTEXT() REPRESENTATION_CONTEXT('2D SPACE',''
  ) );
#3555 = ORIENTED_EDGE('',*,*,#3556,.T.);
#3556 = EDGE_CURVE('',#3534,#3458,#3557,.T.);
#3557 = SURFACE_CURVE('',#3558,(#3562,#3569),.PCURVE_S1.);
#3558 = B_SPLINE_CURVE_WITH_KNOTS('',2,(#3559,#3560,#3561),
  .UNSPECIFIED.,.F.,.F.,(3,3),(0.,1.),.PIECEWISE_BEZIER_KNOTS.);
#3559 = CARTESIAN_POINT('',(-2.3203125,94.445190429688,3.4));
#3560 = CARTESIAN_POINT('',(-2.3203125,94.759399414062,3.4));
#3561 = CARTESIAN_POINT('',(-2.161010742188,94.971435546875,3.4));
#3562 = PCURVE('',#1441,#3563);
#3563 = DEFINITIONAL_REPRESENTATION('',(#3564),#3568);
#3564 = LINE('',#3565,#3566);
#3565 = CARTESIAN_POINT('',(0.,-0.6));
#3566 = VECTOR('',#3567,1.);
#3567 = DIRECTION('',(1.,0.));
#3568 = ( GEOMETRIC_REPRESENTATION_CONTEXT(2) 
PARAMETRIC_REPRESENTATION_CONTEXT() REPRESENTATION_CONTEXT('2D SPACE',''
  ) );
#3569 = PCURVE('',#3496,#3570);
#3570 = DEFINITIONAL_REPRESENTATION('',(#3571),#3575);
#3571 = B_SPLINE_CURVE_WITH_KNOTS('',2,(#3572,#3573,#3574),
  .UNSPECIFIED.,.F.,.F.,(3,3),(0.,1.),.PIECEWISE_BEZIER_KNOTS.);
#3572 = CARTESIAN_POINT('',(0.182373046875,0.931640625));
#3573 = CARTESIAN_POINT('',(0.182373046875,1.245849609375));
#3574 = CARTESIAN_POINT('',(0.341674804688,1.457885742188));
#3575 = ( GEOMETRIC_REPRESENTATION_CONTEXT(2) 
PARAMETRIC_REPRESENTATION_CONTEXT() REPRESENTATION_CONTEXT('2D SPACE',''
  ) );
#3576 = ORIENTED_EDGE('',*,*,#3457,.F.);
#3577 = ORIENTED_EDGE('',*,*,#1427,.F.);
#3578 = ADVANCED_FACE('',(#3579),#1023,.T.);
#3579 = FACE_BOUND('',#3580,.T.);
#3580 = EDGE_LOOP('',(#3581,#3582,#3605,#3626));
#3581 = ORIENTED_EDGE('',*,*,#3508,.T.);
#3582 = ORIENTED_EDGE('',*,*,#3583,.T.);
#3583 = EDGE_CURVE('',#3481,#3584,#3586,.T.);
#3584 = VERTEX_POINT('',#3585);
#3585 = CARTESIAN_POINT('',(-2.072021484375,95.517456054688,3.4));
#3586 = SURFACE_CURVE('',#3587,(#3591,#3598),.PCURVE_S1.);
#3587 = B_SPLINE_CURVE_WITH_KNOTS('',2,(#3588,#3589,#3590),
  .UNSPECIFIED.,.F.,.F.,(3,3),(0.,1.),.PIECEWISE_BEZIER_KNOTS.);
#3588 = CARTESIAN_POINT('',(-1.707275390625,95.260375976562,3.4));
#3589 = CARTESIAN_POINT('',(-1.953369140625,95.350463867188,3.4));
#3590 = CARTESIAN_POINT('',(-2.072021484375,95.517456054688,3.4));
#3591 = PCURVE('',#1023,#3592);
#3592 = DEFINITIONAL_REPRESENTATION('',(#3593),#3597);
#3593 = LINE('',#3594,#3595);
#3594 = CARTESIAN_POINT('',(0.,-0.6));
#3595 = VECTOR('',#3596,1.);
#3596 = DIRECTION('',(1.,0.));
#3597 = ( GEOMETRIC_REPRESENTATION_CONTEXT(2) 
PARAMETRIC_REPRESENTATION_CONTEXT() REPRESENTATION_CONTEXT('2D SPACE',''
  ) );
#3598 = PCURVE('',#3496,#3599);
#3599 = DEFINITIONAL_REPRESENTATION('',(#3600),#3604);
#3600 = B_SPLINE_CURVE_WITH_KNOTS('',2,(#3601,#3602,#3603),
  .UNSPECIFIED.,.F.,.F.,(3,3),(0.,1.),.PIECEWISE_BEZIER_KNOTS.);
#3601 = CARTESIAN_POINT('',(0.79541015625,1.746826171875));
#3602 = CARTESIAN_POINT('',(0.54931640625,1.8369140625));
#3603 = CARTESIAN_POINT('',(0.4306640625,2.00390625));
#3604 = ( GEOMETRIC_REPRESENTATION_CONTEXT(2) 
PARAMETRIC_REPRESENTATION_CONTEXT() REPRESENTATION_CONTEXT('2D SPACE',''
  ) );
#3605 = ORIENTED_EDGE('',*,*,#3606,.F.);
#3606 = EDGE_CURVE('',#1008,#3584,#3607,.T.);
#3607 = SURFACE_CURVE('',#3608,(#3612,#3619),.PCURVE_S1.);
#3608 = LINE('',#3609,#3610);
#3609 = CARTESIAN_POINT('',(-2.072021484375,95.517456054688,4.));
#3610 = VECTOR('',#3611,1.);
#3611 = DIRECTION('',(-0.,-0.,-1.));
#3612 = PCURVE('',#1023,#3613);
#3613 = DEFINITIONAL_REPRESENTATION('',(#3614),#3618);
#3614 = LINE('',#3615,#3616);
#3615 = CARTESIAN_POINT('',(1.,0.));
#3616 = VECTOR('',#3617,1.);
#3617 = DIRECTION('',(0.,-1.));
#3618 = ( GEOMETRIC_REPRESENTATION_CONTEXT(2) 
PARAMETRIC_REPRESENTATION_CONTEXT() REPRESENTATION_CONTEXT('2D SPACE',''
  ) );
#3619 = PCURVE('',#1053,#3620);
#3620 = DEFINITIONAL_REPRESENTATION('',(#3621),#3625);
#3621 = LINE('',#3622,#3623);
#3622 = CARTESIAN_POINT('',(0.,0.));
#3623 = VECTOR('',#3624,1.);
#3624 = DIRECTION('',(0.,-1.));
#3625 = ( GEOMETRIC_REPRESENTATION_CONTEXT(2) 
PARAMETRIC_REPRESENTATION_CONTEXT() REPRESENTATION_CONTEXT('2D SPACE',''
  ) );
#3626 = ORIENTED_EDGE('',*,*,#1007,.F.);
#3627 = ADVANCED_FACE('',(#3628),#1413,.T.);
#3628 = FACE_BOUND('',#3629,.T.);
#3629 = EDGE_LOOP('',(#3630,#3653,#3674,#3675));
#3630 = ORIENTED_EDGE('',*,*,#3631,.T.);
#3631 = EDGE_CURVE('',#1368,#3632,#3634,.T.);
#3632 = VERTEX_POINT('',#3633);
#3633 = CARTESIAN_POINT('',(-2.028076171875,93.740966796875,3.4));
#3634 = SURFACE_CURVE('',#3635,(#3639,#3646),.PCURVE_S1.);
#3635 = LINE('',#3636,#3637);
#3636 = CARTESIAN_POINT('',(-2.028076171875,93.740966796875,4.));
#3637 = VECTOR('',#3638,1.);
#3638 = DIRECTION('',(-0.,-0.,-1.));
#3639 = PCURVE('',#1413,#3640);
#3640 = DEFINITIONAL_REPRESENTATION('',(#3641),#3645);
#3641 = LINE('',#3642,#3643);
#3642 = CARTESIAN_POINT('',(0.,0.));
#3643 = VECTOR('',#3644,1.);
#3644 = DIRECTION('',(0.,-1.));
#3645 = ( GEOMETRIC_REPRESENTATION_CONTEXT(2) 
PARAMETRIC_REPRESENTATION_CONTEXT() REPRESENTATION_CONTEXT('2D SPACE',''
  ) );
#3646 = PCURVE('',#1383,#3647);
#3647 = DEFINITIONAL_REPRESENTATION('',(#3648),#3652);
#3648 = LINE('',#3649,#3650);
#3649 = CARTESIAN_POINT('',(1.,0.));
#3650 = VECTOR('',#3651,1.);
#3651 = DIRECTION('',(0.,-1.));
#3652 = ( GEOMETRIC_REPRESENTATION_CONTEXT(2) 
PARAMETRIC_REPRESENTATION_CONTEXT() REPRESENTATION_CONTEXT('2D SPACE',''
  ) );
#3653 = ORIENTED_EDGE('',*,*,#3654,.T.);
#3654 = EDGE_CURVE('',#3632,#3534,#3655,.T.);
#3655 = SURFACE_CURVE('',#3656,(#3660,#3667),.PCURVE_S1.);
#3656 = B_SPLINE_CURVE_WITH_KNOTS('',2,(#3657,#3658,#3659),
  .UNSPECIFIED.,.F.,.F.,(3,3),(0.,1.),.PIECEWISE_BEZIER_KNOTS.);
#3657 = CARTESIAN_POINT('',(-2.028076171875,93.740966796875,3.4));
#3658 = CARTESIAN_POINT('',(-2.3203125,94.023315429688,3.4));
#3659 = CARTESIAN_POINT('',(-2.3203125,94.445190429688,3.4));
#3660 = PCURVE('',#1413,#3661);
#3661 = DEFINITIONAL_REPRESENTATION('',(#3662),#3666);
#3662 = LINE('',#3663,#3664);
#3663 = CARTESIAN_POINT('',(0.,-0.6));
#3664 = VECTOR('',#3665,1.);
#3665 = DIRECTION('',(1.,0.));
#3666 = ( GEOMETRIC_REPRESENTATION_CONTEXT(2) 
PARAMETRIC_REPRESENTATION_CONTEXT() REPRESENTATION_CONTEXT('2D SPACE',''
  ) );
#3667 = PCURVE('',#3496,#3668);
#3668 = DEFINITIONAL_REPRESENTATION('',(#3669),#3673);
#3669 = B_SPLINE_CURVE_WITH_KNOTS('',2,(#3670,#3671,#3672),
  .UNSPECIFIED.,.F.,.F.,(3,3),(0.,1.),.PIECEWISE_BEZIER_KNOTS.);
#3670 = CARTESIAN_POINT('',(0.474609375,0.227416992188));
#3671 = CARTESIAN_POINT('',(0.182373046875,0.509765625));
#3672 = CARTESIAN_POINT('',(0.182373046875,0.931640625));
#3673 = ( GEOMETRIC_REPRESENTATION_CONTEXT(2) 
PARAMETRIC_REPRESENTATION_CONTEXT() REPRESENTATION_CONTEXT('2D SPACE',''
  ) );
#3674 = ORIENTED_EDGE('',*,*,#3533,.F.);
#3675 = ORIENTED_EDGE('',*,*,#1397,.F.);
#3676 = ADVANCED_FACE('',(#3677),#1053,.T.);
#3677 = FACE_BOUND('',#3678,.T.);
#3678 = EDGE_LOOP('',(#3679,#3680,#3703,#3724));
#3679 = ORIENTED_EDGE('',*,*,#3606,.T.);
#3680 = ORIENTED_EDGE('',*,*,#3681,.T.);
#3681 = EDGE_CURVE('',#3584,#3682,#3684,.T.);
#3682 = VERTEX_POINT('',#3683);
#3683 = CARTESIAN_POINT('',(-2.190673828125,95.917358398438,3.4));
#3684 = SURFACE_CURVE('',#3685,(#3689,#3696),.PCURVE_S1.);
#3685 = B_SPLINE_CURVE_WITH_KNOTS('',2,(#3686,#3687,#3688),
  .UNSPECIFIED.,.F.,.F.,(3,3),(0.,1.),.PIECEWISE_BEZIER_KNOTS.);
#3686 = CARTESIAN_POINT('',(-2.072021484375,95.517456054688,3.4));
#3687 = CARTESIAN_POINT('',(-2.190673828125,95.684448242188,3.4));
#3688 = CARTESIAN_POINT('',(-2.190673828125,95.917358398438,3.4));
#3689 = PCURVE('',#1053,#3690);
#3690 = DEFINITIONAL_REPRESENTATION('',(#3691),#3695);
#3691 = LINE('',#3692,#3693);
#3692 = CARTESIAN_POINT('',(0.,-0.6));
#3693 = VECTOR('',#3694,1.);
#3694 = DIRECTION('',(1.,0.));
#3695 = ( GEOMETRIC_REPRESENTATION_CONTEXT(2) 
PARAMETRIC_REPRESENTATION_CONTEXT() REPRESENTATION_CONTEXT('2D SPACE',''
  ) );
#3696 = PCURVE('',#3496,#3697);
#3697 = DEFINITIONAL_REPRESENTATION('',(#3698),#3702);
#3698 = B_SPLINE_CURVE_WITH_KNOTS('',2,(#3699,#3700,#3701),
  .UNSPECIFIED.,.F.,.F.,(3,3),(0.,1.),.PIECEWISE_BEZIER_KNOTS.);
#3699 = CARTESIAN_POINT('',(0.4306640625,2.00390625));
#3700 = CARTESIAN_POINT('',(0.31201171875,2.1708984375));
#3701 = CARTESIAN_POINT('',(0.31201171875,2.40380859375));
#3702 = ( GEOMETRIC_REPRESENTATION_CONTEXT(2) 
PARAMETRIC_REPRESENTATION_CONTEXT() REPRESENTATION_CONTEXT('2D SPACE',''
  ) );
#3703 = ORIENTED_EDGE('',*,*,#3704,.F.);
#3704 = EDGE_CURVE('',#1038,#3682,#3705,.T.);
#3705 = SURFACE_CURVE('',#3706,(#3710,#3717),.PCURVE_S1.);
#3706 = LINE('',#3707,#3708);
#3707 = CARTESIAN_POINT('',(-2.190673828125,95.917358398438,4.));
#3708 = VECTOR('',#3709,1.);
#3709 = DIRECTION('',(-0.,-0.,-1.));
#3710 = PCURVE('',#1053,#3711);
#3711 = DEFINITIONAL_REPRESENTATION('',(#3712),#3716);
#3712 = LINE('',#3713,#3714);
#3713 = CARTESIAN_POINT('',(1.,0.));
#3714 = VECTOR('',#3715,1.);
#3715 = DIRECTION('',(0.,-1.));
#3716 = ( GEOMETRIC_REPRESENTATION_CONTEXT(2) 
PARAMETRIC_REPRESENTATION_CONTEXT() REPRESENTATION_CONTEXT('2D SPACE',''
  ) );
#3717 = PCURVE('',#1083,#3718);
#3718 = DEFINITIONAL_REPRESENTATION('',(#3719),#3723);
#3719 = LINE('',#3720,#3721);
#3720 = CARTESIAN_POINT('',(0.,0.));
#3721 = VECTOR('',#3722,1.);
#3722 = DIRECTION('',(0.,-1.));
#3723 = ( GEOMETRIC_REPRESENTATION_CONTEXT(2) 
PARAMETRIC_REPRESENTATION_CONTEXT() REPRESENTATION_CONTEXT('2D SPACE',''
  ) );
#3724 = ORIENTED_EDGE('',*,*,#1037,.F.);
#3725 = ADVANCED_FACE('',(#3726),#1383,.T.);
#3726 = FACE_BOUND('',#3727,.T.);
#3727 = EDGE_LOOP('',(#3728,#3751,#3772,#3773));
#3728 = ORIENTED_EDGE('',*,*,#3729,.T.);
#3729 = EDGE_CURVE('',#1338,#3730,#3732,.T.);
#3730 = VERTEX_POINT('',#3731);
#3731 = CARTESIAN_POINT('',(-1.259033203125,93.458618164062,3.4));
#3732 = SURFACE_CURVE('',#3733,(#3737,#3744),.PCURVE_S1.);
#3733 = LINE('',#3734,#3735);
#3734 = CARTESIAN_POINT('',(-1.259033203125,93.458618164062,4.));
#3735 = VECTOR('',#3736,1.);
#3736 = DIRECTION('',(-0.,-0.,-1.));
#3737 = PCURVE('',#1383,#3738);
#3738 = DEFINITIONAL_REPRESENTATION('',(#3739),#3743);
#3739 = LINE('',#3740,#3741);
#3740 = CARTESIAN_POINT('',(0.,0.));
#3741 = VECTOR('',#3742,1.);
#3742 = DIRECTION('',(0.,-1.));
#3743 = ( GEOMETRIC_REPRESENTATION_CONTEXT(2) 
PARAMETRIC_REPRESENTATION_CONTEXT() REPRESENTATION_CONTEXT('2D SPACE',''
  ) );
#3744 = PCURVE('',#1353,#3745);
#3745 = DEFINITIONAL_REPRESENTATION('',(#3746),#3750);
#3746 = LINE('',#3747,#3748);
#3747 = CARTESIAN_POINT('',(1.,0.));
#3748 = VECTOR('',#3749,1.);
#3749 = DIRECTION('',(0.,-1.));
#3750 = ( GEOMETRIC_REPRESENTATION_CONTEXT(2) 
PARAMETRIC_REPRESENTATION_CONTEXT() REPRESENTATION_CONTEXT('2D SPACE',''
  ) );
#3751 = ORIENTED_EDGE('',*,*,#3752,.T.);
#3752 = EDGE_CURVE('',#3730,#3632,#3753,.T.);
#3753 = SURFACE_CURVE('',#3754,(#3758,#3765),.PCURVE_S1.);
#3754 = B_SPLINE_CURVE_WITH_KNOTS('',2,(#3755,#3756,#3757),
  .UNSPECIFIED.,.F.,.F.,(3,3),(0.,1.),.PIECEWISE_BEZIER_KNOTS.);
#3755 = CARTESIAN_POINT('',(-1.259033203125,93.458618164062,3.4));
#3756 = CARTESIAN_POINT('',(-1.73583984375,93.458618164062,3.4));
#3757 = CARTESIAN_POINT('',(-2.028076171875,93.740966796875,3.4));
#3758 = PCURVE('',#1383,#3759);
#3759 = DEFINITIONAL_REPRESENTATION('',(#3760),#3764);
#3760 = LINE('',#3761,#3762);
#3761 = CARTESIAN_POINT('',(0.,-0.6));
#3762 = VECTOR('',#3763,1.);
#3763 = DIRECTION('',(1.,0.));
#3764 = ( GEOMETRIC_REPRESENTATION_CONTEXT(2) 
PARAMETRIC_REPRESENTATION_CONTEXT() REPRESENTATION_CONTEXT('2D SPACE',''
  ) );
#3765 = PCURVE('',#3496,#3766);
#3766 = DEFINITIONAL_REPRESENTATION('',(#3767),#3771);
#3767 = B_SPLINE_CURVE_WITH_KNOTS('',2,(#3768,#3769,#3770),
  .UNSPECIFIED.,.F.,.F.,(3,3),(0.,1.),.PIECEWISE_BEZIER_KNOTS.);
#3768 = CARTESIAN_POINT('',(1.24365234375,-5.4931640625E-02));
#3769 = CARTESIAN_POINT('',(0.766845703125,-5.4931640625E-02));
#3770 = CARTESIAN_POINT('',(0.474609375,0.227416992188));
#3771 = ( GEOMETRIC_REPRESENTATION_CONTEXT(2) 
PARAMETRIC_REPRESENTATION_CONTEXT() REPRESENTATION_CONTEXT('2D SPACE',''
  ) );
#3772 = ORIENTED_EDGE('',*,*,#3631,.F.);
#3773 = ORIENTED_EDGE('',*,*,#1367,.F.);
#3774 = ADVANCED_FACE('',(#3775),#1083,.T.);
#3775 = FACE_BOUND('',#3776,.T.);
#3776 = EDGE_LOOP('',(#3777,#3778,#3801,#3822));
#3777 = ORIENTED_EDGE('',*,*,#3704,.T.);
#3778 = ORIENTED_EDGE('',*,*,#3779,.T.);
#3779 = EDGE_CURVE('',#3682,#3780,#3782,.T.);
#3780 = VERTEX_POINT('',#3781);
#3781 = CARTESIAN_POINT('',(-1.93798828125,96.508422851562,3.4));
#3782 = SURFACE_CURVE('',#3783,(#3787,#3794),.PCURVE_S1.);
#3783 = B_SPLINE_CURVE_WITH_KNOTS('',2,(#3784,#3785,#3786),
  .UNSPECIFIED.,.F.,.F.,(3,3),(0.,1.),.PIECEWISE_BEZIER_KNOTS.);
#3784 = CARTESIAN_POINT('',(-2.190673828125,95.917358398438,3.4));
#3785 = CARTESIAN_POINT('',(-2.190673828125,96.268920898438,3.4));
#3786 = CARTESIAN_POINT('',(-1.93798828125,96.508422851562,3.4));
#3787 = PCURVE('',#1083,#3788);
#3788 = DEFINITIONAL_REPRESENTATION('',(#3789),#3793);
#3789 = LINE('',#3790,#3791);
#3790 = CARTESIAN_POINT('',(0.,-0.6));
#3791 = VECTOR('',#3792,1.);
#3792 = DIRECTION('',(1.,0.));
#3793 = ( GEOMETRIC_REPRESENTATION_CONTEXT(2) 
PARAMETRIC_REPRESENTATION_CONTEXT() REPRESENTATION_CONTEXT('2D SPACE',''
  ) );
#3794 = PCURVE('',#3496,#3795);
#3795 = DEFINITIONAL_REPRESENTATION('',(#3796),#3800);
#3796 = B_SPLINE_CURVE_WITH_KNOTS('',2,(#3797,#3798,#3799),
  .UNSPECIFIED.,.F.,.F.,(3,3),(0.,1.),.PIECEWISE_BEZIER_KNOTS.);
#3797 = CARTESIAN_POINT('',(0.31201171875,2.40380859375));
#3798 = CARTESIAN_POINT('',(0.31201171875,2.75537109375));
#3799 = CARTESIAN_POINT('',(0.564697265625,2.994873046875));
#3800 = ( GEOMETRIC_REPRESENTATION_CONTEXT(2) 
PARAMETRIC_REPRESENTATION_CONTEXT() REPRESENTATION_CONTEXT('2D SPACE',''
  ) );
#3801 = ORIENTED_EDGE('',*,*,#3802,.F.);
#3802 = EDGE_CURVE('',#1068,#3780,#3803,.T.);
#3803 = SURFACE_CURVE('',#3804,(#3808,#3815),.PCURVE_S1.);
#3804 = LINE('',#3805,#3806);
#3805 = CARTESIAN_POINT('',(-1.93798828125,96.508422851562,4.));
#3806 = VECTOR('',#3807,1.);
#3807 = DIRECTION('',(-0.,-0.,-1.));
#3808 = PCURVE('',#1083,#3809);
#3809 = DEFINITIONAL_REPRESENTATION('',(#3810),#3814);
#3810 = LINE('',#3811,#3812);
#3811 = CARTESIAN_POINT('',(1.,0.));
#3812 = VECTOR('',#3813,1.);
#3813 = DIRECTION('',(0.,-1.));
#3814 = ( GEOMETRIC_REPRESENTATION_CONTEXT(2) 
PARAMETRIC_REPRESENTATION_CONTEXT() REPRESENTATION_CONTEXT('2D SPACE',''
  ) );
#3815 = PCURVE('',#1113,#3816);
#3816 = DEFINITIONAL_REPRESENTATION('',(#3817),#3821);
#3817 = LINE('',#3818,#3819);
#3818 = CARTESIAN_POINT('',(0.,0.));
#3819 = VECTOR('',#3820,1.);
#3820 = DIRECTION('',(0.,-1.));
#3821 = ( GEOMETRIC_REPRESENTATION_CONTEXT(2) 
PARAMETRIC_REPRESENTATION_CONTEXT() REPRESENTATION_CONTEXT('2D SPACE',''
  ) );
#3822 = ORIENTED_EDGE('',*,*,#1067,.F.);
#3823 = ADVANCED_FACE('',(#3824),#1353,.T.);
#3824 = FACE_BOUND('',#3825,.T.);
#3825 = EDGE_LOOP('',(#3826,#3849,#3870,#3871));
#3826 = ORIENTED_EDGE('',*,*,#3827,.T.);
#3827 = EDGE_CURVE('',#1308,#3828,#3830,.T.);
#3828 = VERTEX_POINT('',#3829);
#3829 = CARTESIAN_POINT('',(-0.489990234375,93.739868164062,3.4));
#3830 = SURFACE_CURVE('',#3831,(#3835,#3842),.PCURVE_S1.);
#3831 = LINE('',#3832,#3833);
#3832 = CARTESIAN_POINT('',(-0.489990234375,93.739868164062,4.));
#3833 = VECTOR('',#3834,1.);
#3834 = DIRECTION('',(-0.,-0.,-1.));
#3835 = PCURVE('',#1353,#3836);
#3836 = DEFINITIONAL_REPRESENTATION('',(#3837),#3841);
#3837 = LINE('',#3838,#3839);
#3838 = CARTESIAN_POINT('',(0.,0.));
#3839 = VECTOR('',#3840,1.);
#3840 = DIRECTION('',(0.,-1.));
#3841 = ( GEOMETRIC_REPRESENTATION_CONTEXT(2) 
PARAMETRIC_REPRESENTATION_CONTEXT() REPRESENTATION_CONTEXT('2D SPACE',''
  ) );
#3842 = PCURVE('',#1323,#3843);
#3843 = DEFINITIONAL_REPRESENTATION('',(#3844),#3848);
#3844 = LINE('',#3845,#3846);
#3845 = CARTESIAN_POINT('',(1.,0.));
#3846 = VECTOR('',#3847,1.);
#3847 = DIRECTION('',(0.,-1.));
#3848 = ( GEOMETRIC_REPRESENTATION_CONTEXT(2) 
PARAMETRIC_REPRESENTATION_CONTEXT() REPRESENTATION_CONTEXT('2D SPACE',''
  ) );
#3849 = ORIENTED_EDGE('',*,*,#3850,.T.);
#3850 = EDGE_CURVE('',#3828,#3730,#3851,.T.);
#3851 = SURFACE_CURVE('',#3852,(#3856,#3863),.PCURVE_S1.);
#3852 = B_SPLINE_CURVE_WITH_KNOTS('',2,(#3853,#3854,#3855),
  .UNSPECIFIED.,.F.,.F.,(3,3),(0.,1.),.PIECEWISE_BEZIER_KNOTS.);
#3853 = CARTESIAN_POINT('',(-0.489990234375,93.739868164062,3.4));
#3854 = CARTESIAN_POINT('',(-0.7822265625,93.458618164062,3.4));
#3855 = CARTESIAN_POINT('',(-1.259033203125,93.458618164062,3.4));
#3856 = PCURVE('',#1353,#3857);
#3857 = DEFINITIONAL_REPRESENTATION('',(#3858),#3862);
#3858 = LINE('',#3859,#3860);
#3859 = CARTESIAN_POINT('',(0.,-0.6));
#3860 = VECTOR('',#3861,1.);
#3861 = DIRECTION('',(1.,0.));
#3862 = ( GEOMETRIC_REPRESENTATION_CONTEXT(2) 
PARAMETRIC_REPRESENTATION_CONTEXT() REPRESENTATION_CONTEXT('2D SPACE',''
  ) );
#3863 = PCURVE('',#3496,#3864);
#3864 = DEFINITIONAL_REPRESENTATION('',(#3865),#3869);
#3865 = B_SPLINE_CURVE_WITH_KNOTS('',2,(#3866,#3867,#3868),
  .UNSPECIFIED.,.F.,.F.,(3,3),(0.,1.),.PIECEWISE_BEZIER_KNOTS.);
#3866 = CARTESIAN_POINT('',(2.0126953125,0.226318359375));
#3867 = CARTESIAN_POINT('',(1.720458984375,-5.4931640625E-02));
#3868 = CARTESIAN_POINT('',(1.24365234375,-5.4931640625E-02));
#3869 = ( GEOMETRIC_REPRESENTATION_CONTEXT(2) 
PARAMETRIC_REPRESENTATION_CONTEXT() REPRESENTATION_CONTEXT('2D SPACE',''
  ) );
#3870 = ORIENTED_EDGE('',*,*,#3729,.F.);
#3871 = ORIENTED_EDGE('',*,*,#1337,.F.);
#3872 = ADVANCED_FACE('',(#3873),#1113,.T.);
#3873 = FACE_BOUND('',#3874,.T.);
#3874 = EDGE_LOOP('',(#3875,#3876,#3899,#3920));
#3875 = ORIENTED_EDGE('',*,*,#3802,.T.);
#3876 = ORIENTED_EDGE('',*,*,#3877,.T.);
#3877 = EDGE_CURVE('',#3780,#3878,#3880,.T.);
#3878 = VERTEX_POINT('',#3879);
#3879 = CARTESIAN_POINT('',(-1.265625,96.747924804688,3.4));
#3880 = SURFACE_CURVE('',#3881,(#3885,#3892),.PCURVE_S1.);
#3881 = B_SPLINE_CURVE_WITH_KNOTS('',2,(#3882,#3883,#3884),
  .UNSPECIFIED.,.F.,.F.,(3,3),(0.,1.),.PIECEWISE_BEZIER_KNOTS.);
#3882 = CARTESIAN_POINT('',(-1.93798828125,96.508422851562,3.4));
#3883 = CARTESIAN_POINT('',(-1.685302734375,96.747924804688,3.4));
#3884 = CARTESIAN_POINT('',(-1.265625,96.747924804688,3.4));
#3885 = PCURVE('',#1113,#3886);
#3886 = DEFINITIONAL_REPRESENTATION('',(#3887),#3891);
#3887 = LINE('',#3888,#3889);
#3888 = CARTESIAN_POINT('',(0.,-0.6));
#3889 = VECTOR('',#3890,1.);
#3890 = DIRECTION('',(1.,0.));
#3891 = ( GEOMETRIC_REPRESENTATION_CONTEXT(2) 
PARAMETRIC_REPRESENTATION_CONTEXT() REPRESENTATION_CONTEXT('2D SPACE',''
  ) );
#3892 = PCURVE('',#3496,#3893);
#3893 = DEFINITIONAL_REPRESENTATION('',(#3894),#3898);
#3894 = B_SPLINE_CURVE_WITH_KNOTS('',2,(#3895,#3896,#3897),
  .UNSPECIFIED.,.F.,.F.,(3,3),(0.,1.),.PIECEWISE_BEZIER_KNOTS.);
#3895 = CARTESIAN_POINT('',(0.564697265625,2.994873046875));
#3896 = CARTESIAN_POINT('',(0.8173828125,3.234375));
#3897 = CARTESIAN_POINT('',(1.237060546875,3.234375));
#3898 = ( GEOMETRIC_REPRESENTATION_CONTEXT(2) 
PARAMETRIC_REPRESENTATION_CONTEXT() REPRESENTATION_CONTEXT('2D SPACE',''
  ) );
#3899 = ORIENTED_EDGE('',*,*,#3900,.F.);
#3900 = EDGE_CURVE('',#1098,#3878,#3901,.T.);
#3901 = SURFACE_CURVE('',#3902,(#3906,#3913),.PCURVE_S1.);
#3902 = LINE('',#3903,#3904);
#3903 = CARTESIAN_POINT('',(-1.265625,96.747924804688,4.));
#3904 = VECTOR('',#3905,1.);
#3905 = DIRECTION('',(-0.,-0.,-1.));
#3906 = PCURVE('',#1113,#3907);
#3907 = DEFINITIONAL_REPRESENTATION('',(#3908),#3912);
#3908 = LINE('',#3909,#3910);
#3909 = CARTESIAN_POINT('',(1.,0.));
#3910 = VECTOR('',#3911,1.);
#3911 = DIRECTION('',(0.,-1.));
#3912 = ( GEOMETRIC_REPRESENTATION_CONTEXT(2) 
PARAMETRIC_REPRESENTATION_CONTEXT() REPRESENTATION_CONTEXT('2D SPACE',''
  ) );
#3913 = PCURVE('',#1143,#3914);
#3914 = DEFINITIONAL_REPRESENTATION('',(#3915),#3919);
#3915 = LINE('',#3916,#3917);
#3916 = CARTESIAN_POINT('',(0.,0.));
#3917 = VECTOR('',#3918,1.);
#3918 = DIRECTION('',(0.,-1.));
#3919 = ( GEOMETRIC_REPRESENTATION_CONTEXT(2) 
PARAMETRIC_REPRESENTATION_CONTEXT() REPRESENTATION_CONTEXT('2D SPACE',''
  ) );
#3920 = ORIENTED_EDGE('',*,*,#1097,.F.);
#3921 = ADVANCED_FACE('',(#3922),#1323,.T.);
#3922 = FACE_BOUND('',#3923,.T.);
#3923 = EDGE_LOOP('',(#3924,#3947,#3968,#3969));
#3924 = ORIENTED_EDGE('',*,*,#3925,.T.);
#3925 = EDGE_CURVE('',#1278,#3926,#3928,.T.);
#3926 = VERTEX_POINT('',#3927);
#3927 = CARTESIAN_POINT('',(-0.19775390625,94.434204101562,3.4));
#3928 = SURFACE_CURVE('',#3929,(#3933,#3940),.PCURVE_S1.);
#3929 = LINE('',#3930,#3931);
#3930 = CARTESIAN_POINT('',(-0.19775390625,94.434204101562,4.));
#3931 = VECTOR('',#3932,1.);
#3932 = DIRECTION('',(-0.,-0.,-1.));
#3933 = PCURVE('',#1323,#3934);
#3934 = DEFINITIONAL_REPRESENTATION('',(#3935),#3939);
#3935 = LINE('',#3936,#3937);
#3936 = CARTESIAN_POINT('',(0.,0.));
#3937 = VECTOR('',#3938,1.);
#3938 = DIRECTION('',(0.,-1.));
#3939 = ( GEOMETRIC_REPRESENTATION_CONTEXT(2) 
PARAMETRIC_REPRESENTATION_CONTEXT() REPRESENTATION_CONTEXT('2D SPACE',''
  ) );
#3940 = PCURVE('',#1293,#3941);
#3941 = DEFINITIONAL_REPRESENTATION('',(#3942),#3946);
#3942 = LINE('',#3943,#3944);
#3943 = CARTESIAN_POINT('',(1.,0.));
#3944 = VECTOR('',#3945,1.);
#3945 = DIRECTION('',(0.,-1.));
#3946 = ( GEOMETRIC_REPRESENTATION_CONTEXT(2) 
PARAMETRIC_REPRESENTATION_CONTEXT() REPRESENTATION_CONTEXT('2D SPACE',''
  ) );
#3947 = ORIENTED_EDGE('',*,*,#3948,.T.);
#3948 = EDGE_CURVE('',#3926,#3828,#3949,.T.);
#3949 = SURFACE_CURVE('',#3950,(#3954,#3961),.PCURVE_S1.);
#3950 = B_SPLINE_CURVE_WITH_KNOTS('',2,(#3951,#3952,#3953),
  .UNSPECIFIED.,.F.,.F.,(3,3),(0.,1.),.PIECEWISE_BEZIER_KNOTS.);
#3951 = CARTESIAN_POINT('',(-0.19775390625,94.434204101562,3.4));
#3952 = CARTESIAN_POINT('',(-0.19775390625,94.021118164062,3.4));
#3953 = CARTESIAN_POINT('',(-0.489990234375,93.739868164062,3.4));
#3954 = PCURVE('',#1323,#3955);
#3955 = DEFINITIONAL_REPRESENTATION('',(#3956),#3960);
#3956 = LINE('',#3957,#3958);
#3957 = CARTESIAN_POINT('',(0.,-0.6));
#3958 = VECTOR('',#3959,1.);
#3959 = DIRECTION('',(1.,0.));
#3960 = ( GEOMETRIC_REPRESENTATION_CONTEXT(2) 
PARAMETRIC_REPRESENTATION_CONTEXT() REPRESENTATION_CONTEXT('2D SPACE',''
  ) );
#3961 = PCURVE('',#3496,#3962);
#3962 = DEFINITIONAL_REPRESENTATION('',(#3963),#3967);
#3963 = B_SPLINE_CURVE_WITH_KNOTS('',2,(#3964,#3965,#3966),
  .UNSPECIFIED.,.F.,.F.,(3,3),(0.,1.),.PIECEWISE_BEZIER_KNOTS.);
#3964 = CARTESIAN_POINT('',(2.304931640625,0.920654296875));
#3965 = CARTESIAN_POINT('',(2.304931640625,0.507568359375));
#3966 = CARTESIAN_POINT('',(2.0126953125,0.226318359375));
#3967 = ( GEOMETRIC_REPRESENTATION_CONTEXT(2) 
PARAMETRIC_REPRESENTATION_CONTEXT() REPRESENTATION_CONTEXT('2D SPACE',''
  ) );
#3968 = ORIENTED_EDGE('',*,*,#3827,.F.);
#3969 = ORIENTED_EDGE('',*,*,#1307,.F.);
#3970 = ADVANCED_FACE('',(#3971),#1143,.T.);
#3971 = FACE_BOUND('',#3972,.T.);
#3972 = EDGE_LOOP('',(#3973,#3974,#3997,#4018));
#3973 = ORIENTED_EDGE('',*,*,#3900,.T.);
#3974 = ORIENTED_EDGE('',*,*,#3975,.T.);
#3975 = EDGE_CURVE('',#3878,#3976,#3978,.T.);
#3976 = VERTEX_POINT('',#3977);
#3977 = CARTESIAN_POINT('',(-0.586669921875,96.5029296875,3.4));
#3978 = SURFACE_CURVE('',#3979,(#3983,#3990),.PCURVE_S1.);
#3979 = B_SPLINE_CURVE_WITH_KNOTS('',2,(#3980,#3981,#3982),
  .UNSPECIFIED.,.F.,.F.,(3,3),(0.,1.),.PIECEWISE_BEZIER_KNOTS.);
#3980 = CARTESIAN_POINT('',(-1.265625,96.747924804688,3.4));
#3981 = CARTESIAN_POINT('',(-0.84375,96.747924804688,3.4));
#3982 = CARTESIAN_POINT('',(-0.586669921875,96.5029296875,3.4));
#3983 = PCURVE('',#1143,#3984);
#3984 = DEFINITIONAL_REPRESENTATION('',(#3985),#3989);
#3985 = LINE('',#3986,#3987);
#3986 = CARTESIAN_POINT('',(0.,-0.6));
#3987 = VECTOR('',#3988,1.);
#3988 = DIRECTION('',(1.,0.));
#3989 = ( GEOMETRIC_REPRESENTATION_CONTEXT(2) 
PARAMETRIC_REPRESENTATION_CONTEXT() REPRESENTATION_CONTEXT('2D SPACE',''
  ) );
#3990 = PCURVE('',#3496,#3991);
#3991 = DEFINITIONAL_REPRESENTATION('',(#3992),#3996);
#3992 = B_SPLINE_CURVE_WITH_KNOTS('',2,(#3993,#3994,#3995),
  .UNSPECIFIED.,.F.,.F.,(3,3),(0.,1.),.PIECEWISE_BEZIER_KNOTS.);
#3993 = CARTESIAN_POINT('',(1.237060546875,3.234375));
#3994 = CARTESIAN_POINT('',(1.658935546875,3.234375));
#3995 = CARTESIAN_POINT('',(1.916015625,2.989379882812));
#3996 = ( GEOMETRIC_REPRESENTATION_CONTEXT(2) 
PARAMETRIC_REPRESENTATION_CONTEXT() REPRESENTATION_CONTEXT('2D SPACE',''
  ) );
#3997 = ORIENTED_EDGE('',*,*,#3998,.F.);
#3998 = EDGE_CURVE('',#1128,#3976,#3999,.T.);
#3999 = SURFACE_CURVE('',#4000,(#4004,#4011),.PCURVE_S1.);
#4000 = LINE('',#4001,#4002);
#4001 = CARTESIAN_POINT('',(-0.586669921875,96.5029296875,4.));
#4002 = VECTOR('',#4003,1.);
#4003 = DIRECTION('',(-0.,-0.,-1.));
#4004 = PCURVE('',#1143,#4005);
#4005 = DEFINITIONAL_REPRESENTATION('',(#4006),#4010);
#4006 = LINE('',#4007,#4008);
#4007 = CARTESIAN_POINT('',(1.,0.));
#4008 = VECTOR('',#4009,1.);
#4009 = DIRECTION('',(0.,-1.));
#4010 = ( GEOMETRIC_REPRESENTATION_CONTEXT(2) 
PARAMETRIC_REPRESENTATION_CONTEXT() REPRESENTATION_CONTEXT('2D SPACE',''
  ) );
#4011 = PCURVE('',#1173,#4012);
#4012 = DEFINITIONAL_REPRESENTATION('',(#4013),#4017);
#4013 = LINE('',#4014,#4015);
#4014 = CARTESIAN_POINT('',(0.,0.));
#4015 = VECTOR('',#4016,1.);
#4016 = DIRECTION('',(0.,-1.));
#4017 = ( GEOMETRIC_REPRESENTATION_CONTEXT(2) 
PARAMETRIC_REPRESENTATION_CONTEXT() REPRESENTATION_CONTEXT('2D SPACE',''
  ) );
#4018 = ORIENTED_EDGE('',*,*,#1127,.F.);
#4019 = ADVANCED_FACE('',(#4020),#1293,.T.);
#4020 = FACE_BOUND('',#4021,.T.);
#4021 = EDGE_LOOP('',(#4022,#4045,#4066,#4067));
#4022 = ORIENTED_EDGE('',*,*,#4023,.T.);
#4023 = EDGE_CURVE('',#1248,#4024,#4026,.T.);
#4024 = VERTEX_POINT('',#4025);
#4025 = CARTESIAN_POINT('',(-0.352661132812,94.948364257812,3.4));
#4026 = SURFACE_CURVE('',#4027,(#4031,#4038),.PCURVE_S1.);
#4027 = LINE('',#4028,#4029);
#4028 = CARTESIAN_POINT('',(-0.352661132812,94.948364257812,4.));
#4029 = VECTOR('',#4030,1.);
#4030 = DIRECTION('',(-0.,-0.,-1.));
#4031 = PCURVE('',#1293,#4032);
#4032 = DEFINITIONAL_REPRESENTATION('',(#4033),#4037);
#4033 = LINE('',#4034,#4035);
#4034 = CARTESIAN_POINT('',(0.,0.));
#4035 = VECTOR('',#4036,1.);
#4036 = DIRECTION('',(0.,-1.));
#4037 = ( GEOMETRIC_REPRESENTATION_CONTEXT(2) 
PARAMETRIC_REPRESENTATION_CONTEXT() REPRESENTATION_CONTEXT('2D SPACE',''
  ) );
#4038 = PCURVE('',#1263,#4039);
#4039 = DEFINITIONAL_REPRESENTATION('',(#4040),#4044);
#4040 = LINE('',#4041,#4042);
#4041 = CARTESIAN_POINT('',(1.,0.));
#4042 = VECTOR('',#4043,1.);
#4043 = DIRECTION('',(0.,-1.));
#4044 = ( GEOMETRIC_REPRESENTATION_CONTEXT(2) 
PARAMETRIC_REPRESENTATION_CONTEXT() REPRESENTATION_CONTEXT('2D SPACE',''
  ) );
#4045 = ORIENTED_EDGE('',*,*,#4046,.T.);
#4046 = EDGE_CURVE('',#4024,#3926,#4047,.T.);
#4047 = SURFACE_CURVE('',#4048,(#4052,#4059),.PCURVE_S1.);
#4048 = B_SPLINE_CURVE_WITH_KNOTS('',2,(#4049,#4050,#4051),
  .UNSPECIFIED.,.F.,.F.,(3,3),(0.,1.),.PIECEWISE_BEZIER_KNOTS.);
#4049 = CARTESIAN_POINT('',(-0.352661132812,94.948364257812,3.4));
#4050 = CARTESIAN_POINT('',(-0.19775390625,94.733032226562,3.4));
#4051 = CARTESIAN_POINT('',(-0.19775390625,94.434204101562,3.4));
#4052 = PCURVE('',#1293,#4053);
#4053 = DEFINITIONAL_REPRESENTATION('',(#4054),#4058);
#4054 = LINE('',#4055,#4056);
#4055 = CARTESIAN_POINT('',(0.,-0.6));
#4056 = VECTOR('',#4057,1.);
#4057 = DIRECTION('',(1.,0.));
#4058 = ( GEOMETRIC_REPRESENTATION_CONTEXT(2) 
PARAMETRIC_REPRESENTATION_CONTEXT() REPRESENTATION_CONTEXT('2D SPACE',''
  ) );
#4059 = PCURVE('',#3496,#4060);
#4060 = DEFINITIONAL_REPRESENTATION('',(#4061),#4065);
#4061 = B_SPLINE_CURVE_WITH_KNOTS('',2,(#4062,#4063,#4064),
  .UNSPECIFIED.,.F.,.F.,(3,3),(0.,1.),.PIECEWISE_BEZIER_KNOTS.);
#4062 = CARTESIAN_POINT('',(2.150024414062,1.434814453125));
#4063 = CARTESIAN_POINT('',(2.304931640625,1.219482421875));
#4064 = CARTESIAN_POINT('',(2.304931640625,0.920654296875));
#4065 = ( GEOMETRIC_REPRESENTATION_CONTEXT(2) 
PARAMETRIC_REPRESENTATION_CONTEXT() REPRESENTATION_CONTEXT('2D SPACE',''
  ) );
#4066 = ORIENTED_EDGE('',*,*,#3925,.F.);
#4067 = ORIENTED_EDGE('',*,*,#1277,.F.);
#4068 = ADVANCED_FACE('',(#4069),#1173,.T.);
#4069 = FACE_BOUND('',#4070,.T.);
#4070 = EDGE_LOOP('',(#4071,#4072,#4095,#4116));
#4071 = ORIENTED_EDGE('',*,*,#3998,.T.);
#4072 = ORIENTED_EDGE('',*,*,#4073,.T.);
#4073 = EDGE_CURVE('',#3976,#4074,#4076,.T.);
#4074 = VERTEX_POINT('',#4075);
#4075 = CARTESIAN_POINT('',(-0.32958984375,95.906372070312,3.4));
#4076 = SURFACE_CURVE('',#4077,(#4081,#4088),.PCURVE_S1.);
#4077 = B_SPLINE_CURVE_WITH_KNOTS('',2,(#4078,#4079,#4080),
  .UNSPECIFIED.,.F.,.F.,(3,3),(0.,1.),.PIECEWISE_BEZIER_KNOTS.);
#4078 = CARTESIAN_POINT('',(-0.586669921875,96.5029296875,3.4));
#4079 = CARTESIAN_POINT('',(-0.32958984375,96.257934570312,3.4));
#4080 = CARTESIAN_POINT('',(-0.32958984375,95.906372070312,3.4));
#4081 = PCURVE('',#1173,#4082);
#4082 = DEFINITIONAL_REPRESENTATION('',(#4083),#4087);
#4083 = LINE('',#4084,#4085);
#4084 = CARTESIAN_POINT('',(0.,-0.6));
#4085 = VECTOR('',#4086,1.);
#4086 = DIRECTION('',(1.,0.));
#4087 = ( GEOMETRIC_REPRESENTATION_CONTEXT(2) 
PARAMETRIC_REPRESENTATION_CONTEXT() REPRESENTATION_CONTEXT('2D SPACE',''
  ) );
#4088 = PCURVE('',#3496,#4089);
#4089 = DEFINITIONAL_REPRESENTATION('',(#4090),#4094);
#4090 = B_SPLINE_CURVE_WITH_KNOTS('',2,(#4091,#4092,#4093),
  .UNSPECIFIED.,.F.,.F.,(3,3),(0.,1.),.PIECEWISE_BEZIER_KNOTS.);
#4091 = CARTESIAN_POINT('',(1.916015625,2.989379882812));
#4092 = CARTESIAN_POINT('',(2.173095703125,2.744384765625));
#4093 = CARTESIAN_POINT('',(2.173095703125,2.392822265625));
#4094 = ( GEOMETRIC_REPRESENTATION_CONTEXT(2) 
PARAMETRIC_REPRESENTATION_CONTEXT() REPRESENTATION_CONTEXT('2D SPACE',''
  ) );
#4095 = ORIENTED_EDGE('',*,*,#4096,.F.);
#4096 = EDGE_CURVE('',#1158,#4074,#4097,.T.);
#4097 = SURFACE_CURVE('',#4098,(#4102,#4109),.PCURVE_S1.);
#4098 = LINE('',#4099,#4100);
#4099 = CARTESIAN_POINT('',(-0.32958984375,95.906372070312,4.));
#4100 = VECTOR('',#4101,1.);
#4101 = DIRECTION('',(-0.,-0.,-1.));
#4102 = PCURVE('',#1173,#4103);
#4103 = DEFINITIONAL_REPRESENTATION('',(#4104),#4108);
#4104 = LINE('',#4105,#4106);
#4105 = CARTESIAN_POINT('',(1.,0.));
#4106 = VECTOR('',#4107,1.);
#4107 = DIRECTION('',(0.,-1.));
#4108 = ( GEOMETRIC_REPRESENTATION_CONTEXT(2) 
PARAMETRIC_REPRESENTATION_CONTEXT() REPRESENTATION_CONTEXT('2D SPACE',''
  ) );
#4109 = PCURVE('',#1203,#4110);
#4110 = DEFINITIONAL_REPRESENTATION('',(#4111),#4115);
#4111 = LINE('',#4112,#4113);
#4112 = CARTESIAN_POINT('',(0.,0.));
#4113 = VECTOR('',#4114,1.);
#4114 = DIRECTION('',(0.,-1.));
#4115 = ( GEOMETRIC_REPRESENTATION_CONTEXT(2) 
PARAMETRIC_REPRESENTATION_CONTEXT() REPRESENTATION_CONTEXT('2D SPACE',''
  ) );
#4116 = ORIENTED_EDGE('',*,*,#1157,.F.);
#4117 = ADVANCED_FACE('',(#4118),#1263,.T.);
#4118 = FACE_BOUND('',#4119,.T.);
#4119 = EDGE_LOOP('',(#4120,#4143,#4164,#4165));
#4120 = ORIENTED_EDGE('',*,*,#4121,.T.);
#4121 = EDGE_CURVE('',#1218,#4122,#4124,.T.);
#4122 = VERTEX_POINT('',#4123);
#4123 = CARTESIAN_POINT('',(-0.80419921875,95.260375976562,3.4));
#4124 = SURFACE_CURVE('',#4125,(#4129,#4136),.PCURVE_S1.);
#4125 = LINE('',#4126,#4127);
#4126 = CARTESIAN_POINT('',(-0.80419921875,95.260375976562,4.));
#4127 = VECTOR('',#4128,1.);
#4128 = DIRECTION('',(-0.,-0.,-1.));
#4129 = PCURVE('',#1263,#4130);
#4130 = DEFINITIONAL_REPRESENTATION('',(#4131),#4135);
#4131 = LINE('',#4132,#4133);
#4132 = CARTESIAN_POINT('',(0.,0.));
#4133 = VECTOR('',#4134,1.);
#4134 = DIRECTION('',(0.,-1.));
#4135 = ( GEOMETRIC_REPRESENTATION_CONTEXT(2) 
PARAMETRIC_REPRESENTATION_CONTEXT() REPRESENTATION_CONTEXT('2D SPACE',''
  ) );
#4136 = PCURVE('',#1233,#4137);
#4137 = DEFINITIONAL_REPRESENTATION('',(#4138),#4142);
#4138 = LINE('',#4139,#4140);
#4139 = CARTESIAN_POINT('',(1.,0.));
#4140 = VECTOR('',#4141,1.);
#4141 = DIRECTION('',(0.,-1.));
#4142 = ( GEOMETRIC_REPRESENTATION_CONTEXT(2) 
PARAMETRIC_REPRESENTATION_CONTEXT() REPRESENTATION_CONTEXT('2D SPACE',''
  ) );
#4143 = ORIENTED_EDGE('',*,*,#4144,.T.);
#4144 = EDGE_CURVE('',#4122,#4024,#4145,.T.);
#4145 = SURFACE_CURVE('',#4146,(#4150,#4157),.PCURVE_S1.);
#4146 = B_SPLINE_CURVE_WITH_KNOTS('',2,(#4147,#4148,#4149),
  .UNSPECIFIED.,.F.,.F.,(3,3),(0.,1.),.PIECEWISE_BEZIER_KNOTS.);
#4147 = CARTESIAN_POINT('',(-0.80419921875,95.260375976562,3.4));
#4148 = CARTESIAN_POINT('',(-0.507568359375,95.163696289062,3.4));
#4149 = CARTESIAN_POINT('',(-0.352661132812,94.948364257812,3.4));
#4150 = PCURVE('',#1263,#4151);
#4151 = DEFINITIONAL_REPRESENTATION('',(#4152),#4156);
#4152 = LINE('',#4153,#4154);
#4153 = CARTESIAN_POINT('',(0.,-0.6));
#4154 = VECTOR('',#4155,1.);
#4155 = DIRECTION('',(1.,0.));
#4156 = ( GEOMETRIC_REPRESENTATION_CONTEXT(2) 
PARAMETRIC_REPRESENTATION_CONTEXT() REPRESENTATION_CONTEXT('2D SPACE',''
  ) );
#4157 = PCURVE('',#3496,#4158);
#4158 = DEFINITIONAL_REPRESENTATION('',(#4159),#4163);
#4159 = B_SPLINE_CURVE_WITH_KNOTS('',2,(#4160,#4161,#4162),
  .UNSPECIFIED.,.F.,.F.,(3,3),(0.,1.),.PIECEWISE_BEZIER_KNOTS.);
#4160 = CARTESIAN_POINT('',(1.698486328125,1.746826171875));
#4161 = CARTESIAN_POINT('',(1.9951171875,1.650146484375));
#4162 = CARTESIAN_POINT('',(2.150024414062,1.434814453125));
#4163 = ( GEOMETRIC_REPRESENTATION_CONTEXT(2) 
PARAMETRIC_REPRESENTATION_CONTEXT() REPRESENTATION_CONTEXT('2D SPACE',''
  ) );
#4164 = ORIENTED_EDGE('',*,*,#4023,.F.);
#4165 = ORIENTED_EDGE('',*,*,#1247,.F.);
#4166 = ADVANCED_FACE('',(#4167),#1203,.T.);
#4167 = FACE_BOUND('',#4168,.T.);
#4168 = EDGE_LOOP('',(#4169,#4170,#4193,#4214));
#4169 = ORIENTED_EDGE('',*,*,#4096,.T.);
#4170 = ORIENTED_EDGE('',*,*,#4171,.T.);
#4171 = EDGE_CURVE('',#4074,#4172,#4174,.T.);
#4172 = VERTEX_POINT('',#4173);
#4173 = CARTESIAN_POINT('',(-0.447143554688,95.516357421875,3.4));
#4174 = SURFACE_CURVE('',#4175,(#4179,#4186),.PCURVE_S1.);
#4175 = B_SPLINE_CURVE_WITH_KNOTS('',2,(#4176,#4177,#4178),
  .UNSPECIFIED.,.F.,.F.,(3,3),(0.,1.),.PIECEWISE_BEZIER_KNOTS.);
#4176 = CARTESIAN_POINT('',(-0.32958984375,95.906372070312,3.4));
#4177 = CARTESIAN_POINT('',(-0.32958984375,95.682250976562,3.4));
#4178 = CARTESIAN_POINT('',(-0.447143554688,95.516357421875,3.4));
#4179 = PCURVE('',#1203,#4180);
#4180 = DEFINITIONAL_REPRESENTATION('',(#4181),#4185);
#4181 = LINE('',#4182,#4183);
#4182 = CARTESIAN_POINT('',(0.,-0.6));
#4183 = VECTOR('',#4184,1.);
#4184 = DIRECTION('',(1.,0.));
#4185 = ( GEOMETRIC_REPRESENTATION_CONTEXT(2) 
PARAMETRIC_REPRESENTATION_CONTEXT() REPRESENTATION_CONTEXT('2D SPACE',''
  ) );
#4186 = PCURVE('',#3496,#4187);
#4187 = DEFINITIONAL_REPRESENTATION('',(#4188),#4192);
#4188 = B_SPLINE_CURVE_WITH_KNOTS('',2,(#4189,#4190,#4191),
  .UNSPECIFIED.,.F.,.F.,(3,3),(0.,1.),.PIECEWISE_BEZIER_KNOTS.);
#4189 = CARTESIAN_POINT('',(2.173095703125,2.392822265625));
#4190 = CARTESIAN_POINT('',(2.173095703125,2.168701171875));
#4191 = CARTESIAN_POINT('',(2.055541992188,2.002807617188));
#4192 = ( GEOMETRIC_REPRESENTATION_CONTEXT(2) 
PARAMETRIC_REPRESENTATION_CONTEXT() REPRESENTATION_CONTEXT('2D SPACE',''
  ) );
#4193 = ORIENTED_EDGE('',*,*,#4194,.F.);
#4194 = EDGE_CURVE('',#1188,#4172,#4195,.T.);
#4195 = SURFACE_CURVE('',#4196,(#4200,#4207),.PCURVE_S1.);
#4196 = LINE('',#4197,#4198);
#4197 = CARTESIAN_POINT('',(-0.447143554688,95.516357421875,4.));
#4198 = VECTOR('',#4199,1.);
#4199 = DIRECTION('',(-0.,-0.,-1.));
#4200 = PCURVE('',#1203,#4201);
#4201 = DEFINITIONAL_REPRESENTATION('',(#4202),#4206);
#4202 = LINE('',#4203,#4204);
#4203 = CARTESIAN_POINT('',(1.,0.));
#4204 = VECTOR('',#4205,1.);
#4205 = DIRECTION('',(0.,-1.));
#4206 = ( GEOMETRIC_REPRESENTATION_CONTEXT(2) 
PARAMETRIC_REPRESENTATION_CONTEXT() REPRESENTATION_CONTEXT('2D SPACE',''
  ) );
#4207 = PCURVE('',#1233,#4208);
#4208 = DEFINITIONAL_REPRESENTATION('',(#4209),#4213);
#4209 = LINE('',#4210,#4211);
#4210 = CARTESIAN_POINT('',(0.,0.));
#4211 = VECTOR('',#4212,1.);
#4212 = DIRECTION('',(0.,-1.));
#4213 = ( GEOMETRIC_REPRESENTATION_CONTEXT(2) 
PARAMETRIC_REPRESENTATION_CONTEXT() REPRESENTATION_CONTEXT('2D SPACE',''
  ) );
#4214 = ORIENTED_EDGE('',*,*,#1187,.F.);
#4215 = ADVANCED_FACE('',(#4216),#1233,.T.);
#4216 = FACE_BOUND('',#4217,.T.);
#4217 = EDGE_LOOP('',(#4218,#4219,#4240,#4241));
#4218 = ORIENTED_EDGE('',*,*,#4194,.T.);
#4219 = ORIENTED_EDGE('',*,*,#4220,.T.);
#4220 = EDGE_CURVE('',#4172,#4122,#4221,.T.);
#4221 = SURFACE_CURVE('',#4222,(#4226,#4233),.PCURVE_S1.);
#4222 = B_SPLINE_CURVE_WITH_KNOTS('',2,(#4223,#4224,#4225),
  .UNSPECIFIED.,.F.,.F.,(3,3),(0.,1.),.PIECEWISE_BEZIER_KNOTS.);
#4223 = CARTESIAN_POINT('',(-0.447143554688,95.516357421875,3.4));
#4224 = CARTESIAN_POINT('',(-0.564697265625,95.350463867188,3.4));
#4225 = CARTESIAN_POINT('',(-0.80419921875,95.260375976562,3.4));
#4226 = PCURVE('',#1233,#4227);
#4227 = DEFINITIONAL_REPRESENTATION('',(#4228),#4232);
#4228 = LINE('',#4229,#4230);
#4229 = CARTESIAN_POINT('',(0.,-0.6));
#4230 = VECTOR('',#4231,1.);
#4231 = DIRECTION('',(1.,0.));
#4232 = ( GEOMETRIC_REPRESENTATION_CONTEXT(2) 
PARAMETRIC_REPRESENTATION_CONTEXT() REPRESENTATION_CONTEXT('2D SPACE',''
  ) );
#4233 = PCURVE('',#3496,#4234);
#4234 = DEFINITIONAL_REPRESENTATION('',(#4235),#4239);
#4235 = B_SPLINE_CURVE_WITH_KNOTS('',2,(#4236,#4237,#4238),
  .UNSPECIFIED.,.F.,.F.,(3,3),(0.,1.),.PIECEWISE_BEZIER_KNOTS.);
#4236 = CARTESIAN_POINT('',(2.055541992188,2.002807617188));
#4237 = CARTESIAN_POINT('',(1.93798828125,1.8369140625));
#4238 = CARTESIAN_POINT('',(1.698486328125,1.746826171875));
#4239 = ( GEOMETRIC_REPRESENTATION_CONTEXT(2) 
PARAMETRIC_REPRESENTATION_CONTEXT() REPRESENTATION_CONTEXT('2D SPACE',''
  ) );
#4240 = ORIENTED_EDGE('',*,*,#4121,.F.);
#4241 = ORIENTED_EDGE('',*,*,#1217,.F.);
#4242 = ADVANCED_FACE('',(#4243),#1534,.T.);
#4243 = FACE_BOUND('',#4244,.F.);
#4244 = EDGE_LOOP('',(#4245,#4268,#4290,#4291));
#4245 = ORIENTED_EDGE('',*,*,#4246,.T.);
#4246 = EDGE_CURVE('',#1518,#4247,#4249,.T.);
#4247 = VERTEX_POINT('',#4248);
#4248 = CARTESIAN_POINT('',(11.5,80.,14.));
#4249 = SEAM_CURVE('',#4250,(#4254,#4261),.PCURVE_S1.);
#4250 = LINE('',#4251,#4252);
#4251 = CARTESIAN_POINT('',(11.5,80.,4.));
#4252 = VECTOR('',#4253,1.);
#4253 = DIRECTION('',(0.,0.,1.));
#4254 = PCURVE('',#1534,#4255);
#4255 = DEFINITIONAL_REPRESENTATION('',(#4256),#4260);
#4256 = LINE('',#4257,#4258);
#4257 = CARTESIAN_POINT('',(-0.,0.));
#4258 = VECTOR('',#4259,1.);
#4259 = DIRECTION('',(-0.,-1.));
#4260 = ( GEOMETRIC_REPRESENTATION_CONTEXT(2) 
PARAMETRIC_REPRESENTATION_CONTEXT() REPRESENTATION_CONTEXT('2D SPACE',''
  ) );
#4261 = PCURVE('',#1534,#4262);
#4262 = DEFINITIONAL_REPRESENTATION('',(#4263),#4267);
#4263 = LINE('',#4264,#4265);
#4264 = CARTESIAN_POINT('',(-6.28318530718,0.));
#4265 = VECTOR('',#4266,1.);
#4266 = DIRECTION('',(-0.,-1.));
#4267 = ( GEOMETRIC_REPRESENTATION_CONTEXT(2) 
PARAMETRIC_REPRESENTATION_CONTEXT() REPRESENTATION_CONTEXT('2D SPACE',''
  ) );
#4268 = ORIENTED_EDGE('',*,*,#4269,.T.);
#4269 = EDGE_CURVE('',#4247,#4247,#4270,.T.);
#4270 = SURFACE_CURVE('',#4271,(#4276,#4283),.PCURVE_S1.);
#4271 = CIRCLE('',#4272,11.5);
#4272 = AXIS2_PLACEMENT_3D('',#4273,#4274,#4275);
#4273 = CARTESIAN_POINT('',(0.,80.,14.));
#4274 = DIRECTION('',(0.,0.,1.));
#4275 = DIRECTION('',(1.,0.,-0.));
#4276 = PCURVE('',#1534,#4277);
#4277 = DEFINITIONAL_REPRESENTATION('',(#4278),#4282);
#4278 = LINE('',#4279,#4280);
#4279 = CARTESIAN_POINT('',(-0.,-10.));
#4280 = VECTOR('',#4281,1.);
#4281 = DIRECTION('',(-1.,0.));
#4282 = ( GEOMETRIC_REPRESENTATION_CONTEXT(2) 
PARAMETRIC_REPRESENTATION_CONTEXT() REPRESENTATION_CONTEXT('2D SPACE',''
  ) );
#4283 = PCURVE('',#3243,#4284);
#4284 = DEFINITIONAL_REPRESENTATION('',(#4285),#4289);
#4285 = CIRCLE('',#4286,11.5);
#4286 = AXIS2_PLACEMENT_2D('',#4287,#4288);
#4287 = CARTESIAN_POINT('',(7.134470256727E-16,-9.574461116723E-16));
#4288 = DIRECTION('',(1.,0.));
#4289 = ( GEOMETRIC_REPRESENTATION_CONTEXT(2) 
PARAMETRIC_REPRESENTATION_CONTEXT() REPRESENTATION_CONTEXT('2D SPACE',''
  ) );
#4290 = ORIENTED_EDGE('',*,*,#4246,.F.);
#4291 = ORIENTED_EDGE('',*,*,#1517,.F.);
#4292 = ADVANCED_FACE('',(#4293),#1566,.T.);
#4293 = FACE_BOUND('',#4294,.T.);
#4294 = EDGE_LOOP('',(#4295,#4318,#4346,#4367));
#4295 = ORIENTED_EDGE('',*,*,#4296,.T.);
#4296 = EDGE_CURVE('',#1549,#4297,#4299,.T.);
#4297 = VERTEX_POINT('',#4298);
#4298 = CARTESIAN_POINT('',(0.50537109375,93.792602539062,3.4));
#4299 = SURFACE_CURVE('',#4300,(#4304,#4311),.PCURVE_S1.);
#4300 = LINE('',#4301,#4302);
#4301 = CARTESIAN_POINT('',(0.50537109375,93.792602539062,4.));
#4302 = VECTOR('',#4303,1.);
#4303 = DIRECTION('',(-0.,-0.,-1.));
#4304 = PCURVE('',#1566,#4305);
#4305 = DEFINITIONAL_REPRESENTATION('',(#4306),#4310);
#4306 = LINE('',#4307,#4308);
#4307 = CARTESIAN_POINT('',(0.,0.));
#4308 = VECTOR('',#4309,1.);
#4309 = DIRECTION('',(0.,-1.));
#4310 = ( GEOMETRIC_REPRESENTATION_CONTEXT(2) 
PARAMETRIC_REPRESENTATION_CONTEXT() REPRESENTATION_CONTEXT('2D SPACE',''
  ) );
#4311 = PCURVE('',#1894,#4312);
#4312 = DEFINITIONAL_REPRESENTATION('',(#4313),#4317);
#4313 = LINE('',#4314,#4315);
#4314 = CARTESIAN_POINT('',(1.,0.));
#4315 = VECTOR('',#4316,1.);
#4316 = DIRECTION('',(0.,-1.));
#4317 = ( GEOMETRIC_REPRESENTATION_CONTEXT(2) 
PARAMETRIC_REPRESENTATION_CONTEXT() REPRESENTATION_CONTEXT('2D SPACE',''
  ) );
#4318 = ORIENTED_EDGE('',*,*,#4319,.T.);
#4319 = EDGE_CURVE('',#4297,#4320,#4322,.T.);
#4320 = VERTEX_POINT('',#4321);
#4321 = CARTESIAN_POINT('',(0.186767578125,95.102172851562,3.4));
#4322 = SURFACE_CURVE('',#4323,(#4327,#4334),.PCURVE_S1.);
#4323 = B_SPLINE_CURVE_WITH_KNOTS('',2,(#4324,#4325,#4326),
  .UNSPECIFIED.,.F.,.F.,(3,3),(0.,1.),.PIECEWISE_BEZIER_KNOTS.);
#4324 = CARTESIAN_POINT('',(0.50537109375,93.792602539062,3.4));
#4325 = CARTESIAN_POINT('',(0.186767578125,94.194702148438,3.4));
#4326 = CARTESIAN_POINT('',(0.186767578125,95.102172851562,3.4));
#4327 = PCURVE('',#1566,#4328);
#4328 = DEFINITIONAL_REPRESENTATION('',(#4329),#4333);
#4329 = LINE('',#4330,#4331);
#4330 = CARTESIAN_POINT('',(0.,-0.6));
#4331 = VECTOR('',#4332,1.);
#4332 = DIRECTION('',(1.,0.));
#4333 = ( GEOMETRIC_REPRESENTATION_CONTEXT(2) 
PARAMETRIC_REPRESENTATION_CONTEXT() REPRESENTATION_CONTEXT('2D SPACE',''
  ) );
#4334 = PCURVE('',#4335,#4340);
#4335 = PLANE('',#4336);
#4336 = AXIS2_PLACEMENT_3D('',#4337,#4338,#4339);
#4337 = CARTESIAN_POINT('',(0.,93.513549804688,3.4));
#4338 = DIRECTION('',(0.,0.,1.));
#4339 = DIRECTION('',(1.,0.,0.));
#4340 = DEFINITIONAL_REPRESENTATION('',(#4341),#4345);
#4341 = B_SPLINE_CURVE_WITH_KNOTS('',2,(#4342,#4343,#4344),
  .UNSPECIFIED.,.F.,.F.,(3,3),(0.,1.),.PIECEWISE_BEZIER_KNOTS.);
#4342 = CARTESIAN_POINT('',(0.50537109375,0.279052734375));
#4343 = CARTESIAN_POINT('',(0.186767578125,0.68115234375));
#4344 = CARTESIAN_POINT('',(0.186767578125,1.588623046875));
#4345 = ( GEOMETRIC_REPRESENTATION_CONTEXT(2) 
PARAMETRIC_REPRESENTATION_CONTEXT() REPRESENTATION_CONTEXT('2D SPACE',''
  ) );
#4346 = ORIENTED_EDGE('',*,*,#4347,.F.);
#4347 = EDGE_CURVE('',#1551,#4320,#4348,.T.);
#4348 = SURFACE_CURVE('',#4349,(#4353,#4360),.PCURVE_S1.);
#4349 = LINE('',#4350,#4351);
#4350 = CARTESIAN_POINT('',(0.186767578125,95.102172851562,4.));
#4351 = VECTOR('',#4352,1.);
#4352 = DIRECTION('',(-0.,-0.,-1.));
#4353 = PCURVE('',#1566,#4354);
#4354 = DEFINITIONAL_REPRESENTATION('',(#4355),#4359);
#4355 = LINE('',#4356,#4357);
#4356 = CARTESIAN_POINT('',(1.,0.));
#4357 = VECTOR('',#4358,1.);
#4358 = DIRECTION('',(0.,-1.));
#4359 = ( GEOMETRIC_REPRESENTATION_CONTEXT(2) 
PARAMETRIC_REPRESENTATION_CONTEXT() REPRESENTATION_CONTEXT('2D SPACE',''
  ) );
#4360 = PCURVE('',#1596,#4361);
#4361 = DEFINITIONAL_REPRESENTATION('',(#4362),#4366);
#4362 = LINE('',#4363,#4364);
#4363 = CARTESIAN_POINT('',(0.,0.));
#4364 = VECTOR('',#4365,1.);
#4365 = DIRECTION('',(0.,-1.));
#4366 = ( GEOMETRIC_REPRESENTATION_CONTEXT(2) 
PARAMETRIC_REPRESENTATION_CONTEXT() REPRESENTATION_CONTEXT('2D SPACE',''
  ) );
#4367 = ORIENTED_EDGE('',*,*,#1548,.F.);
#4368 = ADVANCED_FACE('',(#4369),#1894,.T.);
#4369 = FACE_BOUND('',#4370,.T.);
#4370 = EDGE_LOOP('',(#4371,#4394,#4415,#4416));
#4371 = ORIENTED_EDGE('',*,*,#4372,.T.);
#4372 = EDGE_CURVE('',#1851,#4373,#4375,.T.);
#4373 = VERTEX_POINT('',#4374);
#4374 = CARTESIAN_POINT('',(1.237060546875,93.458618164062,3.4));
#4375 = SURFACE_CURVE('',#4376,(#4380,#4387),.PCURVE_S1.);
#4376 = LINE('',#4377,#4378);
#4377 = CARTESIAN_POINT('',(1.237060546875,93.458618164062,4.));
#4378 = VECTOR('',#4379,1.);
#4379 = DIRECTION('',(-0.,-0.,-1.));
#4380 = PCURVE('',#1894,#4381);
#4381 = DEFINITIONAL_REPRESENTATION('',(#4382),#4386);
#4382 = LINE('',#4383,#4384);
#4383 = CARTESIAN_POINT('',(0.,0.));
#4384 = VECTOR('',#4385,1.);
#4385 = DIRECTION('',(0.,-1.));
#4386 = ( GEOMETRIC_REPRESENTATION_CONTEXT(2) 
PARAMETRIC_REPRESENTATION_CONTEXT() REPRESENTATION_CONTEXT('2D SPACE',''
  ) );
#4387 = PCURVE('',#1866,#4388);
#4388 = DEFINITIONAL_REPRESENTATION('',(#4389),#4393);
#4389 = LINE('',#4390,#4391);
#4390 = CARTESIAN_POINT('',(1.,0.));
#4391 = VECTOR('',#4392,1.);
#4392 = DIRECTION('',(0.,-1.));
#4393 = ( GEOMETRIC_REPRESENTATION_CONTEXT(2) 
PARAMETRIC_REPRESENTATION_CONTEXT() REPRESENTATION_CONTEXT('2D SPACE',''
  ) );
#4394 = ORIENTED_EDGE('',*,*,#4395,.T.);
#4395 = EDGE_CURVE('',#4373,#4297,#4396,.T.);
#4396 = SURFACE_CURVE('',#4397,(#4401,#4408),.PCURVE_S1.);
#4397 = B_SPLINE_CURVE_WITH_KNOTS('',2,(#4398,#4399,#4400),
  .UNSPECIFIED.,.F.,.F.,(3,3),(0.,1.),.PIECEWISE_BEZIER_KNOTS.);
#4398 = CARTESIAN_POINT('',(1.237060546875,93.458618164062,3.4));
#4399 = CARTESIAN_POINT('',(0.771240234375,93.458618164062,3.4));
#4400 = CARTESIAN_POINT('',(0.50537109375,93.792602539062,3.4));
#4401 = PCURVE('',#1894,#4402);
#4402 = DEFINITIONAL_REPRESENTATION('',(#4403),#4407);
#4403 = LINE('',#4404,#4405);
#4404 = CARTESIAN_POINT('',(0.,-0.6));
#4405 = VECTOR('',#4406,1.);
#4406 = DIRECTION('',(1.,0.));
#4407 = ( GEOMETRIC_REPRESENTATION_CONTEXT(2) 
PARAMETRIC_REPRESENTATION_CONTEXT() REPRESENTATION_CONTEXT('2D SPACE',''
  ) );
#4408 = PCURVE('',#4335,#4409);
#4409 = DEFINITIONAL_REPRESENTATION('',(#4410),#4414);
#4410 = B_SPLINE_CURVE_WITH_KNOTS('',2,(#4411,#4412,#4413),
  .UNSPECIFIED.,.F.,.F.,(3,3),(0.,1.),.PIECEWISE_BEZIER_KNOTS.);
#4411 = CARTESIAN_POINT('',(1.237060546875,-5.4931640625E-02));
#4412 = CARTESIAN_POINT('',(0.771240234375,-5.4931640625E-02));
#4413 = CARTESIAN_POINT('',(0.50537109375,0.279052734375));
#4414 = ( GEOMETRIC_REPRESENTATION_CONTEXT(2) 
PARAMETRIC_REPRESENTATION_CONTEXT() REPRESENTATION_CONTEXT('2D SPACE',''
  ) );
#4415 = ORIENTED_EDGE('',*,*,#4296,.F.);
#4416 = ORIENTED_EDGE('',*,*,#1880,.F.);
#4417 = ADVANCED_FACE('',(#4418),#1596,.T.);
#4418 = FACE_BOUND('',#4419,.T.);
#4419 = EDGE_LOOP('',(#4420,#4421,#4444,#4465));
#4420 = ORIENTED_EDGE('',*,*,#4347,.T.);
#4421 = ORIENTED_EDGE('',*,*,#4422,.T.);
#4422 = EDGE_CURVE('',#4320,#4423,#4425,.T.);
#4423 = VERTEX_POINT('',#4424);
#4424 = CARTESIAN_POINT('',(0.304321289062,96.021728515625,3.4));
#4425 = SURFACE_CURVE('',#4426,(#4430,#4437),.PCURVE_S1.);
#4426 = B_SPLINE_CURVE_WITH_KNOTS('',2,(#4427,#4428,#4429),
  .UNSPECIFIED.,.F.,.F.,(3,3),(0.,1.),.PIECEWISE_BEZIER_KNOTS.);
#4427 = CARTESIAN_POINT('',(0.186767578125,95.102172851562,3.4));
#4428 = CARTESIAN_POINT('',(0.186767578125,95.673461914062,3.4));
#4429 = CARTESIAN_POINT('',(0.304321289062,96.021728515625,3.4));
#4430 = PCURVE('',#1596,#4431);
#4431 = DEFINITIONAL_REPRESENTATION('',(#4432),#4436);
#4432 = LINE('',#4433,#4434);
#4433 = CARTESIAN_POINT('',(0.,-0.6));
#4434 = VECTOR('',#4435,1.);
#4435 = DIRECTION('',(1.,0.));
#4436 = ( GEOMETRIC_REPRESENTATION_CONTEXT(2) 
PARAMETRIC_REPRESENTATION_CONTEXT() REPRESENTATION_CONTEXT('2D SPACE',''
  ) );
#4437 = PCURVE('',#4335,#4438);
#4438 = DEFINITIONAL_REPRESENTATION('',(#4439),#4443);
#4439 = B_SPLINE_CURVE_WITH_KNOTS('',2,(#4440,#4441,#4442),
  .UNSPECIFIED.,.F.,.F.,(3,3),(0.,1.),.PIECEWISE_BEZIER_KNOTS.);
#4440 = CARTESIAN_POINT('',(0.186767578125,1.588623046875));
#4441 = CARTESIAN_POINT('',(0.186767578125,2.159912109375));
#4442 = CARTESIAN_POINT('',(0.304321289062,2.508178710938));
#4443 = ( GEOMETRIC_REPRESENTATION_CONTEXT(2) 
PARAMETRIC_REPRESENTATION_CONTEXT() REPRESENTATION_CONTEXT('2D SPACE',''
  ) );
#4444 = ORIENTED_EDGE('',*,*,#4445,.F.);
#4445 = EDGE_CURVE('',#1581,#4423,#4446,.T.);
#4446 = SURFACE_CURVE('',#4447,(#4451,#4458),.PCURVE_S1.);
#4447 = LINE('',#4448,#4449);
#4448 = CARTESIAN_POINT('',(0.304321289062,96.021728515625,4.));
#4449 = VECTOR('',#4450,1.);
#4450 = DIRECTION('',(-0.,-0.,-1.));
#4451 = PCURVE('',#1596,#4452);
#4452 = DEFINITIONAL_REPRESENTATION('',(#4453),#4457);
#4453 = LINE('',#4454,#4455);
#4454 = CARTESIAN_POINT('',(1.,0.));
#4455 = VECTOR('',#4456,1.);
#4456 = DIRECTION('',(0.,-1.));
#4457 = ( GEOMETRIC_REPRESENTATION_CONTEXT(2) 
PARAMETRIC_REPRESENTATION_CONTEXT() REPRESENTATION_CONTEXT('2D SPACE',''
  ) );
#4458 = PCURVE('',#1626,#4459);
#4459 = DEFINITIONAL_REPRESENTATION('',(#4460),#4464);
#4460 = LINE('',#4461,#4462);
#4461 = CARTESIAN_POINT('',(0.,0.));
#4462 = VECTOR('',#4463,1.);
#4463 = DIRECTION('',(0.,-1.));
#4464 = ( GEOMETRIC_REPRESENTATION_CONTEXT(2) 
PARAMETRIC_REPRESENTATION_CONTEXT() REPRESENTATION_CONTEXT('2D SPACE',''
  ) );
#4465 = ORIENTED_EDGE('',*,*,#1580,.F.);
#4466 = ADVANCED_FACE('',(#4467),#1866,.T.);
#4467 = FACE_BOUND('',#4468,.T.);
#4468 = EDGE_LOOP('',(#4469,#4492,#4513,#4514));
#4469 = ORIENTED_EDGE('',*,*,#4470,.T.);
#4470 = EDGE_CURVE('',#1821,#4471,#4473,.T.);
#4471 = VERTEX_POINT('',#4472);
#4472 = CARTESIAN_POINT('',(1.822631835938,93.648681640625,3.4));
#4473 = SURFACE_CURVE('',#4474,(#4478,#4485),.PCURVE_S1.);
#4474 = LINE('',#4475,#4476);
#4475 = CARTESIAN_POINT('',(1.822631835938,93.648681640625,4.));
#4476 = VECTOR('',#4477,1.);
#4477 = DIRECTION('',(-0.,-0.,-1.));
#4478 = PCURVE('',#1866,#4479);
#4479 = DEFINITIONAL_REPRESENTATION('',(#4480),#4484);
#4480 = LINE('',#4481,#4482);
#4481 = CARTESIAN_POINT('',(0.,0.));
#4482 = VECTOR('',#4483,1.);
#4483 = DIRECTION('',(0.,-1.));
#4484 = ( GEOMETRIC_REPRESENTATION_CONTEXT(2) 
PARAMETRIC_REPRESENTATION_CONTEXT() REPRESENTATION_CONTEXT('2D SPACE',''
  ) );
#4485 = PCURVE('',#1836,#4486);
#4486 = DEFINITIONAL_REPRESENTATION('',(#4487),#4491);
#4487 = LINE('',#4488,#4489);
#4488 = CARTESIAN_POINT('',(1.,0.));
#4489 = VECTOR('',#4490,1.);
#4490 = DIRECTION('',(0.,-1.));
#4491 = ( GEOMETRIC_REPRESENTATION_CONTEXT(2) 
PARAMETRIC_REPRESENTATION_CONTEXT() REPRESENTATION_CONTEXT('2D SPACE',''
  ) );
#4492 = ORIENTED_EDGE('',*,*,#4493,.T.);
#4493 = EDGE_CURVE('',#4471,#4373,#4494,.T.);
#4494 = SURFACE_CURVE('',#4495,(#4499,#4506),.PCURVE_S1.);
#4495 = B_SPLINE_CURVE_WITH_KNOTS('',2,(#4496,#4497,#4498),
  .UNSPECIFIED.,.F.,.F.,(3,3),(0.,1.),.PIECEWISE_BEZIER_KNOTS.);
#4496 = CARTESIAN_POINT('',(1.822631835938,93.648681640625,3.4));
#4497 = CARTESIAN_POINT('',(1.5908203125,93.458618164062,3.4));
#4498 = CARTESIAN_POINT('',(1.237060546875,93.458618164062,3.4));
#4499 = PCURVE('',#1866,#4500);
#4500 = DEFINITIONAL_REPRESENTATION('',(#4501),#4505);
#4501 = LINE('',#4502,#4503);
#4502 = CARTESIAN_POINT('',(0.,-0.6));
#4503 = VECTOR('',#4504,1.);
#4504 = DIRECTION('',(1.,0.));
#4505 = ( GEOMETRIC_REPRESENTATION_CONTEXT(2) 
PARAMETRIC_REPRESENTATION_CONTEXT() REPRESENTATION_CONTEXT('2D SPACE',''
  ) );
#4506 = PCURVE('',#4335,#4507);
#4507 = DEFINITIONAL_REPRESENTATION('',(#4508),#4512);
#4508 = B_SPLINE_CURVE_WITH_KNOTS('',2,(#4509,#4510,#4511),
  .UNSPECIFIED.,.F.,.F.,(3,3),(0.,1.),.PIECEWISE_BEZIER_KNOTS.);
#4509 = CARTESIAN_POINT('',(1.822631835938,0.135131835938));
#4510 = CARTESIAN_POINT('',(1.5908203125,-5.4931640625E-02));
#4511 = CARTESIAN_POINT('',(1.237060546875,-5.4931640625E-02));
#4512 = ( GEOMETRIC_REPRESENTATION_CONTEXT(2) 
PARAMETRIC_REPRESENTATION_CONTEXT() REPRESENTATION_CONTEXT('2D SPACE',''
  ) );
#4513 = ORIENTED_EDGE('',*,*,#4372,.F.);
#4514 = ORIENTED_EDGE('',*,*,#1850,.F.);
#4515 = ADVANCED_FACE('',(#4516),#1626,.T.);
#4516 = FACE_BOUND('',#4517,.T.);
#4517 = EDGE_LOOP('',(#4518,#4519,#4542,#4563));
#4518 = ORIENTED_EDGE('',*,*,#4445,.T.);
#4519 = ORIENTED_EDGE('',*,*,#4520,.T.);
#4520 = EDGE_CURVE('',#4423,#4521,#4523,.T.);
#4521 = VERTEX_POINT('',#4522);
#4522 = CARTESIAN_POINT('',(0.653686523438,96.558959960938,3.4));
#4523 = SURFACE_CURVE('',#4524,(#4528,#4535),.PCURVE_S1.);
#4524 = B_SPLINE_CURVE_WITH_KNOTS('',2,(#4525,#4526,#4527),
  .UNSPECIFIED.,.F.,.F.,(3,3),(0.,1.),.PIECEWISE_BEZIER_KNOTS.);
#4525 = CARTESIAN_POINT('',(0.304321289062,96.021728515625,3.4));
#4526 = CARTESIAN_POINT('',(0.421875,96.369995117188,3.4));
#4527 = CARTESIAN_POINT('',(0.653686523438,96.558959960938,3.4));
#4528 = PCURVE('',#1626,#4529);
#4529 = DEFINITIONAL_REPRESENTATION('',(#4530),#4534);
#4530 = LINE('',#4531,#4532);
#4531 = CARTESIAN_POINT('',(0.,-0.6));
#4532 = VECTOR('',#4533,1.);
#4533 = DIRECTION('',(1.,0.));
#4534 = ( GEOMETRIC_REPRESENTATION_CONTEXT(2) 
PARAMETRIC_REPRESENTATION_CONTEXT() REPRESENTATION_CONTEXT('2D SPACE',''
  ) );
#4535 = PCURVE('',#4335,#4536);
#4536 = DEFINITIONAL_REPRESENTATION('',(#4537),#4541);
#4537 = B_SPLINE_CURVE_WITH_KNOTS('',2,(#4538,#4539,#4540),
  .UNSPECIFIED.,.F.,.F.,(3,3),(0.,1.),.PIECEWISE_BEZIER_KNOTS.);
#4538 = CARTESIAN_POINT('',(0.304321289062,2.508178710938));
#4539 = CARTESIAN_POINT('',(0.421875,2.8564453125));
#4540 = CARTESIAN_POINT('',(0.653686523438,3.04541015625));
#4541 = ( GEOMETRIC_REPRESENTATION_CONTEXT(2) 
PARAMETRIC_REPRESENTATION_CONTEXT() REPRESENTATION_CONTEXT('2D SPACE',''
  ) );
#4542 = ORIENTED_EDGE('',*,*,#4543,.F.);
#4543 = EDGE_CURVE('',#1611,#4521,#4544,.T.);
#4544 = SURFACE_CURVE('',#4545,(#4549,#4556),.PCURVE_S1.);
#4545 = LINE('',#4546,#4547);
#4546 = CARTESIAN_POINT('',(0.653686523438,96.558959960938,4.));
#4547 = VECTOR('',#4548,1.);
#4548 = DIRECTION('',(-0.,-0.,-1.));
#4549 = PCURVE('',#1626,#4550);
#4550 = DEFINITIONAL_REPRESENTATION('',(#4551),#4555);
#4551 = LINE('',#4552,#4553);
#4552 = CARTESIAN_POINT('',(1.,0.));
#4553 = VECTOR('',#4554,1.);
#4554 = DIRECTION('',(0.,-1.));
#4555 = ( GEOMETRIC_REPRESENTATION_CONTEXT(2) 
PARAMETRIC_REPRESENTATION_CONTEXT() REPRESENTATION_CONTEXT('2D SPACE',''
  ) );
#4556 = PCURVE('',#1656,#4557);
#4557 = DEFINITIONAL_REPRESENTATION('',(#4558),#4562);
#4558 = LINE('',#4559,#4560);
#4559 = CARTESIAN_POINT('',(0.,0.));
#4560 = VECTOR('',#4561,1.);
#4561 = DIRECTION('',(0.,-1.));
#4562 = ( GEOMETRIC_REPRESENTATION_CONTEXT(2) 
PARAMETRIC_REPRESENTATION_CONTEXT() REPRESENTATION_CONTEXT('2D SPACE',''
  ) );
#4563 = ORIENTED_EDGE('',*,*,#1610,.F.);
#4564 = ADVANCED_FACE('',(#4565),#1836,.T.);
#4565 = FACE_BOUND('',#4566,.T.);
#4566 = EDGE_LOOP('',(#4567,#4590,#4611,#4612));
#4567 = ORIENTED_EDGE('',*,*,#4568,.T.);
#4568 = EDGE_CURVE('',#1791,#4569,#4571,.T.);
#4569 = VERTEX_POINT('',#4570);
#4570 = CARTESIAN_POINT('',(2.1708984375,94.18701171875,3.4));
#4571 = SURFACE_CURVE('',#4572,(#4576,#4583),.PCURVE_S1.);
#4572 = LINE('',#4573,#4574);
#4573 = CARTESIAN_POINT('',(2.1708984375,94.18701171875,4.));
#4574 = VECTOR('',#4575,1.);
#4575 = DIRECTION('',(-0.,-0.,-1.));
#4576 = PCURVE('',#1836,#4577);
#4577 = DEFINITIONAL_REPRESENTATION('',(#4578),#4582);
#4578 = LINE('',#4579,#4580);
#4579 = CARTESIAN_POINT('',(0.,0.));
#4580 = VECTOR('',#4581,1.);
#4581 = DIRECTION('',(0.,-1.));
#4582 = ( GEOMETRIC_REPRESENTATION_CONTEXT(2) 
PARAMETRIC_REPRESENTATION_CONTEXT() REPRESENTATION_CONTEXT('2D SPACE',''
  ) );
#4583 = PCURVE('',#1806,#4584);
#4584 = DEFINITIONAL_REPRESENTATION('',(#4585),#4589);
#4585 = LINE('',#4586,#4587);
#4586 = CARTESIAN_POINT('',(1.,0.));
#4587 = VECTOR('',#4588,1.);
#4588 = DIRECTION('',(0.,-1.));
#4589 = ( GEOMETRIC_REPRESENTATION_CONTEXT(2) 
PARAMETRIC_REPRESENTATION_CONTEXT() REPRESENTATION_CONTEXT('2D SPACE',''
  ) );
#4590 = ORIENTED_EDGE('',*,*,#4591,.T.);
#4591 = EDGE_CURVE('',#4569,#4471,#4592,.T.);
#4592 = SURFACE_CURVE('',#4593,(#4597,#4604),.PCURVE_S1.);
#4593 = B_SPLINE_CURVE_WITH_KNOTS('',2,(#4594,#4595,#4596),
  .UNSPECIFIED.,.F.,.F.,(3,3),(0.,1.),.PIECEWISE_BEZIER_KNOTS.);
#4594 = CARTESIAN_POINT('',(2.1708984375,94.18701171875,3.4));
#4595 = CARTESIAN_POINT('',(2.054443359375,93.838745117188,3.4));
#4596 = CARTESIAN_POINT('',(1.822631835938,93.648681640625,3.4));
#4597 = PCURVE('',#1836,#4598);
#4598 = DEFINITIONAL_REPRESENTATION('',(#4599),#4603);
#4599 = LINE('',#4600,#4601);
#4600 = CARTESIAN_POINT('',(0.,-0.6));
#4601 = VECTOR('',#4602,1.);
#4602 = DIRECTION('',(1.,0.));
#4603 = ( GEOMETRIC_REPRESENTATION_CONTEXT(2) 
PARAMETRIC_REPRESENTATION_CONTEXT() REPRESENTATION_CONTEXT('2D SPACE',''
  ) );
#4604 = PCURVE('',#4335,#4605);
#4605 = DEFINITIONAL_REPRESENTATION('',(#4606),#4610);
#4606 = B_SPLINE_CURVE_WITH_KNOTS('',2,(#4607,#4608,#4609),
  .UNSPECIFIED.,.F.,.F.,(3,3),(0.,1.),.PIECEWISE_BEZIER_KNOTS.);
#4607 = CARTESIAN_POINT('',(2.1708984375,0.673461914062));
#4608 = CARTESIAN_POINT('',(2.054443359375,0.3251953125));
#4609 = CARTESIAN_POINT('',(1.822631835938,0.135131835938));
#4610 = ( GEOMETRIC_REPRESENTATION_CONTEXT(2) 
PARAMETRIC_REPRESENTATION_CONTEXT() REPRESENTATION_CONTEXT('2D SPACE',''
  ) );
#4611 = ORIENTED_EDGE('',*,*,#4470,.F.);
#4612 = ORIENTED_EDGE('',*,*,#1820,.F.);
#4613 = ADVANCED_FACE('',(#4614),#1656,.T.);
#4614 = FACE_BOUND('',#4615,.T.);
#4615 = EDGE_LOOP('',(#4616,#4617,#4640,#4661));
#4616 = ORIENTED_EDGE('',*,*,#4543,.T.);
#4617 = ORIENTED_EDGE('',*,*,#4618,.T.);
#4618 = EDGE_CURVE('',#4521,#4619,#4621,.T.);
#4619 = VERTEX_POINT('',#4620);
#4620 = CARTESIAN_POINT('',(1.237060546875,96.747924804688,3.4));
#4621 = SURFACE_CURVE('',#4622,(#4626,#4633),.PCURVE_S1.);
#4622 = B_SPLINE_CURVE_WITH_KNOTS('',2,(#4623,#4624,#4625),
  .UNSPECIFIED.,.F.,.F.,(3,3),(0.,1.),.PIECEWISE_BEZIER_KNOTS.);
#4623 = CARTESIAN_POINT('',(0.653686523438,96.558959960938,3.4));
#4624 = CARTESIAN_POINT('',(0.885498046875,96.747924804688,3.4));
#4625 = CARTESIAN_POINT('',(1.237060546875,96.747924804688,3.4));
#4626 = PCURVE('',#1656,#4627);
#4627 = DEFINITIONAL_REPRESENTATION('',(#4628),#4632);
#4628 = LINE('',#4629,#4630);
#4629 = CARTESIAN_POINT('',(0.,-0.6));
#4630 = VECTOR('',#4631,1.);
#4631 = DIRECTION('',(1.,0.));
#4632 = ( GEOMETRIC_REPRESENTATION_CONTEXT(2) 
PARAMETRIC_REPRESENTATION_CONTEXT() REPRESENTATION_CONTEXT('2D SPACE',''
  ) );
#4633 = PCURVE('',#4335,#4634);
#4634 = DEFINITIONAL_REPRESENTATION('',(#4635),#4639);
#4635 = B_SPLINE_CURVE_WITH_KNOTS('',2,(#4636,#4637,#4638),
  .UNSPECIFIED.,.F.,.F.,(3,3),(0.,1.),.PIECEWISE_BEZIER_KNOTS.);
#4636 = CARTESIAN_POINT('',(0.653686523438,3.04541015625));
#4637 = CARTESIAN_POINT('',(0.885498046875,3.234375));
#4638 = CARTESIAN_POINT('',(1.237060546875,3.234375));
#4639 = ( GEOMETRIC_REPRESENTATION_CONTEXT(2) 
PARAMETRIC_REPRESENTATION_CONTEXT() REPRESENTATION_CONTEXT('2D SPACE',''
  ) );
#4640 = ORIENTED_EDGE('',*,*,#4641,.F.);
#4641 = EDGE_CURVE('',#1641,#4619,#4642,.T.);
#4642 = SURFACE_CURVE('',#4643,(#4647,#4654),.PCURVE_S1.);
#4643 = LINE('',#4644,#4645);
#4644 = CARTESIAN_POINT('',(1.237060546875,96.747924804688,4.));
#4645 = VECTOR('',#4646,1.);
#4646 = DIRECTION('',(-0.,-0.,-1.));
#4647 = PCURVE('',#1656,#4648);
#4648 = DEFINITIONAL_REPRESENTATION('',(#4649),#4653);
#4649 = LINE('',#4650,#4651);
#4650 = CARTESIAN_POINT('',(1.,0.));
#4651 = VECTOR('',#4652,1.);
#4652 = DIRECTION('',(0.,-1.));
#4653 = ( GEOMETRIC_REPRESENTATION_CONTEXT(2) 
PARAMETRIC_REPRESENTATION_CONTEXT() REPRESENTATION_CONTEXT('2D SPACE',''
  ) );
#4654 = PCURVE('',#1686,#4655);
#4655 = DEFINITIONAL_REPRESENTATION('',(#4656),#4660);
#4656 = LINE('',#4657,#4658);
#4657 = CARTESIAN_POINT('',(0.,0.));
#4658 = VECTOR('',#4659,1.);
#4659 = DIRECTION('',(0.,-1.));
#4660 = ( GEOMETRIC_REPRESENTATION_CONTEXT(2) 
PARAMETRIC_REPRESENTATION_CONTEXT() REPRESENTATION_CONTEXT('2D SPACE',''
  ) );
#4661 = ORIENTED_EDGE('',*,*,#1640,.F.);
#4662 = ADVANCED_FACE('',(#4663),#1806,.T.);
#4663 = FACE_BOUND('',#4664,.T.);
#4664 = EDGE_LOOP('',(#4665,#4688,#4709,#4710));
#4665 = ORIENTED_EDGE('',*,*,#4666,.T.);
#4666 = EDGE_CURVE('',#1761,#4667,#4669,.T.);
#4667 = VERTEX_POINT('',#4668);
#4668 = CARTESIAN_POINT('',(2.287353515625,95.102172851562,3.4));
#4669 = SURFACE_CURVE('',#4670,(#4674,#4681),.PCURVE_S1.);
#4670 = LINE('',#4671,#4672);
#4671 = CARTESIAN_POINT('',(2.287353515625,95.102172851562,4.));
#4672 = VECTOR('',#4673,1.);
#4673 = DIRECTION('',(-0.,-0.,-1.));
#4674 = PCURVE('',#1806,#4675);
#4675 = DEFINITIONAL_REPRESENTATION('',(#4676),#4680);
#4676 = LINE('',#4677,#4678);
#4677 = CARTESIAN_POINT('',(0.,0.));
#4678 = VECTOR('',#4679,1.);
#4679 = DIRECTION('',(0.,-1.));
#4680 = ( GEOMETRIC_REPRESENTATION_CONTEXT(2) 
PARAMETRIC_REPRESENTATION_CONTEXT() REPRESENTATION_CONTEXT('2D SPACE',''
  ) );
#4681 = PCURVE('',#1776,#4682);
#4682 = DEFINITIONAL_REPRESENTATION('',(#4683),#4687);
#4683 = LINE('',#4684,#4685);
#4684 = CARTESIAN_POINT('',(1.,0.));
#4685 = VECTOR('',#4686,1.);
#4686 = DIRECTION('',(0.,-1.));
#4687 = ( GEOMETRIC_REPRESENTATION_CONTEXT(2) 
PARAMETRIC_REPRESENTATION_CONTEXT() REPRESENTATION_CONTEXT('2D SPACE',''
  ) );
#4688 = ORIENTED_EDGE('',*,*,#4689,.T.);
#4689 = EDGE_CURVE('',#4667,#4569,#4690,.T.);
#4690 = SURFACE_CURVE('',#4691,(#4695,#4702),.PCURVE_S1.);
#4691 = B_SPLINE_CURVE_WITH_KNOTS('',2,(#4692,#4693,#4694),
  .UNSPECIFIED.,.F.,.F.,(3,3),(0.,1.),.PIECEWISE_BEZIER_KNOTS.);
#4692 = CARTESIAN_POINT('',(2.287353515625,95.102172851562,3.4));
#4693 = CARTESIAN_POINT('',(2.287353515625,94.535278320312,3.4));
#4694 = CARTESIAN_POINT('',(2.1708984375,94.18701171875,3.4));
#4695 = PCURVE('',#1806,#4696);
#4696 = DEFINITIONAL_REPRESENTATION('',(#4697),#4701);
#4697 = LINE('',#4698,#4699);
#4698 = CARTESIAN_POINT('',(0.,-0.6));
#4699 = VECTOR('',#4700,1.);
#4700 = DIRECTION('',(1.,0.));
#4701 = ( GEOMETRIC_REPRESENTATION_CONTEXT(2) 
PARAMETRIC_REPRESENTATION_CONTEXT() REPRESENTATION_CONTEXT('2D SPACE',''
  ) );
#4702 = PCURVE('',#4335,#4703);
#4703 = DEFINITIONAL_REPRESENTATION('',(#4704),#4708);
#4704 = B_SPLINE_CURVE_WITH_KNOTS('',2,(#4705,#4706,#4707),
  .UNSPECIFIED.,.F.,.F.,(3,3),(0.,1.),.PIECEWISE_BEZIER_KNOTS.);
#4705 = CARTESIAN_POINT('',(2.287353515625,1.588623046875));
#4706 = CARTESIAN_POINT('',(2.287353515625,1.021728515625));
#4707 = CARTESIAN_POINT('',(2.1708984375,0.673461914062));
#4708 = ( GEOMETRIC_REPRESENTATION_CONTEXT(2) 
PARAMETRIC_REPRESENTATION_CONTEXT() REPRESENTATION_CONTEXT('2D SPACE',''
  ) );
#4709 = ORIENTED_EDGE('',*,*,#4568,.F.);
#4710 = ORIENTED_EDGE('',*,*,#1790,.F.);
#4711 = ADVANCED_FACE('',(#4712),#1686,.T.);
#4712 = FACE_BOUND('',#4713,.T.);
#4713 = EDGE_LOOP('',(#4714,#4715,#4738,#4759));
#4714 = ORIENTED_EDGE('',*,*,#4641,.T.);
#4715 = ORIENTED_EDGE('',*,*,#4716,.T.);
#4716 = EDGE_CURVE('',#4619,#4717,#4719,.T.);
#4717 = VERTEX_POINT('',#4718);
#4718 = CARTESIAN_POINT('',(1.69189453125,96.6435546875,3.4));
#4719 = SURFACE_CURVE('',#4720,(#4724,#4731),.PCURVE_S1.);
#4720 = B_SPLINE_CURVE_WITH_KNOTS('',2,(#4721,#4722,#4723),
  .UNSPECIFIED.,.F.,.F.,(3,3),(0.,1.),.PIECEWISE_BEZIER_KNOTS.);
#4721 = CARTESIAN_POINT('',(1.237060546875,96.747924804688,3.4));
#4722 = CARTESIAN_POINT('',(1.496337890625,96.747924804688,3.4));
#4723 = CARTESIAN_POINT('',(1.69189453125,96.6435546875,3.4));
#4724 = PCURVE('',#1686,#4725);
#4725 = DEFINITIONAL_REPRESENTATION('',(#4726),#4730);
#4726 = LINE('',#4727,#4728);
#4727 = CARTESIAN_POINT('',(0.,-0.6));
#4728 = VECTOR('',#4729,1.);
#4729 = DIRECTION('',(1.,0.));
#4730 = ( GEOMETRIC_REPRESENTATION_CONTEXT(2) 
PARAMETRIC_REPRESENTATION_CONTEXT() REPRESENTATION_CONTEXT('2D SPACE',''
  ) );
#4731 = PCURVE('',#4335,#4732);
#4732 = DEFINITIONAL_REPRESENTATION('',(#4733),#4737);
#4733 = B_SPLINE_CURVE_WITH_KNOTS('',2,(#4734,#4735,#4736),
  .UNSPECIFIED.,.F.,.F.,(3,3),(0.,1.),.PIECEWISE_BEZIER_KNOTS.);
#4734 = CARTESIAN_POINT('',(1.237060546875,3.234375));
#4735 = CARTESIAN_POINT('',(1.496337890625,3.234375));
#4736 = CARTESIAN_POINT('',(1.69189453125,3.130004882812));
#4737 = ( GEOMETRIC_REPRESENTATION_CONTEXT(2) 
PARAMETRIC_REPRESENTATION_CONTEXT() REPRESENTATION_CONTEXT('2D SPACE',''
  ) );
#4738 = ORIENTED_EDGE('',*,*,#4739,.F.);
#4739 = EDGE_CURVE('',#1671,#4717,#4740,.T.);
#4740 = SURFACE_CURVE('',#4741,(#4745,#4752),.PCURVE_S1.);
#4741 = LINE('',#4742,#4743);
#4742 = CARTESIAN_POINT('',(1.69189453125,96.6435546875,4.));
#4743 = VECTOR('',#4744,1.);
#4744 = DIRECTION('',(-0.,-0.,-1.));
#4745 = PCURVE('',#1686,#4746);
#4746 = DEFINITIONAL_REPRESENTATION('',(#4747),#4751);
#4747 = LINE('',#4748,#4749);
#4748 = CARTESIAN_POINT('',(1.,0.));
#4749 = VECTOR('',#4750,1.);
#4750 = DIRECTION('',(0.,-1.));
#4751 = ( GEOMETRIC_REPRESENTATION_CONTEXT(2) 
PARAMETRIC_REPRESENTATION_CONTEXT() REPRESENTATION_CONTEXT('2D SPACE',''
  ) );
#4752 = PCURVE('',#1716,#4753);
#4753 = DEFINITIONAL_REPRESENTATION('',(#4754),#4758);
#4754 = LINE('',#4755,#4756);
#4755 = CARTESIAN_POINT('',(0.,0.));
#4756 = VECTOR('',#4757,1.);
#4757 = DIRECTION('',(0.,-1.));
#4758 = ( GEOMETRIC_REPRESENTATION_CONTEXT(2) 
PARAMETRIC_REPRESENTATION_CONTEXT() REPRESENTATION_CONTEXT('2D SPACE',''
  ) );
#4759 = ORIENTED_EDGE('',*,*,#1670,.F.);
#4760 = ADVANCED_FACE('',(#4761),#1776,.T.);
#4761 = FACE_BOUND('',#4762,.T.);
#4762 = EDGE_LOOP('',(#4763,#4786,#4807,#4808));
#4763 = ORIENTED_EDGE('',*,*,#4764,.T.);
#4764 = EDGE_CURVE('',#1731,#4765,#4767,.T.);
#4765 = VERTEX_POINT('',#4766);
#4766 = CARTESIAN_POINT('',(2.21484375,95.863525390625,3.4));
#4767 = SURFACE_CURVE('',#4768,(#4772,#4779),.PCURVE_S1.);
#4768 = LINE('',#4769,#4770);
#4769 = CARTESIAN_POINT('',(2.21484375,95.863525390625,4.));
#4770 = VECTOR('',#4771,1.);
#4771 = DIRECTION('',(-0.,-0.,-1.));
#4772 = PCURVE('',#1776,#4773);
#4773 = DEFINITIONAL_REPRESENTATION('',(#4774),#4778);
#4774 = LINE('',#4775,#4776);
#4775 = CARTESIAN_POINT('',(0.,0.));
#4776 = VECTOR('',#4777,1.);
#4777 = DIRECTION('',(0.,-1.));
#4778 = ( GEOMETRIC_REPRESENTATION_CONTEXT(2) 
PARAMETRIC_REPRESENTATION_CONTEXT() REPRESENTATION_CONTEXT('2D SPACE',''
  ) );
#4779 = PCURVE('',#1746,#4780);
#4780 = DEFINITIONAL_REPRESENTATION('',(#4781),#4785);
#4781 = LINE('',#4782,#4783);
#4782 = CARTESIAN_POINT('',(1.,0.));
#4783 = VECTOR('',#4784,1.);
#4784 = DIRECTION('',(0.,-1.));
#4785 = ( GEOMETRIC_REPRESENTATION_CONTEXT(2) 
PARAMETRIC_REPRESENTATION_CONTEXT() REPRESENTATION_CONTEXT('2D SPACE',''
  ) );
#4786 = ORIENTED_EDGE('',*,*,#4787,.T.);
#4787 = EDGE_CURVE('',#4765,#4667,#4788,.T.);
#4788 = SURFACE_CURVE('',#4789,(#4793,#4800),.PCURVE_S1.);
#4789 = B_SPLINE_CURVE_WITH_KNOTS('',2,(#4790,#4791,#4792),
  .UNSPECIFIED.,.F.,.F.,(3,3),(0.,1.),.PIECEWISE_BEZIER_KNOTS.);
#4790 = CARTESIAN_POINT('',(2.21484375,95.863525390625,3.4));
#4791 = CARTESIAN_POINT('',(2.287353515625,95.581176757812,3.4));
#4792 = CARTESIAN_POINT('',(2.287353515625,95.102172851562,3.4));
#4793 = PCURVE('',#1776,#4794);
#4794 = DEFINITIONAL_REPRESENTATION('',(#4795),#4799);
#4795 = LINE('',#4796,#4797);
#4796 = CARTESIAN_POINT('',(0.,-0.6));
#4797 = VECTOR('',#4798,1.);
#4798 = DIRECTION('',(1.,0.));
#4799 = ( GEOMETRIC_REPRESENTATION_CONTEXT(2) 
PARAMETRIC_REPRESENTATION_CONTEXT() REPRESENTATION_CONTEXT('2D SPACE',''
  ) );
#4800 = PCURVE('',#4335,#4801);
#4801 = DEFINITIONAL_REPRESENTATION('',(#4802),#4806);
#4802 = B_SPLINE_CURVE_WITH_KNOTS('',2,(#4803,#4804,#4805),
  .UNSPECIFIED.,.F.,.F.,(3,3),(0.,1.),.PIECEWISE_BEZIER_KNOTS.);
#4803 = CARTESIAN_POINT('',(2.21484375,2.349975585938));
#4804 = CARTESIAN_POINT('',(2.287353515625,2.067626953125));
#4805 = CARTESIAN_POINT('',(2.287353515625,1.588623046875));
#4806 = ( GEOMETRIC_REPRESENTATION_CONTEXT(2) 
PARAMETRIC_REPRESENTATION_CONTEXT() REPRESENTATION_CONTEXT('2D SPACE',''
  ) );
#4807 = ORIENTED_EDGE('',*,*,#4666,.F.);
#4808 = ORIENTED_EDGE('',*,*,#1760,.F.);
#4809 = ADVANCED_FACE('',(#4810),#1716,.T.);
#4810 = FACE_BOUND('',#4811,.T.);
#4811 = EDGE_LOOP('',(#4812,#4813,#4836,#4857));
#4812 = ORIENTED_EDGE('',*,*,#4739,.T.);
#4813 = ORIENTED_EDGE('',*,*,#4814,.T.);
#4814 = EDGE_CURVE('',#4717,#4815,#4817,.T.);
#4815 = VERTEX_POINT('',#4816);
#4816 = CARTESIAN_POINT('',(2.014892578125,96.342529296875,3.4));
#4817 = SURFACE_CURVE('',#4818,(#4822,#4829),.PCURVE_S1.);
#4818 = B_SPLINE_CURVE_WITH_KNOTS('',2,(#4819,#4820,#4821),
  .UNSPECIFIED.,.F.,.F.,(3,3),(0.,1.),.PIECEWISE_BEZIER_KNOTS.);
#4819 = CARTESIAN_POINT('',(1.69189453125,96.6435546875,3.4));
#4820 = CARTESIAN_POINT('',(1.887451171875,96.539184570312,3.4));
#4821 = CARTESIAN_POINT('',(2.014892578125,96.342529296875,3.4));
#4822 = PCURVE('',#1716,#4823);
#4823 = DEFINITIONAL_REPRESENTATION('',(#4824),#4828);
#4824 = LINE('',#4825,#4826);
#4825 = CARTESIAN_POINT('',(0.,-0.6));
#4826 = VECTOR('',#4827,1.);
#4827 = DIRECTION('',(1.,0.));
#4828 = ( GEOMETRIC_REPRESENTATION_CONTEXT(2) 
PARAMETRIC_REPRESENTATION_CONTEXT() REPRESENTATION_CONTEXT('2D SPACE',''
  ) );
#4829 = PCURVE('',#4335,#4830);
#4830 = DEFINITIONAL_REPRESENTATION('',(#4831),#4835);
#4831 = B_SPLINE_CURVE_WITH_KNOTS('',2,(#4832,#4833,#4834),
  .UNSPECIFIED.,.F.,.F.,(3,3),(0.,1.),.PIECEWISE_BEZIER_KNOTS.);
#4832 = CARTESIAN_POINT('',(1.69189453125,3.130004882812));
#4833 = CARTESIAN_POINT('',(1.887451171875,3.025634765625));
#4834 = CARTESIAN_POINT('',(2.014892578125,2.828979492188));
#4835 = ( GEOMETRIC_REPRESENTATION_CONTEXT(2) 
PARAMETRIC_REPRESENTATION_CONTEXT() REPRESENTATION_CONTEXT('2D SPACE',''
  ) );
#4836 = ORIENTED_EDGE('',*,*,#4837,.F.);
#4837 = EDGE_CURVE('',#1701,#4815,#4838,.T.);
#4838 = SURFACE_CURVE('',#4839,(#4843,#4850),.PCURVE_S1.);
#4839 = LINE('',#4840,#4841);
#4840 = CARTESIAN_POINT('',(2.014892578125,96.342529296875,4.));
#4841 = VECTOR('',#4842,1.);
#4842 = DIRECTION('',(-0.,-0.,-1.));
#4843 = PCURVE('',#1716,#4844);
#4844 = DEFINITIONAL_REPRESENTATION('',(#4845),#4849);
#4845 = LINE('',#4846,#4847);
#4846 = CARTESIAN_POINT('',(1.,0.));
#4847 = VECTOR('',#4848,1.);
#4848 = DIRECTION('',(0.,-1.));
#4849 = ( GEOMETRIC_REPRESENTATION_CONTEXT(2) 
PARAMETRIC_REPRESENTATION_CONTEXT() REPRESENTATION_CONTEXT('2D SPACE',''
  ) );
#4850 = PCURVE('',#1746,#4851);
#4851 = DEFINITIONAL_REPRESENTATION('',(#4852),#4856);
#4852 = LINE('',#4853,#4854);
#4853 = CARTESIAN_POINT('',(0.,0.));
#4854 = VECTOR('',#4855,1.);
#4855 = DIRECTION('',(0.,-1.));
#4856 = ( GEOMETRIC_REPRESENTATION_CONTEXT(2) 
PARAMETRIC_REPRESENTATION_CONTEXT() REPRESENTATION_CONTEXT('2D SPACE',''
  ) );
#4857 = ORIENTED_EDGE('',*,*,#1700,.F.);
#4858 = ADVANCED_FACE('',(#4859),#1746,.T.);
#4859 = FACE_BOUND('',#4860,.T.);
#4860 = EDGE_LOOP('',(#4861,#4862,#4883,#4884));
#4861 = ORIENTED_EDGE('',*,*,#4837,.T.);
#4862 = ORIENTED_EDGE('',*,*,#4863,.T.);
#4863 = EDGE_CURVE('',#4815,#4765,#4864,.T.);
#4864 = SURFACE_CURVE('',#4865,(#4869,#4876),.PCURVE_S1.);
#4865 = B_SPLINE_CURVE_WITH_KNOTS('',2,(#4866,#4867,#4868),
  .UNSPECIFIED.,.F.,.F.,(3,3),(0.,1.),.PIECEWISE_BEZIER_KNOTS.);
#4866 = CARTESIAN_POINT('',(2.014892578125,96.342529296875,3.4));
#4867 = CARTESIAN_POINT('',(2.142333984375,96.145874023438,3.4));
#4868 = CARTESIAN_POINT('',(2.21484375,95.863525390625,3.4));
#4869 = PCURVE('',#1746,#4870);
#4870 = DEFINITIONAL_REPRESENTATION('',(#4871),#4875);
#4871 = LINE('',#4872,#4873);
#4872 = CARTESIAN_POINT('',(0.,-0.6));
#4873 = VECTOR('',#4874,1.);
#4874 = DIRECTION('',(1.,0.));
#4875 = ( GEOMETRIC_REPRESENTATION_CONTEXT(2) 
PARAMETRIC_REPRESENTATION_CONTEXT() REPRESENTATION_CONTEXT('2D SPACE',''
  ) );
#4876 = PCURVE('',#4335,#4877);
#4877 = DEFINITIONAL_REPRESENTATION('',(#4878),#4882);
#4878 = B_SPLINE_CURVE_WITH_KNOTS('',2,(#4879,#4880,#4881),
  .UNSPECIFIED.,.F.,.F.,(3,3),(0.,1.),.PIECEWISE_BEZIER_KNOTS.);
#4879 = CARTESIAN_POINT('',(2.014892578125,2.828979492188));
#4880 = CARTESIAN_POINT('',(2.142333984375,2.63232421875));
#4881 = CARTESIAN_POINT('',(2.21484375,2.349975585938));
#4882 = ( GEOMETRIC_REPRESENTATION_CONTEXT(2) 
PARAMETRIC_REPRESENTATION_CONTEXT() REPRESENTATION_CONTEXT('2D SPACE',''
  ) );
#4883 = ORIENTED_EDGE('',*,*,#4764,.F.);
#4884 = ORIENTED_EDGE('',*,*,#1730,.F.);
#4885 = ADVANCED_FACE('',(#4886),#1928,.T.);
#4886 = FACE_BOUND('',#4887,.T.);
#4887 = EDGE_LOOP('',(#4888,#4911,#4939,#4960));
#4888 = ORIENTED_EDGE('',*,*,#4889,.T.);
#4889 = EDGE_CURVE('',#1911,#4890,#4892,.T.);
#4890 = VERTEX_POINT('',#4891);
#4891 = CARTESIAN_POINT('',(-2.332397460938,155.74792480468,3.4));
#4892 = SURFACE_CURVE('',#4893,(#4897,#4904),.PCURVE_S1.);
#4893 = LINE('',#4894,#4895);
#4894 = CARTESIAN_POINT('',(-2.332397460938,155.74792480468,4.));
#4895 = VECTOR('',#4896,1.);
#4896 = DIRECTION('',(-0.,-0.,-1.));
#4897 = PCURVE('',#1928,#4898);
#4898 = DEFINITIONAL_REPRESENTATION('',(#4899),#4903);
#4899 = LINE('',#4900,#4901);
#4900 = CARTESIAN_POINT('',(0.,0.));
#4901 = VECTOR('',#4902,1.);
#4902 = DIRECTION('',(0.,-1.));
#4903 = ( GEOMETRIC_REPRESENTATION_CONTEXT(2) 
PARAMETRIC_REPRESENTATION_CONTEXT() REPRESENTATION_CONTEXT('2D SPACE',''
  ) );
#4904 = PCURVE('',#2156,#4905);
#4905 = DEFINITIONAL_REPRESENTATION('',(#4906),#4910);
#4906 = LINE('',#4907,#4908);
#4907 = CARTESIAN_POINT('',(1.,0.));
#4908 = VECTOR('',#4909,1.);
#4909 = DIRECTION('',(0.,-1.));
#4910 = ( GEOMETRIC_REPRESENTATION_CONTEXT(2) 
PARAMETRIC_REPRESENTATION_CONTEXT() REPRESENTATION_CONTEXT('2D SPACE',''
  ) );
#4911 = ORIENTED_EDGE('',*,*,#4912,.T.);
#4912 = EDGE_CURVE('',#4890,#4913,#4915,.T.);
#4913 = VERTEX_POINT('',#4914);
#4914 = CARTESIAN_POINT('',(-2.077514648438,155.74792480468,3.4));
#4915 = SURFACE_CURVE('',#4916,(#4920,#4927),.PCURVE_S1.);
#4916 = LINE('',#4917,#4918);
#4917 = CARTESIAN_POINT('',(-2.332397460938,155.74792480468,3.4));
#4918 = VECTOR('',#4919,1.);
#4919 = DIRECTION('',(1.,0.,0.));
#4920 = PCURVE('',#1928,#4921);
#4921 = DEFINITIONAL_REPRESENTATION('',(#4922),#4926);
#4922 = LINE('',#4923,#4924);
#4923 = CARTESIAN_POINT('',(0.,-0.6));
#4924 = VECTOR('',#4925,1.);
#4925 = DIRECTION('',(1.,0.));
#4926 = ( GEOMETRIC_REPRESENTATION_CONTEXT(2) 
PARAMETRIC_REPRESENTATION_CONTEXT() REPRESENTATION_CONTEXT('2D SPACE',''
  ) );
#4927 = PCURVE('',#4928,#4933);
#4928 = PLANE('',#4929);
#4929 = AXIS2_PLACEMENT_3D('',#4930,#4931,#4932);
#4930 = CARTESIAN_POINT('',(-3.754028320312,152.51354980468,3.4));
#4931 = DIRECTION('',(0.,0.,1.));
#4932 = DIRECTION('',(1.,0.,0.));
#4933 = DEFINITIONAL_REPRESENTATION('',(#4934),#4938);
#4934 = LINE('',#4935,#4936);
#4935 = CARTESIAN_POINT('',(1.421630859375,3.234375));
#4936 = VECTOR('',#4937,1.);
#4937 = DIRECTION('',(1.,0.));
#4938 = ( GEOMETRIC_REPRESENTATION_CONTEXT(2) 
PARAMETRIC_REPRESENTATION_CONTEXT() REPRESENTATION_CONTEXT('2D SPACE',''
  ) );
#4939 = ORIENTED_EDGE('',*,*,#4940,.F.);
#4940 = EDGE_CURVE('',#1913,#4913,#4941,.T.);
#4941 = SURFACE_CURVE('',#4942,(#4946,#4953),.PCURVE_S1.);
#4942 = LINE('',#4943,#4944);
#4943 = CARTESIAN_POINT('',(-2.077514648438,155.74792480468,4.));
#4944 = VECTOR('',#4945,1.);
#4945 = DIRECTION('',(-0.,-0.,-1.));
#4946 = PCURVE('',#1928,#4947);
#4947 = DEFINITIONAL_REPRESENTATION('',(#4948),#4952);
#4948 = LINE('',#4949,#4950);
#4949 = CARTESIAN_POINT('',(0.2548828125,0.));
#4950 = VECTOR('',#4951,1.);
#4951 = DIRECTION('',(0.,-1.));
#4952 = ( GEOMETRIC_REPRESENTATION_CONTEXT(2) 
PARAMETRIC_REPRESENTATION_CONTEXT() REPRESENTATION_CONTEXT('2D SPACE',''
  ) );
#4953 = PCURVE('',#1956,#4954);
#4954 = DEFINITIONAL_REPRESENTATION('',(#4955),#4959);
#4955 = LINE('',#4956,#4957);
#4956 = CARTESIAN_POINT('',(0.,0.));
#4957 = VECTOR('',#4958,1.);
#4958 = DIRECTION('',(0.,-1.));
#4959 = ( GEOMETRIC_REPRESENTATION_CONTEXT(2) 
PARAMETRIC_REPRESENTATION_CONTEXT() REPRESENTATION_CONTEXT('2D SPACE',''
  ) );
#4960 = ORIENTED_EDGE('',*,*,#1910,.F.);
#4961 = ADVANCED_FACE('',(#4962),#2156,.T.);
#4962 = FACE_BOUND('',#4963,.T.);
#4963 = EDGE_LOOP('',(#4964,#4987,#5008,#5009));
#4964 = ORIENTED_EDGE('',*,*,#4965,.T.);
#4965 = EDGE_CURVE('',#2113,#4966,#4968,.T.);
#4966 = VERTEX_POINT('',#4967);
#4967 = CARTESIAN_POINT('',(-2.683959960938,155.31726074218,3.4));
#4968 = SURFACE_CURVE('',#4969,(#4973,#4980),.PCURVE_S1.);
#4969 = LINE('',#4970,#4971);
#4970 = CARTESIAN_POINT('',(-2.683959960938,155.31726074218,4.));
#4971 = VECTOR('',#4972,1.);
#4972 = DIRECTION('',(-0.,-0.,-1.));
#4973 = PCURVE('',#2156,#4974);
#4974 = DEFINITIONAL_REPRESENTATION('',(#4975),#4979);
#4975 = LINE('',#4976,#4977);
#4976 = CARTESIAN_POINT('',(0.,0.));
#4977 = VECTOR('',#4978,1.);
#4978 = DIRECTION('',(0.,-1.));
#4979 = ( GEOMETRIC_REPRESENTATION_CONTEXT(2) 
PARAMETRIC_REPRESENTATION_CONTEXT() REPRESENTATION_CONTEXT('2D SPACE',''
  ) );
#4980 = PCURVE('',#2128,#4981);
#4981 = DEFINITIONAL_REPRESENTATION('',(#4982),#4986);
#4982 = LINE('',#4983,#4984);
#4983 = CARTESIAN_POINT('',(1.,0.));
#4984 = VECTOR('',#4985,1.);
#4985 = DIRECTION('',(0.,-1.));
#4986 = ( GEOMETRIC_REPRESENTATION_CONTEXT(2) 
PARAMETRIC_REPRESENTATION_CONTEXT() REPRESENTATION_CONTEXT('2D SPACE',''
  ) );
#4987 = ORIENTED_EDGE('',*,*,#4988,.T.);
#4988 = EDGE_CURVE('',#4966,#4890,#4989,.T.);
#4989 = SURFACE_CURVE('',#4990,(#4994,#5001),.PCURVE_S1.);
#4990 = B_SPLINE_CURVE_WITH_KNOTS('',2,(#4991,#4992,#4993),
  .UNSPECIFIED.,.F.,.F.,(3,3),(0.,1.),.PIECEWISE_BEZIER_KNOTS.);
#4991 = CARTESIAN_POINT('',(-2.683959960938,155.31726074218,3.4));
#4992 = CARTESIAN_POINT('',(-2.435668945312,155.53918457031,3.4));
#4993 = CARTESIAN_POINT('',(-2.332397460938,155.74792480468,3.4));
#4994 = PCURVE('',#2156,#4995);
#4995 = DEFINITIONAL_REPRESENTATION('',(#4996),#5000);
#4996 = LINE('',#4997,#4998);
#4997 = CARTESIAN_POINT('',(0.,-0.6));
#4998 = VECTOR('',#4999,1.);
#4999 = DIRECTION('',(1.,0.));
#5000 = ( GEOMETRIC_REPRESENTATION_CONTEXT(2) 
PARAMETRIC_REPRESENTATION_CONTEXT() REPRESENTATION_CONTEXT('2D SPACE',''
  ) );
#5001 = PCURVE('',#4928,#5002);
#5002 = DEFINITIONAL_REPRESENTATION('',(#5003),#5007);
#5003 = B_SPLINE_CURVE_WITH_KNOTS('',2,(#5004,#5005,#5006),
  .UNSPECIFIED.,.F.,.F.,(3,3),(0.,1.),.PIECEWISE_BEZIER_KNOTS.);
#5004 = CARTESIAN_POINT('',(1.070068359375,2.8037109375));
#5005 = CARTESIAN_POINT('',(1.318359375,3.025634765625));
#5006 = CARTESIAN_POINT('',(1.421630859375,3.234375));
#5007 = ( GEOMETRIC_REPRESENTATION_CONTEXT(2) 
PARAMETRIC_REPRESENTATION_CONTEXT() REPRESENTATION_CONTEXT('2D SPACE',''
  ) );
#5008 = ORIENTED_EDGE('',*,*,#4889,.F.);
#5009 = ORIENTED_EDGE('',*,*,#2142,.F.);
#5010 = ADVANCED_FACE('',(#5011),#2128,.T.);
#5011 = FACE_BOUND('',#5012,.T.);
#5012 = EDGE_LOOP('',(#5013,#5036,#5057,#5058));
#5013 = ORIENTED_EDGE('',*,*,#5014,.T.);
#5014 = EDGE_CURVE('',#2085,#5015,#5017,.T.);
#5015 = VERTEX_POINT('',#5016);
#5016 = CARTESIAN_POINT('',(-3.264038085938,154.93933105468,3.4));
#5017 = SURFACE_CURVE('',#5018,(#5022,#5029),.PCURVE_S1.);
#5018 = LINE('',#5019,#5020);
#5019 = CARTESIAN_POINT('',(-3.264038085938,154.93933105468,4.));
#5020 = VECTOR('',#5021,1.);
#5021 = DIRECTION('',(-0.,-0.,-1.));
#5022 = PCURVE('',#2128,#5023);
#5023 = DEFINITIONAL_REPRESENTATION('',(#5024),#5028);
#5024 = LINE('',#5025,#5026);
#5025 = CARTESIAN_POINT('',(0.,0.));
#5026 = VECTOR('',#5027,1.);
#5027 = DIRECTION('',(0.,-1.));
#5028 = ( GEOMETRIC_REPRESENTATION_CONTEXT(2) 
PARAMETRIC_REPRESENTATION_CONTEXT() REPRESENTATION_CONTEXT('2D SPACE',''
  ) );
#5029 = PCURVE('',#2100,#5030);
#5030 = DEFINITIONAL_REPRESENTATION('',(#5031),#5035);
#5031 = LINE('',#5032,#5033);
#5032 = CARTESIAN_POINT('',(0.38232421875,0.));
#5033 = VECTOR('',#5034,1.);
#5034 = DIRECTION('',(0.,-1.));
#5035 = ( GEOMETRIC_REPRESENTATION_CONTEXT(2) 
PARAMETRIC_REPRESENTATION_CONTEXT() REPRESENTATION_CONTEXT('2D SPACE',''
  ) );
#5036 = ORIENTED_EDGE('',*,*,#5037,.T.);
#5037 = EDGE_CURVE('',#5015,#4966,#5038,.T.);
#5038 = SURFACE_CURVE('',#5039,(#5043,#5050),.PCURVE_S1.);
#5039 = B_SPLINE_CURVE_WITH_KNOTS('',2,(#5040,#5041,#5042),
  .UNSPECIFIED.,.F.,.F.,(3,3),(0.,1.),.PIECEWISE_BEZIER_KNOTS.);
#5040 = CARTESIAN_POINT('',(-3.264038085938,154.93933105468,3.4));
#5041 = CARTESIAN_POINT('',(-2.932250976562,155.09533691406,3.4));
#5042 = CARTESIAN_POINT('',(-2.683959960938,155.31726074218,3.4));
#5043 = PCURVE('',#2128,#5044);
#5044 = DEFINITIONAL_REPRESENTATION('',(#5045),#5049);
#5045 = LINE('',#5046,#5047);
#5046 = CARTESIAN_POINT('',(0.,-0.6));
#5047 = VECTOR('',#5048,1.);
#5048 = DIRECTION('',(1.,0.));
#5049 = ( GEOMETRIC_REPRESENTATION_CONTEXT(2) 
PARAMETRIC_REPRESENTATION_CONTEXT() REPRESENTATION_CONTEXT('2D SPACE',''
  ) );
#5050 = PCURVE('',#4928,#5051);
#5051 = DEFINITIONAL_REPRESENTATION('',(#5052),#5056);
#5052 = B_SPLINE_CURVE_WITH_KNOTS('',2,(#5053,#5054,#5055),
  .UNSPECIFIED.,.F.,.F.,(3,3),(0.,1.),.PIECEWISE_BEZIER_KNOTS.);
#5053 = CARTESIAN_POINT('',(0.489990234375,2.42578125));
#5054 = CARTESIAN_POINT('',(0.82177734375,2.581787109375));
#5055 = CARTESIAN_POINT('',(1.070068359375,2.8037109375));
#5056 = ( GEOMETRIC_REPRESENTATION_CONTEXT(2) 
PARAMETRIC_REPRESENTATION_CONTEXT() REPRESENTATION_CONTEXT('2D SPACE',''
  ) );
#5057 = ORIENTED_EDGE('',*,*,#4965,.F.);
#5058 = ORIENTED_EDGE('',*,*,#2112,.F.);
#5059 = ADVANCED_FACE('',(#5060),#2100,.T.);
#5060 = FACE_BOUND('',#5061,.T.);
#5061 = EDGE_LOOP('',(#5062,#5085,#5106,#5107));
#5062 = ORIENTED_EDGE('',*,*,#5063,.T.);
#5063 = EDGE_CURVE('',#2055,#5064,#5066,.T.);
#5064 = VERTEX_POINT('',#5065);
#5065 = CARTESIAN_POINT('',(-3.264038085938,154.55700683593,3.4));
#5066 = SURFACE_CURVE('',#5067,(#5071,#5078),.PCURVE_S1.);
#5067 = LINE('',#5068,#5069);
#5068 = CARTESIAN_POINT('',(-3.264038085938,154.55700683593,4.));
#5069 = VECTOR('',#5070,1.);
#5070 = DIRECTION('',(-0.,-0.,-1.));
#5071 = PCURVE('',#2100,#5072);
#5072 = DEFINITIONAL_REPRESENTATION('',(#5073),#5077);
#5073 = LINE('',#5074,#5075);
#5074 = CARTESIAN_POINT('',(0.,0.));
#5075 = VECTOR('',#5076,1.);
#5076 = DIRECTION('',(0.,-1.));
#5077 = ( GEOMETRIC_REPRESENTATION_CONTEXT(2) 
PARAMETRIC_REPRESENTATION_CONTEXT() REPRESENTATION_CONTEXT('2D SPACE',''
  ) );
#5078 = PCURVE('',#2070,#5079);
#5079 = DEFINITIONAL_REPRESENTATION('',(#5080),#5084);
#5080 = LINE('',#5081,#5082);
#5081 = CARTESIAN_POINT('',(1.,0.));
#5082 = VECTOR('',#5083,1.);
#5083 = DIRECTION('',(0.,-1.));
#5084 = ( GEOMETRIC_REPRESENTATION_CONTEXT(2) 
PARAMETRIC_REPRESENTATION_CONTEXT() REPRESENTATION_CONTEXT('2D SPACE',''
  ) );
#5085 = ORIENTED_EDGE('',*,*,#5086,.T.);
#5086 = EDGE_CURVE('',#5064,#5015,#5087,.T.);
#5087 = SURFACE_CURVE('',#5088,(#5092,#5099),.PCURVE_S1.);
#5088 = LINE('',#5089,#5090);
#5089 = CARTESIAN_POINT('',(-3.264038085938,154.55700683593,3.4));
#5090 = VECTOR('',#5091,1.);
#5091 = DIRECTION('',(0.,1.,0.));
#5092 = PCURVE('',#2100,#5093);
#5093 = DEFINITIONAL_REPRESENTATION('',(#5094),#5098);
#5094 = LINE('',#5095,#5096);
#5095 = CARTESIAN_POINT('',(0.,-0.6));
#5096 = VECTOR('',#5097,1.);
#5097 = DIRECTION('',(1.,0.));
#5098 = ( GEOMETRIC_REPRESENTATION_CONTEXT(2) 
PARAMETRIC_REPRESENTATION_CONTEXT() REPRESENTATION_CONTEXT('2D SPACE',''
  ) );
#5099 = PCURVE('',#4928,#5100);
#5100 = DEFINITIONAL_REPRESENTATION('',(#5101),#5105);
#5101 = LINE('',#5102,#5103);
#5102 = CARTESIAN_POINT('',(0.489990234375,2.04345703125));
#5103 = VECTOR('',#5104,1.);
#5104 = DIRECTION('',(0.,1.));
#5105 = ( GEOMETRIC_REPRESENTATION_CONTEXT(2) 
PARAMETRIC_REPRESENTATION_CONTEXT() REPRESENTATION_CONTEXT('2D SPACE',''
  ) );
#5106 = ORIENTED_EDGE('',*,*,#5014,.F.);
#5107 = ORIENTED_EDGE('',*,*,#2084,.F.);
#5108 = ADVANCED_FACE('',(#5109),#2070,.T.);
#5109 = FACE_BOUND('',#5110,.T.);
#5110 = EDGE_LOOP('',(#5111,#5134,#5155,#5156));
#5111 = ORIENTED_EDGE('',*,*,#5112,.T.);
#5112 = EDGE_CURVE('',#2025,#5113,#5115,.T.);
#5113 = VERTEX_POINT('',#5114);
#5114 = CARTESIAN_POINT('',(-2.84765625,154.76135253906,3.4));
#5115 = SURFACE_CURVE('',#5116,(#5120,#5127),.PCURVE_S1.);
#5116 = LINE('',#5117,#5118);
#5117 = CARTESIAN_POINT('',(-2.84765625,154.76135253906,4.));
#5118 = VECTOR('',#5119,1.);
#5119 = DIRECTION('',(-0.,-0.,-1.));
#5120 = PCURVE('',#2070,#5121);
#5121 = DEFINITIONAL_REPRESENTATION('',(#5122),#5126);
#5122 = LINE('',#5123,#5124);
#5123 = CARTESIAN_POINT('',(0.,0.));
#5124 = VECTOR('',#5125,1.);
#5125 = DIRECTION('',(0.,-1.));
#5126 = ( GEOMETRIC_REPRESENTATION_CONTEXT(2) 
PARAMETRIC_REPRESENTATION_CONTEXT() REPRESENTATION_CONTEXT('2D SPACE',''
  ) );
#5127 = PCURVE('',#2040,#5128);
#5128 = DEFINITIONAL_REPRESENTATION('',(#5129),#5133);
#5129 = LINE('',#5130,#5131);
#5130 = CARTESIAN_POINT('',(1.,0.));
#5131 = VECTOR('',#5132,1.);
#5132 = DIRECTION('',(0.,-1.));
#5133 = ( GEOMETRIC_REPRESENTATION_CONTEXT(2) 
PARAMETRIC_REPRESENTATION_CONTEXT() REPRESENTATION_CONTEXT('2D SPACE',''
  ) );
#5134 = ORIENTED_EDGE('',*,*,#5135,.T.);
#5135 = EDGE_CURVE('',#5113,#5064,#5136,.T.);
#5136 = SURFACE_CURVE('',#5137,(#5141,#5148),.PCURVE_S1.);
#5137 = B_SPLINE_CURVE_WITH_KNOTS('',2,(#5138,#5139,#5140),
  .UNSPECIFIED.,.F.,.F.,(3,3),(0.,1.),.PIECEWISE_BEZIER_KNOTS.);
#5138 = CARTESIAN_POINT('',(-2.84765625,154.76135253906,3.4));
#5139 = CARTESIAN_POINT('',(-3.079467773438,154.62512207031,3.4));
#5140 = CARTESIAN_POINT('',(-3.264038085938,154.55700683593,3.4));
#5141 = PCURVE('',#2070,#5142);
#5142 = DEFINITIONAL_REPRESENTATION('',(#5143),#5147);
#5143 = LINE('',#5144,#5145);
#5144 = CARTESIAN_POINT('',(0.,-0.6));
#5145 = VECTOR('',#5146,1.);
#5146 = DIRECTION('',(1.,0.));
#5147 = ( GEOMETRIC_REPRESENTATION_CONTEXT(2) 
PARAMETRIC_REPRESENTATION_CONTEXT() REPRESENTATION_CONTEXT('2D SPACE',''
  ) );
#5148 = PCURVE('',#4928,#5149);
#5149 = DEFINITIONAL_REPRESENTATION('',(#5150),#5154);
#5150 = B_SPLINE_CURVE_WITH_KNOTS('',2,(#5151,#5152,#5153),
  .UNSPECIFIED.,.F.,.F.,(3,3),(0.,1.),.PIECEWISE_BEZIER_KNOTS.);
#5151 = CARTESIAN_POINT('',(0.906372070312,2.247802734375));
#5152 = CARTESIAN_POINT('',(0.674560546875,2.111572265625));
#5153 = CARTESIAN_POINT('',(0.489990234375,2.04345703125));
#5154 = ( GEOMETRIC_REPRESENTATION_CONTEXT(2) 
PARAMETRIC_REPRESENTATION_CONTEXT() REPRESENTATION_CONTEXT('2D SPACE',''
  ) );
#5155 = ORIENTED_EDGE('',*,*,#5063,.F.);
#5156 = ORIENTED_EDGE('',*,*,#2054,.F.);
#5157 = ADVANCED_FACE('',(#5158),#2040,.T.);
#5158 = FACE_BOUND('',#5159,.T.);
#5159 = EDGE_LOOP('',(#5160,#5183,#5204,#5205));
#5160 = ORIENTED_EDGE('',*,*,#5161,.T.);
#5161 = EDGE_CURVE('',#1997,#5162,#5164,.T.);
#5162 = VERTEX_POINT('',#5163);
#5163 = CARTESIAN_POINT('',(-2.473022460938,155.03381347656,3.4));
#5164 = SURFACE_CURVE('',#5165,(#5169,#5176),.PCURVE_S1.);
#5165 = LINE('',#5166,#5167);
#5166 = CARTESIAN_POINT('',(-2.473022460938,155.03381347656,4.));
#5167 = VECTOR('',#5168,1.);
#5168 = DIRECTION('',(-0.,-0.,-1.));
#5169 = PCURVE('',#2040,#5170);
#5170 = DEFINITIONAL_REPRESENTATION('',(#5171),#5175);
#5171 = LINE('',#5172,#5173);
#5172 = CARTESIAN_POINT('',(0.,0.));
#5173 = VECTOR('',#5174,1.);
#5174 = DIRECTION('',(0.,-1.));
#5175 = ( GEOMETRIC_REPRESENTATION_CONTEXT(2) 
PARAMETRIC_REPRESENTATION_CONTEXT() REPRESENTATION_CONTEXT('2D SPACE',''
  ) );
#5176 = PCURVE('',#2012,#5177);
#5177 = DEFINITIONAL_REPRESENTATION('',(#5178),#5182);
#5178 = LINE('',#5179,#5180);
#5179 = CARTESIAN_POINT('',(2.520263671875,0.));
#5180 = VECTOR('',#5181,1.);
#5181 = DIRECTION('',(0.,-1.));
#5182 = ( GEOMETRIC_REPRESENTATION_CONTEXT(2) 
PARAMETRIC_REPRESENTATION_CONTEXT() REPRESENTATION_CONTEXT('2D SPACE',''
  ) );
#5183 = ORIENTED_EDGE('',*,*,#5184,.T.);
#5184 = EDGE_CURVE('',#5162,#5113,#5185,.T.);
#5185 = SURFACE_CURVE('',#5186,(#5190,#5197),.PCURVE_S1.);
#5186 = B_SPLINE_CURVE_WITH_KNOTS('',2,(#5187,#5188,#5189),
  .UNSPECIFIED.,.F.,.F.,(3,3),(0.,1.),.PIECEWISE_BEZIER_KNOTS.);
#5187 = CARTESIAN_POINT('',(-2.473022460938,155.03381347656,3.4));
#5188 = CARTESIAN_POINT('',(-2.615844726562,154.89758300781,3.4));
#5189 = CARTESIAN_POINT('',(-2.84765625,154.76135253906,3.4));
#5190 = PCURVE('',#2040,#5191);
#5191 = DEFINITIONAL_REPRESENTATION('',(#5192),#5196);
#5192 = LINE('',#5193,#5194);
#5193 = CARTESIAN_POINT('',(0.,-0.6));
#5194 = VECTOR('',#5195,1.);
#5195 = DIRECTION('',(1.,0.));
#5196 = ( GEOMETRIC_REPRESENTATION_CONTEXT(2) 
PARAMETRIC_REPRESENTATION_CONTEXT() REPRESENTATION_CONTEXT('2D SPACE',''
  ) );
#5197 = PCURVE('',#4928,#5198);
#5198 = DEFINITIONAL_REPRESENTATION('',(#5199),#5203);
#5199 = B_SPLINE_CURVE_WITH_KNOTS('',2,(#5200,#5201,#5202),
  .UNSPECIFIED.,.F.,.F.,(3,3),(0.,1.),.PIECEWISE_BEZIER_KNOTS.);
#5200 = CARTESIAN_POINT('',(1.281005859375,2.520263671875));
#5201 = CARTESIAN_POINT('',(1.13818359375,2.384033203125));
#5202 = CARTESIAN_POINT('',(0.906372070312,2.247802734375));
#5203 = ( GEOMETRIC_REPRESENTATION_CONTEXT(2) 
PARAMETRIC_REPRESENTATION_CONTEXT() REPRESENTATION_CONTEXT('2D SPACE',''
  ) );
#5204 = ORIENTED_EDGE('',*,*,#5112,.F.);
#5205 = ORIENTED_EDGE('',*,*,#2024,.F.);
#5206 = ADVANCED_FACE('',(#5207),#2012,.T.);
#5207 = FACE_BOUND('',#5208,.T.);
#5208 = EDGE_LOOP('',(#5209,#5232,#5253,#5254));
#5209 = ORIENTED_EDGE('',*,*,#5210,.T.);
#5210 = EDGE_CURVE('',#1969,#5211,#5213,.T.);
#5211 = VERTEX_POINT('',#5212);
#5212 = CARTESIAN_POINT('',(-2.473022460938,152.51354980468,3.4));
#5213 = SURFACE_CURVE('',#5214,(#5218,#5225),.PCURVE_S1.);
#5214 = LINE('',#5215,#5216);
#5215 = CARTESIAN_POINT('',(-2.473022460938,152.51354980468,4.));
#5216 = VECTOR('',#5217,1.);
#5217 = DIRECTION('',(-0.,-0.,-1.));
#5218 = PCURVE('',#2012,#5219);
#5219 = DEFINITIONAL_REPRESENTATION('',(#5220),#5224);
#5220 = LINE('',#5221,#5222);
#5221 = CARTESIAN_POINT('',(0.,0.));
#5222 = VECTOR('',#5223,1.);
#5223 = DIRECTION('',(0.,-1.));
#5224 = ( GEOMETRIC_REPRESENTATION_CONTEXT(2) 
PARAMETRIC_REPRESENTATION_CONTEXT() REPRESENTATION_CONTEXT('2D SPACE',''
  ) );
#5225 = PCURVE('',#1984,#5226);
#5226 = DEFINITIONAL_REPRESENTATION('',(#5227),#5231);
#5227 = LINE('',#5228,#5229);
#5228 = CARTESIAN_POINT('',(0.3955078125,0.));
#5229 = VECTOR('',#5230,1.);
#5230 = DIRECTION('',(0.,-1.));
#5231 = ( GEOMETRIC_REPRESENTATION_CONTEXT(2) 
PARAMETRIC_REPRESENTATION_CONTEXT() REPRESENTATION_CONTEXT('2D SPACE',''
  ) );
#5232 = ORIENTED_EDGE('',*,*,#5233,.T.);
#5233 = EDGE_CURVE('',#5211,#5162,#5234,.T.);
#5234 = SURFACE_CURVE('',#5235,(#5239,#5246),.PCURVE_S1.);
#5235 = LINE('',#5236,#5237);
#5236 = CARTESIAN_POINT('',(-2.473022460938,152.51354980468,3.4));
#5237 = VECTOR('',#5238,1.);
#5238 = DIRECTION('',(0.,1.,0.));
#5239 = PCURVE('',#2012,#5240);
#5240 = DEFINITIONAL_REPRESENTATION('',(#5241),#5245);
#5241 = LINE('',#5242,#5243);
#5242 = CARTESIAN_POINT('',(0.,-0.6));
#5243 = VECTOR('',#5244,1.);
#5244 = DIRECTION('',(1.,0.));
#5245 = ( GEOMETRIC_REPRESENTATION_CONTEXT(2) 
PARAMETRIC_REPRESENTATION_CONTEXT() REPRESENTATION_CONTEXT('2D SPACE',''
  ) );
#5246 = PCURVE('',#4928,#5247);
#5247 = DEFINITIONAL_REPRESENTATION('',(#5248),#5252);
#5248 = LINE('',#5249,#5250);
#5249 = CARTESIAN_POINT('',(1.281005859375,0.));
#5250 = VECTOR('',#5251,1.);
#5251 = DIRECTION('',(0.,1.));
#5252 = ( GEOMETRIC_REPRESENTATION_CONTEXT(2) 
PARAMETRIC_REPRESENTATION_CONTEXT() REPRESENTATION_CONTEXT('2D SPACE',''
  ) );
#5253 = ORIENTED_EDGE('',*,*,#5161,.F.);
#5254 = ORIENTED_EDGE('',*,*,#1996,.F.);
#5255 = ADVANCED_FACE('',(#5256),#1984,.T.);
#5256 = FACE_BOUND('',#5257,.T.);
#5257 = EDGE_LOOP('',(#5258,#5281,#5302,#5303));
#5258 = ORIENTED_EDGE('',*,*,#5259,.T.);
#5259 = EDGE_CURVE('',#1941,#5260,#5262,.T.);
#5260 = VERTEX_POINT('',#5261);
#5261 = CARTESIAN_POINT('',(-2.077514648438,152.51354980468,3.4));
#5262 = SURFACE_CURVE('',#5263,(#5267,#5274),.PCURVE_S1.);
#5263 = LINE('',#5264,#5265);
#5264 = CARTESIAN_POINT('',(-2.077514648438,152.51354980468,4.));
#5265 = VECTOR('',#5266,1.);
#5266 = DIRECTION('',(-0.,-0.,-1.));
#5267 = PCURVE('',#1984,#5268);
#5268 = DEFINITIONAL_REPRESENTATION('',(#5269),#5273);
#5269 = LINE('',#5270,#5271);
#5270 = CARTESIAN_POINT('',(0.,0.));
#5271 = VECTOR('',#5272,1.);
#5272 = DIRECTION('',(0.,-1.));
#5273 = ( GEOMETRIC_REPRESENTATION_CONTEXT(2) 
PARAMETRIC_REPRESENTATION_CONTEXT() REPRESENTATION_CONTEXT('2D SPACE',''
  ) );
#5274 = PCURVE('',#1956,#5275);
#5275 = DEFINITIONAL_REPRESENTATION('',(#5276),#5280);
#5276 = LINE('',#5277,#5278);
#5277 = CARTESIAN_POINT('',(3.234375,0.));
#5278 = VECTOR('',#5279,1.);
#5279 = DIRECTION('',(0.,-1.));
#5280 = ( GEOMETRIC_REPRESENTATION_CONTEXT(2) 
PARAMETRIC_REPRESENTATION_CONTEXT() REPRESENTATION_CONTEXT('2D SPACE',''
  ) );
#5281 = ORIENTED_EDGE('',*,*,#5282,.T.);
#5282 = EDGE_CURVE('',#5260,#5211,#5283,.T.);
#5283 = SURFACE_CURVE('',#5284,(#5288,#5295),.PCURVE_S1.);
#5284 = LINE('',#5285,#5286);
#5285 = CARTESIAN_POINT('',(-2.077514648438,152.51354980468,3.4));
#5286 = VECTOR('',#5287,1.);
#5287 = DIRECTION('',(-1.,0.,0.));
#5288 = PCURVE('',#1984,#5289);
#5289 = DEFINITIONAL_REPRESENTATION('',(#5290),#5294);
#5290 = LINE('',#5291,#5292);
#5291 = CARTESIAN_POINT('',(0.,-0.6));
#5292 = VECTOR('',#5293,1.);
#5293 = DIRECTION('',(1.,0.));
#5294 = ( GEOMETRIC_REPRESENTATION_CONTEXT(2) 
PARAMETRIC_REPRESENTATION_CONTEXT() REPRESENTATION_CONTEXT('2D SPACE',''
  ) );
#5295 = PCURVE('',#4928,#5296);
#5296 = DEFINITIONAL_REPRESENTATION('',(#5297),#5301);
#5297 = LINE('',#5298,#5299);
#5298 = CARTESIAN_POINT('',(1.676513671875,0.));
#5299 = VECTOR('',#5300,1.);
#5300 = DIRECTION('',(-1.,0.));
#5301 = ( GEOMETRIC_REPRESENTATION_CONTEXT(2) 
PARAMETRIC_REPRESENTATION_CONTEXT() REPRESENTATION_CONTEXT('2D SPACE',''
  ) );
#5302 = ORIENTED_EDGE('',*,*,#5210,.F.);
#5303 = ORIENTED_EDGE('',*,*,#1968,.F.);
#5304 = ADVANCED_FACE('',(#5305),#1956,.T.);
#5305 = FACE_BOUND('',#5306,.T.);
#5306 = EDGE_LOOP('',(#5307,#5308,#5329,#5330));
#5307 = ORIENTED_EDGE('',*,*,#4940,.T.);
#5308 = ORIENTED_EDGE('',*,*,#5309,.T.);
#5309 = EDGE_CURVE('',#4913,#5260,#5310,.T.);
#5310 = SURFACE_CURVE('',#5311,(#5315,#5322),.PCURVE_S1.);
#5311 = LINE('',#5312,#5313);
#5312 = CARTESIAN_POINT('',(-2.077514648438,155.74792480468,3.4));
#5313 = VECTOR('',#5314,1.);
#5314 = DIRECTION('',(0.,-1.,0.));
#5315 = PCURVE('',#1956,#5316);
#5316 = DEFINITIONAL_REPRESENTATION('',(#5317),#5321);
#5317 = LINE('',#5318,#5319);
#5318 = CARTESIAN_POINT('',(0.,-0.6));
#5319 = VECTOR('',#5320,1.);
#5320 = DIRECTION('',(1.,0.));
#5321 = ( GEOMETRIC_REPRESENTATION_CONTEXT(2) 
PARAMETRIC_REPRESENTATION_CONTEXT() REPRESENTATION_CONTEXT('2D SPACE',''
  ) );
#5322 = PCURVE('',#4928,#5323);
#5323 = DEFINITIONAL_REPRESENTATION('',(#5324),#5328);
#5324 = LINE('',#5325,#5326);
#5325 = CARTESIAN_POINT('',(1.676513671875,3.234375));
#5326 = VECTOR('',#5327,1.);
#5327 = DIRECTION('',(0.,-1.));
#5328 = ( GEOMETRIC_REPRESENTATION_CONTEXT(2) 
PARAMETRIC_REPRESENTATION_CONTEXT() REPRESENTATION_CONTEXT('2D SPACE',''
  ) );
#5329 = ORIENTED_EDGE('',*,*,#5259,.F.);
#5330 = ORIENTED_EDGE('',*,*,#1940,.F.);
#5331 = ADVANCED_FACE('',(#5332),#2190,.T.);
#5332 = FACE_BOUND('',#5333,.T.);
#5333 = EDGE_LOOP('',(#5334,#5357,#5385,#5406));
#5334 = ORIENTED_EDGE('',*,*,#5335,.T.);
#5335 = EDGE_CURVE('',#2173,#5336,#5338,.T.);
#5336 = VERTEX_POINT('',#5337);
#5337 = CARTESIAN_POINT('',(0.598754882812,153.28479003906,3.4));
#5338 = SURFACE_CURVE('',#5339,(#5343,#5350),.PCURVE_S1.);
#5339 = LINE('',#5340,#5341);
#5340 = CARTESIAN_POINT('',(0.598754882812,153.28479003906,4.));
#5341 = VECTOR('',#5342,1.);
#5342 = DIRECTION('',(-0.,-0.,-1.));
#5343 = PCURVE('',#2190,#5344);
#5344 = DEFINITIONAL_REPRESENTATION('',(#5345),#5349);
#5345 = LINE('',#5346,#5347);
#5346 = CARTESIAN_POINT('',(0.,0.));
#5347 = VECTOR('',#5348,1.);
#5348 = DIRECTION('',(0.,-1.));
#5349 = ( GEOMETRIC_REPRESENTATION_CONTEXT(2) 
PARAMETRIC_REPRESENTATION_CONTEXT() REPRESENTATION_CONTEXT('2D SPACE',''
  ) );
#5350 = PCURVE('',#2468,#5351);
#5351 = DEFINITIONAL_REPRESENTATION('',(#5352),#5356);
#5352 = LINE('',#5353,#5354);
#5353 = CARTESIAN_POINT('',(0.43505859375,0.));
#5354 = VECTOR('',#5355,1.);
#5355 = DIRECTION('',(0.,-1.));
#5356 = ( GEOMETRIC_REPRESENTATION_CONTEXT(2) 
PARAMETRIC_REPRESENTATION_CONTEXT() REPRESENTATION_CONTEXT('2D SPACE',''
  ) );
#5357 = ORIENTED_EDGE('',*,*,#5358,.T.);
#5358 = EDGE_CURVE('',#5336,#5359,#5361,.T.);
#5359 = VERTEX_POINT('',#5360);
#5360 = CARTESIAN_POINT('',(0.598754882812,152.51354980468,3.4));
#5361 = SURFACE_CURVE('',#5362,(#5366,#5373),.PCURVE_S1.);
#5362 = LINE('',#5363,#5364);
#5363 = CARTESIAN_POINT('',(0.598754882812,153.28479003906,3.4));
#5364 = VECTOR('',#5365,1.);
#5365 = DIRECTION('',(0.,-1.,0.));
#5366 = PCURVE('',#2190,#5367);
#5367 = DEFINITIONAL_REPRESENTATION('',(#5368),#5372);
#5368 = LINE('',#5369,#5370);
#5369 = CARTESIAN_POINT('',(0.,-0.6));
#5370 = VECTOR('',#5371,1.);
#5371 = DIRECTION('',(1.,0.));
#5372 = ( GEOMETRIC_REPRESENTATION_CONTEXT(2) 
PARAMETRIC_REPRESENTATION_CONTEXT() REPRESENTATION_CONTEXT('2D SPACE',''
  ) );
#5373 = PCURVE('',#5374,#5379);
#5374 = PLANE('',#5375);
#5375 = AXIS2_PLACEMENT_3D('',#5376,#5377,#5378);
#5376 = CARTESIAN_POINT('',(-1.251342773438,152.51354980468,3.4));
#5377 = DIRECTION('',(0.,0.,1.));
#5378 = DIRECTION('',(1.,0.,0.));
#5379 = DEFINITIONAL_REPRESENTATION('',(#5380),#5384);
#5380 = LINE('',#5381,#5382);
#5381 = CARTESIAN_POINT('',(1.85009765625,0.771240234375));
#5382 = VECTOR('',#5383,1.);
#5383 = DIRECTION('',(0.,-1.));
#5384 = ( GEOMETRIC_REPRESENTATION_CONTEXT(2) 
PARAMETRIC_REPRESENTATION_CONTEXT() REPRESENTATION_CONTEXT('2D SPACE',''
  ) );
#5385 = ORIENTED_EDGE('',*,*,#5386,.F.);
#5386 = EDGE_CURVE('',#2175,#5359,#5387,.T.);
#5387 = SURFACE_CURVE('',#5388,(#5392,#5399),.PCURVE_S1.);
#5388 = LINE('',#5389,#5390);
#5389 = CARTESIAN_POINT('',(0.598754882812,152.51354980468,4.));
#5390 = VECTOR('',#5391,1.);
#5391 = DIRECTION('',(-0.,-0.,-1.));
#5392 = PCURVE('',#2190,#5393);
#5393 = DEFINITIONAL_REPRESENTATION('',(#5394),#5398);
#5394 = LINE('',#5395,#5396);
#5395 = CARTESIAN_POINT('',(0.771240234375,0.));
#5396 = VECTOR('',#5397,1.);
#5397 = DIRECTION('',(0.,-1.));
#5398 = ( GEOMETRIC_REPRESENTATION_CONTEXT(2) 
PARAMETRIC_REPRESENTATION_CONTEXT() REPRESENTATION_CONTEXT('2D SPACE',''
  ) );
#5399 = PCURVE('',#2218,#5400);
#5400 = DEFINITIONAL_REPRESENTATION('',(#5401),#5405);
#5401 = LINE('',#5402,#5403);
#5402 = CARTESIAN_POINT('',(0.,0.));
#5403 = VECTOR('',#5404,1.);
#5404 = DIRECTION('',(0.,-1.));
#5405 = ( GEOMETRIC_REPRESENTATION_CONTEXT(2) 
PARAMETRIC_REPRESENTATION_CONTEXT() REPRESENTATION_CONTEXT('2D SPACE',''
  ) );
#5406 = ORIENTED_EDGE('',*,*,#2172,.F.);
#5407 = ADVANCED_FACE('',(#5408),#2468,.T.);
#5408 = FACE_BOUND('',#5409,.T.);
#5409 = EDGE_LOOP('',(#5410,#5433,#5454,#5455));
#5410 = ORIENTED_EDGE('',*,*,#5411,.T.);
#5411 = EDGE_CURVE('',#2427,#5412,#5414,.T.);
#5412 = VERTEX_POINT('',#5413);
#5413 = CARTESIAN_POINT('',(1.033813476562,153.28479003906,3.4));
#5414 = SURFACE_CURVE('',#5415,(#5419,#5426),.PCURVE_S1.);
#5415 = LINE('',#5416,#5417);
#5416 = CARTESIAN_POINT('',(1.033813476562,153.28479003906,4.));
#5417 = VECTOR('',#5418,1.);
#5418 = DIRECTION('',(-0.,-0.,-1.));
#5419 = PCURVE('',#2468,#5420);
#5420 = DEFINITIONAL_REPRESENTATION('',(#5421),#5425);
#5421 = LINE('',#5422,#5423);
#5422 = CARTESIAN_POINT('',(0.,0.));
#5423 = VECTOR('',#5424,1.);
#5424 = DIRECTION('',(0.,-1.));
#5425 = ( GEOMETRIC_REPRESENTATION_CONTEXT(2) 
PARAMETRIC_REPRESENTATION_CONTEXT() REPRESENTATION_CONTEXT('2D SPACE',''
  ) );
#5426 = PCURVE('',#2442,#5427);
#5427 = DEFINITIONAL_REPRESENTATION('',(#5428),#5432);
#5428 = LINE('',#5429,#5430);
#5429 = CARTESIAN_POINT('',(0.362548828125,0.));
#5430 = VECTOR('',#5431,1.);
#5431 = DIRECTION('',(0.,-1.));
#5432 = ( GEOMETRIC_REPRESENTATION_CONTEXT(2) 
PARAMETRIC_REPRESENTATION_CONTEXT() REPRESENTATION_CONTEXT('2D SPACE',''
  ) );
#5433 = ORIENTED_EDGE('',*,*,#5434,.T.);
#5434 = EDGE_CURVE('',#5412,#5336,#5435,.T.);
#5435 = SURFACE_CURVE('',#5436,(#5440,#5447),.PCURVE_S1.);
#5436 = LINE('',#5437,#5438);
#5437 = CARTESIAN_POINT('',(1.033813476562,153.28479003906,3.4));
#5438 = VECTOR('',#5439,1.);
#5439 = DIRECTION('',(-1.,0.,0.));
#5440 = PCURVE('',#2468,#5441);
#5441 = DEFINITIONAL_REPRESENTATION('',(#5442),#5446);
#5442 = LINE('',#5443,#5444);
#5443 = CARTESIAN_POINT('',(0.,-0.6));
#5444 = VECTOR('',#5445,1.);
#5445 = DIRECTION('',(1.,0.));
#5446 = ( GEOMETRIC_REPRESENTATION_CONTEXT(2) 
PARAMETRIC_REPRESENTATION_CONTEXT() REPRESENTATION_CONTEXT('2D SPACE',''
  ) );
#5447 = PCURVE('',#5374,#5448);
#5448 = DEFINITIONAL_REPRESENTATION('',(#5449),#5453);
#5449 = LINE('',#5450,#5451);
#5450 = CARTESIAN_POINT('',(2.28515625,0.771240234375));
#5451 = VECTOR('',#5452,1.);
#5452 = DIRECTION('',(-1.,0.));
#5453 = ( GEOMETRIC_REPRESENTATION_CONTEXT(2) 
PARAMETRIC_REPRESENTATION_CONTEXT() REPRESENTATION_CONTEXT('2D SPACE',''
  ) );
#5454 = ORIENTED_EDGE('',*,*,#5335,.F.);
#5455 = ORIENTED_EDGE('',*,*,#2454,.F.);
#5456 = ADVANCED_FACE('',(#5457),#2442,.T.);
#5457 = FACE_BOUND('',#5458,.T.);
#5458 = EDGE_LOOP('',(#5459,#5482,#5503,#5504));
#5459 = ORIENTED_EDGE('',*,*,#5460,.T.);
#5460 = EDGE_CURVE('',#2399,#5461,#5463,.T.);
#5461 = VERTEX_POINT('',#5462);
#5462 = CARTESIAN_POINT('',(1.033813476562,153.64733886718,3.4));
#5463 = SURFACE_CURVE('',#5464,(#5468,#5475),.PCURVE_S1.);
#5464 = LINE('',#5465,#5466);
#5465 = CARTESIAN_POINT('',(1.033813476562,153.64733886718,4.));
#5466 = VECTOR('',#5467,1.);
#5467 = DIRECTION('',(-0.,-0.,-1.));
#5468 = PCURVE('',#2442,#5469);
#5469 = DEFINITIONAL_REPRESENTATION('',(#5470),#5474);
#5470 = LINE('',#5471,#5472);
#5471 = CARTESIAN_POINT('',(0.,0.));
#5472 = VECTOR('',#5473,1.);
#5473 = DIRECTION('',(0.,-1.));
#5474 = ( GEOMETRIC_REPRESENTATION_CONTEXT(2) 
PARAMETRIC_REPRESENTATION_CONTEXT() REPRESENTATION_CONTEXT('2D SPACE',''
  ) );
#5475 = PCURVE('',#2414,#5476);
#5476 = DEFINITIONAL_REPRESENTATION('',(#5477),#5481);
#5477 = LINE('',#5478,#5479);
#5478 = CARTESIAN_POINT('',(0.43505859375,0.));
#5479 = VECTOR('',#5480,1.);
#5480 = DIRECTION('',(0.,-1.));
#5481 = ( GEOMETRIC_REPRESENTATION_CONTEXT(2) 
PARAMETRIC_REPRESENTATION_CONTEXT() REPRESENTATION_CONTEXT('2D SPACE',''
  ) );
#5482 = ORIENTED_EDGE('',*,*,#5483,.T.);
#5483 = EDGE_CURVE('',#5461,#5412,#5484,.T.);
#5484 = SURFACE_CURVE('',#5485,(#5489,#5496),.PCURVE_S1.);
#5485 = LINE('',#5486,#5487);
#5486 = CARTESIAN_POINT('',(1.033813476562,153.64733886718,3.4));
#5487 = VECTOR('',#5488,1.);
#5488 = DIRECTION('',(0.,-1.,0.));
#5489 = PCURVE('',#2442,#5490);
#5490 = DEFINITIONAL_REPRESENTATION('',(#5491),#5495);
#5491 = LINE('',#5492,#5493);
#5492 = CARTESIAN_POINT('',(0.,-0.6));
#5493 = VECTOR('',#5494,1.);
#5494 = DIRECTION('',(1.,0.));
#5495 = ( GEOMETRIC_REPRESENTATION_CONTEXT(2) 
PARAMETRIC_REPRESENTATION_CONTEXT() REPRESENTATION_CONTEXT('2D SPACE',''
  ) );
#5496 = PCURVE('',#5374,#5497);
#5497 = DEFINITIONAL_REPRESENTATION('',(#5498),#5502);
#5498 = LINE('',#5499,#5500);
#5499 = CARTESIAN_POINT('',(2.28515625,1.1337890625));
#5500 = VECTOR('',#5501,1.);
#5501 = DIRECTION('',(0.,-1.));
#5502 = ( GEOMETRIC_REPRESENTATION_CONTEXT(2) 
PARAMETRIC_REPRESENTATION_CONTEXT() REPRESENTATION_CONTEXT('2D SPACE',''
  ) );
#5503 = ORIENTED_EDGE('',*,*,#5411,.F.);
#5504 = ORIENTED_EDGE('',*,*,#2426,.F.);
#5505 = ADVANCED_FACE('',(#5506),#2414,.T.);
#5506 = FACE_BOUND('',#5507,.T.);
#5507 = EDGE_LOOP('',(#5508,#5531,#5552,#5553));
#5508 = ORIENTED_EDGE('',*,*,#5509,.T.);
#5509 = EDGE_CURVE('',#2371,#5510,#5512,.T.);
#5510 = VERTEX_POINT('',#5511);
#5511 = CARTESIAN_POINT('',(0.598754882812,153.64733886718,3.4));
#5512 = SURFACE_CURVE('',#5513,(#5517,#5524),.PCURVE_S1.);
#5513 = LINE('',#5514,#5515);
#5514 = CARTESIAN_POINT('',(0.598754882812,153.64733886718,4.));
#5515 = VECTOR('',#5516,1.);
#5516 = DIRECTION('',(-0.,-0.,-1.));
#5517 = PCURVE('',#2414,#5518);
#5518 = DEFINITIONAL_REPRESENTATION('',(#5519),#5523);
#5519 = LINE('',#5520,#5521);
#5520 = CARTESIAN_POINT('',(0.,0.));
#5521 = VECTOR('',#5522,1.);
#5522 = DIRECTION('',(0.,-1.));
#5523 = ( GEOMETRIC_REPRESENTATION_CONTEXT(2) 
PARAMETRIC_REPRESENTATION_CONTEXT() REPRESENTATION_CONTEXT('2D SPACE',''
  ) );
#5524 = PCURVE('',#2386,#5525);
#5525 = DEFINITIONAL_REPRESENTATION('',(#5526),#5530);
#5526 = LINE('',#5527,#5528);
#5527 = CARTESIAN_POINT('',(2.08740234375,0.));
#5528 = VECTOR('',#5529,1.);
#5529 = DIRECTION('',(0.,-1.));
#5530 = ( GEOMETRIC_REPRESENTATION_CONTEXT(2) 
PARAMETRIC_REPRESENTATION_CONTEXT() REPRESENTATION_CONTEXT('2D SPACE',''
  ) );
#5531 = ORIENTED_EDGE('',*,*,#5532,.T.);
#5532 = EDGE_CURVE('',#5510,#5461,#5533,.T.);
#5533 = SURFACE_CURVE('',#5534,(#5538,#5545),.PCURVE_S1.);
#5534 = LINE('',#5535,#5536);
#5535 = CARTESIAN_POINT('',(0.598754882812,153.64733886718,3.4));
#5536 = VECTOR('',#5537,1.);
#5537 = DIRECTION('',(1.,0.,0.));
#5538 = PCURVE('',#2414,#5539);
#5539 = DEFINITIONAL_REPRESENTATION('',(#5540),#5544);
#5540 = LINE('',#5541,#5542);
#5541 = CARTESIAN_POINT('',(0.,-0.6));
#5542 = VECTOR('',#5543,1.);
#5543 = DIRECTION('',(1.,0.));
#5544 = ( GEOMETRIC_REPRESENTATION_CONTEXT(2) 
PARAMETRIC_REPRESENTATION_CONTEXT() REPRESENTATION_CONTEXT('2D SPACE',''
  ) );
#5545 = PCURVE('',#5374,#5546);
#5546 = DEFINITIONAL_REPRESENTATION('',(#5547),#5551);
#5547 = LINE('',#5548,#5549);
#5548 = CARTESIAN_POINT('',(1.85009765625,1.1337890625));
#5549 = VECTOR('',#5550,1.);
#5550 = DIRECTION('',(1.,0.));
#5551 = ( GEOMETRIC_REPRESENTATION_CONTEXT(2) 
PARAMETRIC_REPRESENTATION_CONTEXT() REPRESENTATION_CONTEXT('2D SPACE',''
  ) );
#5552 = ORIENTED_EDGE('',*,*,#5460,.F.);
#5553 = ORIENTED_EDGE('',*,*,#2398,.F.);
#5554 = ADVANCED_FACE('',(#5555),#2386,.T.);
#5555 = FACE_BOUND('',#5556,.T.);
#5556 = EDGE_LOOP('',(#5557,#5580,#5601,#5602));
#5557 = ORIENTED_EDGE('',*,*,#5558,.T.);
#5558 = EDGE_CURVE('',#2343,#5559,#5561,.T.);
#5559 = VERTEX_POINT('',#5560);
#5560 = CARTESIAN_POINT('',(0.598754882812,155.73474121093,3.4));
#5561 = SURFACE_CURVE('',#5562,(#5566,#5573),.PCURVE_S1.);
#5562 = LINE('',#5563,#5564);
#5563 = CARTESIAN_POINT('',(0.598754882812,155.73474121093,4.));
#5564 = VECTOR('',#5565,1.);
#5565 = DIRECTION('',(-0.,-0.,-1.));
#5566 = PCURVE('',#2386,#5567);
#5567 = DEFINITIONAL_REPRESENTATION('',(#5568),#5572);
#5568 = LINE('',#5569,#5570);
#5569 = CARTESIAN_POINT('',(0.,0.));
#5570 = VECTOR('',#5571,1.);
#5571 = DIRECTION('',(0.,-1.));
#5572 = ( GEOMETRIC_REPRESENTATION_CONTEXT(2) 
PARAMETRIC_REPRESENTATION_CONTEXT() REPRESENTATION_CONTEXT('2D SPACE',''
  ) );
#5573 = PCURVE('',#2358,#5574);
#5574 = DEFINITIONAL_REPRESENTATION('',(#5575),#5579);
#5575 = LINE('',#5576,#5577);
#5576 = CARTESIAN_POINT('',(0.322998046875,0.));
#5577 = VECTOR('',#5578,1.);
#5578 = DIRECTION('',(0.,-1.));
#5579 = ( GEOMETRIC_REPRESENTATION_CONTEXT(2) 
PARAMETRIC_REPRESENTATION_CONTEXT() REPRESENTATION_CONTEXT('2D SPACE',''
  ) );
#5580 = ORIENTED_EDGE('',*,*,#5581,.T.);
#5581 = EDGE_CURVE('',#5559,#5510,#5582,.T.);
#5582 = SURFACE_CURVE('',#5583,(#5587,#5594),.PCURVE_S1.);
#5583 = LINE('',#5584,#5585);
#5584 = CARTESIAN_POINT('',(0.598754882812,155.73474121093,3.4));
#5585 = VECTOR('',#5586,1.);
#5586 = DIRECTION('',(0.,-1.,0.));
#5587 = PCURVE('',#2386,#5588);
#5588 = DEFINITIONAL_REPRESENTATION('',(#5589),#5593);
#5589 = LINE('',#5590,#5591);
#5590 = CARTESIAN_POINT('',(0.,-0.6));
#5591 = VECTOR('',#5592,1.);
#5592 = DIRECTION('',(1.,0.));
#5593 = ( GEOMETRIC_REPRESENTATION_CONTEXT(2) 
PARAMETRIC_REPRESENTATION_CONTEXT() REPRESENTATION_CONTEXT('2D SPACE',''
  ) );
#5594 = PCURVE('',#5374,#5595);
#5595 = DEFINITIONAL_REPRESENTATION('',(#5596),#5600);
#5596 = LINE('',#5597,#5598);
#5597 = CARTESIAN_POINT('',(1.85009765625,3.22119140625));
#5598 = VECTOR('',#5599,1.);
#5599 = DIRECTION('',(0.,-1.));
#5600 = ( GEOMETRIC_REPRESENTATION_CONTEXT(2) 
PARAMETRIC_REPRESENTATION_CONTEXT() REPRESENTATION_CONTEXT('2D SPACE',''
  ) );
#5601 = ORIENTED_EDGE('',*,*,#5509,.F.);
#5602 = ORIENTED_EDGE('',*,*,#2370,.F.);
#5603 = ADVANCED_FACE('',(#5604),#2358,.T.);
#5604 = FACE_BOUND('',#5605,.T.);
#5605 = EDGE_LOOP('',(#5606,#5629,#5650,#5651));
#5606 = ORIENTED_EDGE('',*,*,#5607,.T.);
#5607 = EDGE_CURVE('',#2315,#5608,#5610,.T.);
#5608 = VERTEX_POINT('',#5609);
#5609 = CARTESIAN_POINT('',(0.275756835938,155.73474121093,3.4));
#5610 = SURFACE_CURVE('',#5611,(#5615,#5622),.PCURVE_S1.);
#5611 = LINE('',#5612,#5613);
#5612 = CARTESIAN_POINT('',(0.275756835938,155.73474121093,4.));
#5613 = VECTOR('',#5614,1.);
#5614 = DIRECTION('',(-0.,-0.,-1.));
#5615 = PCURVE('',#2358,#5616);
#5616 = DEFINITIONAL_REPRESENTATION('',(#5617),#5621);
#5617 = LINE('',#5618,#5619);
#5618 = CARTESIAN_POINT('',(0.,0.));
#5619 = VECTOR('',#5620,1.);
#5620 = DIRECTION('',(0.,-1.));
#5621 = ( GEOMETRIC_REPRESENTATION_CONTEXT(2) 
PARAMETRIC_REPRESENTATION_CONTEXT() REPRESENTATION_CONTEXT('2D SPACE',''
  ) );
#5622 = PCURVE('',#2330,#5623);
#5623 = DEFINITIONAL_REPRESENTATION('',(#5624),#5628);
#5624 = LINE('',#5625,#5626);
#5625 = CARTESIAN_POINT('',(2.553049629901,0.));
#5626 = VECTOR('',#5627,1.);
#5627 = DIRECTION('',(0.,-1.));
#5628 = ( GEOMETRIC_REPRESENTATION_CONTEXT(2) 
PARAMETRIC_REPRESENTATION_CONTEXT() REPRESENTATION_CONTEXT('2D SPACE',''
  ) );
#5629 = ORIENTED_EDGE('',*,*,#5630,.T.);
#5630 = EDGE_CURVE('',#5608,#5559,#5631,.T.);
#5631 = SURFACE_CURVE('',#5632,(#5636,#5643),.PCURVE_S1.);
#5632 = LINE('',#5633,#5634);
#5633 = CARTESIAN_POINT('',(0.275756835938,155.73474121093,3.4));
#5634 = VECTOR('',#5635,1.);
#5635 = DIRECTION('',(1.,0.,0.));
#5636 = PCURVE('',#2358,#5637);
#5637 = DEFINITIONAL_REPRESENTATION('',(#5638),#5642);
#5638 = LINE('',#5639,#5640);
#5639 = CARTESIAN_POINT('',(0.,-0.6));
#5640 = VECTOR('',#5641,1.);
#5641 = DIRECTION('',(1.,0.));
#5642 = ( GEOMETRIC_REPRESENTATION_CONTEXT(2) 
PARAMETRIC_REPRESENTATION_CONTEXT() REPRESENTATION_CONTEXT('2D SPACE',''
  ) );
#5643 = PCURVE('',#5374,#5644);
#5644 = DEFINITIONAL_REPRESENTATION('',(#5645),#5649);
#5645 = LINE('',#5646,#5647);
#5646 = CARTESIAN_POINT('',(1.527099609375,3.22119140625));
#5647 = VECTOR('',#5648,1.);
#5648 = DIRECTION('',(1.,0.));
#5649 = ( GEOMETRIC_REPRESENTATION_CONTEXT(2) 
PARAMETRIC_REPRESENTATION_CONTEXT() REPRESENTATION_CONTEXT('2D SPACE',''
  ) );
#5650 = ORIENTED_EDGE('',*,*,#5558,.F.);
#5651 = ORIENTED_EDGE('',*,*,#2342,.F.);
#5652 = ADVANCED_FACE('',(#5653),#2330,.T.);
#5653 = FACE_BOUND('',#5654,.T.);
#5654 = EDGE_LOOP('',(#5655,#5678,#5699,#5700));
#5655 = ORIENTED_EDGE('',*,*,#5656,.T.);
#5656 = EDGE_CURVE('',#2287,#5657,#5659,.T.);
#5657 = VERTEX_POINT('',#5658);
#5658 = CARTESIAN_POINT('',(-1.194213867188,153.64733886718,3.4));
#5659 = SURFACE_CURVE('',#5660,(#5664,#5671),.PCURVE_S1.);
#5660 = LINE('',#5661,#5662);
#5661 = CARTESIAN_POINT('',(-1.194213867188,153.64733886718,4.));
#5662 = VECTOR('',#5663,1.);
#5663 = DIRECTION('',(-0.,-0.,-1.));
#5664 = PCURVE('',#2330,#5665);
#5665 = DEFINITIONAL_REPRESENTATION('',(#5666),#5670);
#5666 = LINE('',#5667,#5668);
#5667 = CARTESIAN_POINT('',(0.,0.));
#5668 = VECTOR('',#5669,1.);
#5669 = DIRECTION('',(0.,-1.));
#5670 = ( GEOMETRIC_REPRESENTATION_CONTEXT(2) 
PARAMETRIC_REPRESENTATION_CONTEXT() REPRESENTATION_CONTEXT('2D SPACE',''
  ) );
#5671 = PCURVE('',#2302,#5672);
#5672 = DEFINITIONAL_REPRESENTATION('',(#5673),#5677);
#5673 = LINE('',#5674,#5675);
#5674 = CARTESIAN_POINT('',(0.362548828125,0.));
#5675 = VECTOR('',#5676,1.);
#5676 = DIRECTION('',(0.,-1.));
#5677 = ( GEOMETRIC_REPRESENTATION_CONTEXT(2) 
PARAMETRIC_REPRESENTATION_CONTEXT() REPRESENTATION_CONTEXT('2D SPACE',''
  ) );
#5678 = ORIENTED_EDGE('',*,*,#5679,.T.);
#5679 = EDGE_CURVE('',#5657,#5608,#5680,.T.);
#5680 = SURFACE_CURVE('',#5681,(#5685,#5692),.PCURVE_S1.);
#5681 = LINE('',#5682,#5683);
#5682 = CARTESIAN_POINT('',(-1.194213867188,153.64733886718,3.4));
#5683 = VECTOR('',#5684,1.);
#5684 = DIRECTION('',(0.575770516134,0.817611345781,0.));
#5685 = PCURVE('',#2330,#5686);
#5686 = DEFINITIONAL_REPRESENTATION('',(#5687),#5691);
#5687 = LINE('',#5688,#5689);
#5688 = CARTESIAN_POINT('',(0.,-0.6));
#5689 = VECTOR('',#5690,1.);
#5690 = DIRECTION('',(1.,0.));
#5691 = ( GEOMETRIC_REPRESENTATION_CONTEXT(2) 
PARAMETRIC_REPRESENTATION_CONTEXT() REPRESENTATION_CONTEXT('2D SPACE',''
  ) );
#5692 = PCURVE('',#5374,#5693);
#5693 = DEFINITIONAL_REPRESENTATION('',(#5694),#5698);
#5694 = LINE('',#5695,#5696);
#5695 = CARTESIAN_POINT('',(5.712890625E-02,1.1337890625));
#5696 = VECTOR('',#5697,1.);
#5697 = DIRECTION('',(0.575770516134,0.817611345781));
#5698 = ( GEOMETRIC_REPRESENTATION_CONTEXT(2) 
PARAMETRIC_REPRESENTATION_CONTEXT() REPRESENTATION_CONTEXT('2D SPACE',''
  ) );
#5699 = ORIENTED_EDGE('',*,*,#5607,.F.);
#5700 = ORIENTED_EDGE('',*,*,#2314,.F.);
#5701 = ADVANCED_FACE('',(#5702),#2302,.T.);
#5702 = FACE_BOUND('',#5703,.T.);
#5703 = EDGE_LOOP('',(#5704,#5727,#5748,#5749));
#5704 = ORIENTED_EDGE('',*,*,#5705,.T.);
#5705 = EDGE_CURVE('',#2259,#5706,#5708,.T.);
#5706 = VERTEX_POINT('',#5707);
#5707 = CARTESIAN_POINT('',(-1.194213867188,153.28479003906,3.4));
#5708 = SURFACE_CURVE('',#5709,(#5713,#5720),.PCURVE_S1.);
#5709 = LINE('',#5710,#5711);
#5710 = CARTESIAN_POINT('',(-1.194213867188,153.28479003906,4.));
#5711 = VECTOR('',#5712,1.);
#5712 = DIRECTION('',(-0.,-0.,-1.));
#5713 = PCURVE('',#2302,#5714);
#5714 = DEFINITIONAL_REPRESENTATION('',(#5715),#5719);
#5715 = LINE('',#5716,#5717);
#5716 = CARTESIAN_POINT('',(0.,0.));
#5717 = VECTOR('',#5718,1.);
#5718 = DIRECTION('',(0.,-1.));
#5719 = ( GEOMETRIC_REPRESENTATION_CONTEXT(2) 
PARAMETRIC_REPRESENTATION_CONTEXT() REPRESENTATION_CONTEXT('2D SPACE',''
  ) );
#5720 = PCURVE('',#2274,#5721);
#5721 = DEFINITIONAL_REPRESENTATION('',(#5722),#5726);
#5722 = LINE('',#5723,#5724);
#5723 = CARTESIAN_POINT('',(1.3974609375,0.));
#5724 = VECTOR('',#5725,1.);
#5725 = DIRECTION('',(0.,-1.));
#5726 = ( GEOMETRIC_REPRESENTATION_CONTEXT(2) 
PARAMETRIC_REPRESENTATION_CONTEXT() REPRESENTATION_CONTEXT('2D SPACE',''
  ) );
#5727 = ORIENTED_EDGE('',*,*,#5728,.T.);
#5728 = EDGE_CURVE('',#5706,#5657,#5729,.T.);
#5729 = SURFACE_CURVE('',#5730,(#5734,#5741),.PCURVE_S1.);
#5730 = LINE('',#5731,#5732);
#5731 = CARTESIAN_POINT('',(-1.194213867188,153.28479003906,3.4));
#5732 = VECTOR('',#5733,1.);
#5733 = DIRECTION('',(0.,1.,0.));
#5734 = PCURVE('',#2302,#5735);
#5735 = DEFINITIONAL_REPRESENTATION('',(#5736),#5740);
#5736 = LINE('',#5737,#5738);
#5737 = CARTESIAN_POINT('',(0.,-0.6));
#5738 = VECTOR('',#5739,1.);
#5739 = DIRECTION('',(1.,0.));
#5740 = ( GEOMETRIC_REPRESENTATION_CONTEXT(2) 
PARAMETRIC_REPRESENTATION_CONTEXT() REPRESENTATION_CONTEXT('2D SPACE',''
  ) );
#5741 = PCURVE('',#5374,#5742);
#5742 = DEFINITIONAL_REPRESENTATION('',(#5743),#5747);
#5743 = LINE('',#5744,#5745);
#5744 = CARTESIAN_POINT('',(5.712890625E-02,0.771240234375));
#5745 = VECTOR('',#5746,1.);
#5746 = DIRECTION('',(0.,1.));
#5747 = ( GEOMETRIC_REPRESENTATION_CONTEXT(2) 
PARAMETRIC_REPRESENTATION_CONTEXT() REPRESENTATION_CONTEXT('2D SPACE',''
  ) );
#5748 = ORIENTED_EDGE('',*,*,#5656,.F.);
#5749 = ORIENTED_EDGE('',*,*,#2286,.F.);
#5750 = ADVANCED_FACE('',(#5751),#2274,.T.);
#5751 = FACE_BOUND('',#5752,.T.);
#5752 = EDGE_LOOP('',(#5753,#5776,#5797,#5798));
#5753 = ORIENTED_EDGE('',*,*,#5754,.T.);
#5754 = EDGE_CURVE('',#2231,#5755,#5757,.T.);
#5755 = VERTEX_POINT('',#5756);
#5756 = CARTESIAN_POINT('',(0.203247070312,153.28479003906,3.4));
#5757 = SURFACE_CURVE('',#5758,(#5762,#5769),.PCURVE_S1.);
#5758 = LINE('',#5759,#5760);
#5759 = CARTESIAN_POINT('',(0.203247070312,153.28479003906,4.));
#5760 = VECTOR('',#5761,1.);
#5761 = DIRECTION('',(-0.,-0.,-1.));
#5762 = PCURVE('',#2274,#5763);
#5763 = DEFINITIONAL_REPRESENTATION('',(#5764),#5768);
#5764 = LINE('',#5765,#5766);
#5765 = CARTESIAN_POINT('',(0.,0.));
#5766 = VECTOR('',#5767,1.);
#5767 = DIRECTION('',(0.,-1.));
#5768 = ( GEOMETRIC_REPRESENTATION_CONTEXT(2) 
PARAMETRIC_REPRESENTATION_CONTEXT() REPRESENTATION_CONTEXT('2D SPACE',''
  ) );
#5769 = PCURVE('',#2246,#5770);
#5770 = DEFINITIONAL_REPRESENTATION('',(#5771),#5775);
#5771 = LINE('',#5772,#5773);
#5772 = CARTESIAN_POINT('',(0.771240234375,0.));
#5773 = VECTOR('',#5774,1.);
#5774 = DIRECTION('',(0.,-1.));
#5775 = ( GEOMETRIC_REPRESENTATION_CONTEXT(2) 
PARAMETRIC_REPRESENTATION_CONTEXT() REPRESENTATION_CONTEXT('2D SPACE',''
  ) );
#5776 = ORIENTED_EDGE('',*,*,#5777,.T.);
#5777 = EDGE_CURVE('',#5755,#5706,#5778,.T.);
#5778 = SURFACE_CURVE('',#5779,(#5783,#5790),.PCURVE_S1.);
#5779 = LINE('',#5780,#5781);
#5780 = CARTESIAN_POINT('',(0.203247070312,153.28479003906,3.4));
#5781 = VECTOR('',#5782,1.);
#5782 = DIRECTION('',(-1.,0.,0.));
#5783 = PCURVE('',#2274,#5784);
#5784 = DEFINITIONAL_REPRESENTATION('',(#5785),#5789);
#5785 = LINE('',#5786,#5787);
#5786 = CARTESIAN_POINT('',(0.,-0.6));
#5787 = VECTOR('',#5788,1.);
#5788 = DIRECTION('',(1.,0.));
#5789 = ( GEOMETRIC_REPRESENTATION_CONTEXT(2) 
PARAMETRIC_REPRESENTATION_CONTEXT() REPRESENTATION_CONTEXT('2D SPACE',''
  ) );
#5790 = PCURVE('',#5374,#5791);
#5791 = DEFINITIONAL_REPRESENTATION('',(#5792),#5796);
#5792 = LINE('',#5793,#5794);
#5793 = CARTESIAN_POINT('',(1.45458984375,0.771240234375));
#5794 = VECTOR('',#5795,1.);
#5795 = DIRECTION('',(-1.,0.));
#5796 = ( GEOMETRIC_REPRESENTATION_CONTEXT(2) 
PARAMETRIC_REPRESENTATION_CONTEXT() REPRESENTATION_CONTEXT('2D SPACE',''
  ) );
#5797 = ORIENTED_EDGE('',*,*,#5705,.F.);
#5798 = ORIENTED_EDGE('',*,*,#2258,.F.);
#5799 = ADVANCED_FACE('',(#5800),#2246,.T.);
#5800 = FACE_BOUND('',#5801,.T.);
#5801 = EDGE_LOOP('',(#5802,#5825,#5846,#5847));
#5802 = ORIENTED_EDGE('',*,*,#5803,.T.);
#5803 = EDGE_CURVE('',#2203,#5804,#5806,.T.);
#5804 = VERTEX_POINT('',#5805);
#5805 = CARTESIAN_POINT('',(0.203247070312,152.51354980468,3.4));
#5806 = SURFACE_CURVE('',#5807,(#5811,#5818),.PCURVE_S1.);
#5807 = LINE('',#5808,#5809);
#5808 = CARTESIAN_POINT('',(0.203247070312,152.51354980468,4.));
#5809 = VECTOR('',#5810,1.);
#5810 = DIRECTION('',(-0.,-0.,-1.));
#5811 = PCURVE('',#2246,#5812);
#5812 = DEFINITIONAL_REPRESENTATION('',(#5813),#5817);
#5813 = LINE('',#5814,#5815);
#5814 = CARTESIAN_POINT('',(0.,0.));
#5815 = VECTOR('',#5816,1.);
#5816 = DIRECTION('',(0.,-1.));
#5817 = ( GEOMETRIC_REPRESENTATION_CONTEXT(2) 
PARAMETRIC_REPRESENTATION_CONTEXT() REPRESENTATION_CONTEXT('2D SPACE',''
  ) );
#5818 = PCURVE('',#2218,#5819);
#5819 = DEFINITIONAL_REPRESENTATION('',(#5820),#5824);
#5820 = LINE('',#5821,#5822);
#5821 = CARTESIAN_POINT('',(0.3955078125,0.));
#5822 = VECTOR('',#5823,1.);
#5823 = DIRECTION('',(0.,-1.));
#5824 = ( GEOMETRIC_REPRESENTATION_CONTEXT(2) 
PARAMETRIC_REPRESENTATION_CONTEXT() REPRESENTATION_CONTEXT('2D SPACE',''
  ) );
#5825 = ORIENTED_EDGE('',*,*,#5826,.T.);
#5826 = EDGE_CURVE('',#5804,#5755,#5827,.T.);
#5827 = SURFACE_CURVE('',#5828,(#5832,#5839),.PCURVE_S1.);
#5828 = LINE('',#5829,#5830);
#5829 = CARTESIAN_POINT('',(0.203247070312,152.51354980468,3.4));
#5830 = VECTOR('',#5831,1.);
#5831 = DIRECTION('',(0.,1.,0.));
#5832 = PCURVE('',#2246,#5833);
#5833 = DEFINITIONAL_REPRESENTATION('',(#5834),#5838);
#5834 = LINE('',#5835,#5836);
#5835 = CARTESIAN_POINT('',(0.,-0.6));
#5836 = VECTOR('',#5837,1.);
#5837 = DIRECTION('',(1.,0.));
#5838 = ( GEOMETRIC_REPRESENTATION_CONTEXT(2) 
PARAMETRIC_REPRESENTATION_CONTEXT() REPRESENTATION_CONTEXT('2D SPACE',''
  ) );
#5839 = PCURVE('',#5374,#5840);
#5840 = DEFINITIONAL_REPRESENTATION('',(#5841),#5845);
#5841 = LINE('',#5842,#5843);
#5842 = CARTESIAN_POINT('',(1.45458984375,0.));
#5843 = VECTOR('',#5844,1.);
#5844 = DIRECTION('',(0.,1.));
#5845 = ( GEOMETRIC_REPRESENTATION_CONTEXT(2) 
PARAMETRIC_REPRESENTATION_CONTEXT() REPRESENTATION_CONTEXT('2D SPACE',''
  ) );
#5846 = ORIENTED_EDGE('',*,*,#5754,.F.);
#5847 = ORIENTED_EDGE('',*,*,#2230,.F.);
#5848 = ADVANCED_FACE('',(#5849),#2218,.T.);
#5849 = FACE_BOUND('',#5850,.T.);
#5850 = EDGE_LOOP('',(#5851,#5852,#5873,#5874));
#5851 = ORIENTED_EDGE('',*,*,#5386,.T.);
#5852 = ORIENTED_EDGE('',*,*,#5853,.T.);
#5853 = EDGE_CURVE('',#5359,#5804,#5854,.T.);
#5854 = SURFACE_CURVE('',#5855,(#5859,#5866),.PCURVE_S1.);
#5855 = LINE('',#5856,#5857);
#5856 = CARTESIAN_POINT('',(0.598754882812,152.51354980468,3.4));
#5857 = VECTOR('',#5858,1.);
#5858 = DIRECTION('',(-1.,0.,0.));
#5859 = PCURVE('',#2218,#5860);
#5860 = DEFINITIONAL_REPRESENTATION('',(#5861),#5865);
#5861 = LINE('',#5862,#5863);
#5862 = CARTESIAN_POINT('',(0.,-0.6));
#5863 = VECTOR('',#5864,1.);
#5864 = DIRECTION('',(1.,0.));
#5865 = ( GEOMETRIC_REPRESENTATION_CONTEXT(2) 
PARAMETRIC_REPRESENTATION_CONTEXT() REPRESENTATION_CONTEXT('2D SPACE',''
  ) );
#5866 = PCURVE('',#5374,#5867);
#5867 = DEFINITIONAL_REPRESENTATION('',(#5868),#5872);
#5868 = LINE('',#5869,#5870);
#5869 = CARTESIAN_POINT('',(1.85009765625,0.));
#5870 = VECTOR('',#5871,1.);
#5871 = DIRECTION('',(-1.,0.));
#5872 = ( GEOMETRIC_REPRESENTATION_CONTEXT(2) 
PARAMETRIC_REPRESENTATION_CONTEXT() REPRESENTATION_CONTEXT('2D SPACE',''
  ) );
#5873 = ORIENTED_EDGE('',*,*,#5803,.F.);
#5874 = ORIENTED_EDGE('',*,*,#2202,.F.);
#5875 = ADVANCED_FACE('',(#5876),#2599,.T.);
#5876 = FACE_BOUND('',#5877,.F.);
#5877 = EDGE_LOOP('',(#5878,#5901,#5923,#5924));
#5878 = ORIENTED_EDGE('',*,*,#5879,.T.);
#5879 = EDGE_CURVE('',#2583,#5880,#5882,.T.);
#5880 = VERTEX_POINT('',#5881);
#5881 = CARTESIAN_POINT('',(11.5,140.,14.));
#5882 = SEAM_CURVE('',#5883,(#5887,#5894),.PCURVE_S1.);
#5883 = LINE('',#5884,#5885);
#5884 = CARTESIAN_POINT('',(11.5,140.,4.));
#5885 = VECTOR('',#5886,1.);
#5886 = DIRECTION('',(0.,0.,1.));
#5887 = PCURVE('',#2599,#5888);
#5888 = DEFINITIONAL_REPRESENTATION('',(#5889),#5893);
#5889 = LINE('',#5890,#5891);
#5890 = CARTESIAN_POINT('',(-0.,0.));
#5891 = VECTOR('',#5892,1.);
#5892 = DIRECTION('',(-0.,-1.));
#5893 = ( GEOMETRIC_REPRESENTATION_CONTEXT(2) 
PARAMETRIC_REPRESENTATION_CONTEXT() REPRESENTATION_CONTEXT('2D SPACE',''
  ) );
#5894 = PCURVE('',#2599,#5895);
#5895 = DEFINITIONAL_REPRESENTATION('',(#5896),#5900);
#5896 = LINE('',#5897,#5898);
#5897 = CARTESIAN_POINT('',(-6.28318530718,0.));
#5898 = VECTOR('',#5899,1.);
#5899 = DIRECTION('',(-0.,-1.));
#5900 = ( GEOMETRIC_REPRESENTATION_CONTEXT(2) 
PARAMETRIC_REPRESENTATION_CONTEXT() REPRESENTATION_CONTEXT('2D SPACE',''
  ) );
#5901 = ORIENTED_EDGE('',*,*,#5902,.T.);
#5902 = EDGE_CURVE('',#5880,#5880,#5903,.T.);
#5903 = SURFACE_CURVE('',#5904,(#5909,#5916),.PCURVE_S1.);
#5904 = CIRCLE('',#5905,11.5);
#5905 = AXIS2_PLACEMENT_3D('',#5906,#5907,#5908);
#5906 = CARTESIAN_POINT('',(0.,140.,14.));
#5907 = DIRECTION('',(0.,0.,1.));
#5908 = DIRECTION('',(1.,0.,-0.));
#5909 = PCURVE('',#2599,#5910);
#5910 = DEFINITIONAL_REPRESENTATION('',(#5911),#5915);
#5911 = LINE('',#5912,#5913);
#5912 = CARTESIAN_POINT('',(-0.,-10.));
#5913 = VECTOR('',#5914,1.);
#5914 = DIRECTION('',(-1.,0.));
#5915 = ( GEOMETRIC_REPRESENTATION_CONTEXT(2) 
PARAMETRIC_REPRESENTATION_CONTEXT() REPRESENTATION_CONTEXT('2D SPACE',''
  ) );
#5916 = PCURVE('',#3410,#5917);
#5917 = DEFINITIONAL_REPRESENTATION('',(#5918),#5922);
#5918 = CIRCLE('',#5919,11.5);
#5919 = AXIS2_PLACEMENT_2D('',#5920,#5921);
#5920 = CARTESIAN_POINT('',(7.134470256727E-16,-9.574461116723E-16));
#5921 = DIRECTION('',(1.,0.));
#5922 = ( GEOMETRIC_REPRESENTATION_CONTEXT(2) 
PARAMETRIC_REPRESENTATION_CONTEXT() REPRESENTATION_CONTEXT('2D SPACE',''
  ) );
#5923 = ORIENTED_EDGE('',*,*,#5879,.F.);
#5924 = ORIENTED_EDGE('',*,*,#2582,.F.);
#5925 = ADVANCED_FACE('',(#5926),#2631,.T.);
#5926 = FACE_BOUND('',#5927,.T.);
#5927 = EDGE_LOOP('',(#5928,#5951,#5979,#6000));
#5928 = ORIENTED_EDGE('',*,*,#5929,.T.);
#5929 = EDGE_CURVE('',#2614,#5930,#5932,.T.);
#5930 = VERTEX_POINT('',#5931);
#5931 = CARTESIAN_POINT('',(1.756713867188,152.79260253906,3.4));
#5932 = SURFACE_CURVE('',#5933,(#5937,#5944),.PCURVE_S1.);
#5933 = LINE('',#5934,#5935);
#5934 = CARTESIAN_POINT('',(1.756713867188,152.79260253906,4.));
#5935 = VECTOR('',#5936,1.);
#5936 = DIRECTION('',(-0.,-0.,-1.));
#5937 = PCURVE('',#2631,#5938);
#5938 = DEFINITIONAL_REPRESENTATION('',(#5939),#5943);
#5939 = LINE('',#5940,#5941);
#5940 = CARTESIAN_POINT('',(0.,0.));
#5941 = VECTOR('',#5942,1.);
#5942 = DIRECTION('',(0.,-1.));
#5943 = ( GEOMETRIC_REPRESENTATION_CONTEXT(2) 
PARAMETRIC_REPRESENTATION_CONTEXT() REPRESENTATION_CONTEXT('2D SPACE',''
  ) );
#5944 = PCURVE('',#2959,#5945);
#5945 = DEFINITIONAL_REPRESENTATION('',(#5946),#5950);
#5946 = LINE('',#5947,#5948);
#5947 = CARTESIAN_POINT('',(1.,0.));
#5948 = VECTOR('',#5949,1.);
#5949 = DIRECTION('',(0.,-1.));
#5950 = ( GEOMETRIC_REPRESENTATION_CONTEXT(2) 
PARAMETRIC_REPRESENTATION_CONTEXT() REPRESENTATION_CONTEXT('2D SPACE',''
  ) );
#5951 = ORIENTED_EDGE('',*,*,#5952,.T.);
#5952 = EDGE_CURVE('',#5930,#5953,#5955,.T.);
#5953 = VERTEX_POINT('',#5954);
#5954 = CARTESIAN_POINT('',(1.438110351562,154.10217285156,3.4));
#5955 = SURFACE_CURVE('',#5956,(#5960,#5967),.PCURVE_S1.);
#5956 = B_SPLINE_CURVE_WITH_KNOTS('',2,(#5957,#5958,#5959),
  .UNSPECIFIED.,.F.,.F.,(3,3),(0.,1.),.PIECEWISE_BEZIER_KNOTS.);
#5957 = CARTESIAN_POINT('',(1.756713867188,152.79260253906,3.4));
#5958 = CARTESIAN_POINT('',(1.438110351562,153.19470214843,3.4));
#5959 = CARTESIAN_POINT('',(1.438110351562,154.10217285156,3.4));
#5960 = PCURVE('',#2631,#5961);
#5961 = DEFINITIONAL_REPRESENTATION('',(#5962),#5966);
#5962 = LINE('',#5963,#5964);
#5963 = CARTESIAN_POINT('',(0.,-0.6));
#5964 = VECTOR('',#5965,1.);
#5965 = DIRECTION('',(1.,0.));
#5966 = ( GEOMETRIC_REPRESENTATION_CONTEXT(2) 
PARAMETRIC_REPRESENTATION_CONTEXT() REPRESENTATION_CONTEXT('2D SPACE',''
  ) );
#5967 = PCURVE('',#5968,#5973);
#5968 = PLANE('',#5969);
#5969 = AXIS2_PLACEMENT_3D('',#5970,#5971,#5972);
#5970 = CARTESIAN_POINT('',(1.251342773438,152.51354980468,3.4));
#5971 = DIRECTION('',(0.,0.,1.));
#5972 = DIRECTION('',(1.,0.,0.));
#5973 = DEFINITIONAL_REPRESENTATION('',(#5974),#5978);
#5974 = B_SPLINE_CURVE_WITH_KNOTS('',2,(#5975,#5976,#5977),
  .UNSPECIFIED.,.F.,.F.,(3,3),(0.,1.),.PIECEWISE_BEZIER_KNOTS.);
#5975 = CARTESIAN_POINT('',(0.50537109375,0.279052734375));
#5976 = CARTESIAN_POINT('',(0.186767578125,0.68115234375));
#5977 = CARTESIAN_POINT('',(0.186767578125,1.588623046875));
#5978 = ( GEOMETRIC_REPRESENTATION_CONTEXT(2) 
PARAMETRIC_REPRESENTATION_CONTEXT() REPRESENTATION_CONTEXT('2D SPACE',''
  ) );
#5979 = ORIENTED_EDGE('',*,*,#5980,.F.);
#5980 = EDGE_CURVE('',#2616,#5953,#5981,.T.);
#5981 = SURFACE_CURVE('',#5982,(#5986,#5993),.PCURVE_S1.);
#5982 = LINE('',#5983,#5984);
#5983 = CARTESIAN_POINT('',(1.438110351562,154.10217285156,4.));
#5984 = VECTOR('',#5985,1.);
#5985 = DIRECTION('',(-0.,-0.,-1.));
#5986 = PCURVE('',#2631,#5987);
#5987 = DEFINITIONAL_REPRESENTATION('',(#5988),#5992);
#5988 = LINE('',#5989,#5990);
#5989 = CARTESIAN_POINT('',(1.,0.));
#5990 = VECTOR('',#5991,1.);
#5991 = DIRECTION('',(0.,-1.));
#5992 = ( GEOMETRIC_REPRESENTATION_CONTEXT(2) 
PARAMETRIC_REPRESENTATION_CONTEXT() REPRESENTATION_CONTEXT('2D SPACE',''
  ) );
#5993 = PCURVE('',#2661,#5994);
#5994 = DEFINITIONAL_REPRESENTATION('',(#5995),#5999);
#5995 = LINE('',#5996,#5997);
#5996 = CARTESIAN_POINT('',(0.,0.));
#5997 = VECTOR('',#5998,1.);
#5998 = DIRECTION('',(0.,-1.));
#5999 = ( GEOMETRIC_REPRESENTATION_CONTEXT(2) 
PARAMETRIC_REPRESENTATION_CONTEXT() REPRESENTATION_CONTEXT('2D SPACE',''
  ) );
#6000 = ORIENTED_EDGE('',*,*,#2613,.F.);
#6001 = ADVANCED_FACE('',(#6002),#2959,.T.);
#6002 = FACE_BOUND('',#6003,.T.);
#6003 = EDGE_LOOP('',(#6004,#6027,#6048,#6049));
#6004 = ORIENTED_EDGE('',*,*,#6005,.T.);
#6005 = EDGE_CURVE('',#2916,#6006,#6008,.T.);
#6006 = VERTEX_POINT('',#6007);
#6007 = CARTESIAN_POINT('',(2.488403320312,152.45861816406,3.4));
#6008 = SURFACE_CURVE('',#6009,(#6013,#6020),.PCURVE_S1.);
#6009 = LINE('',#6010,#6011);
#6010 = CARTESIAN_POINT('',(2.488403320312,152.45861816406,4.));
#6011 = VECTOR('',#6012,1.);
#6012 = DIRECTION('',(-0.,-0.,-1.));
#6013 = PCURVE('',#2959,#6014);
#6014 = DEFINITIONAL_REPRESENTATION('',(#6015),#6019);
#6015 = LINE('',#6016,#6017);
#6016 = CARTESIAN_POINT('',(0.,0.));
#6017 = VECTOR('',#6018,1.);
#6018 = DIRECTION('',(0.,-1.));
#6019 = ( GEOMETRIC_REPRESENTATION_CONTEXT(2) 
PARAMETRIC_REPRESENTATION_CONTEXT() REPRESENTATION_CONTEXT('2D SPACE',''
  ) );
#6020 = PCURVE('',#2931,#6021);
#6021 = DEFINITIONAL_REPRESENTATION('',(#6022),#6026);
#6022 = LINE('',#6023,#6024);
#6023 = CARTESIAN_POINT('',(1.,0.));
#6024 = VECTOR('',#6025,1.);
#6025 = DIRECTION('',(0.,-1.));
#6026 = ( GEOMETRIC_REPRESENTATION_CONTEXT(2) 
PARAMETRIC_REPRESENTATION_CONTEXT() REPRESENTATION_CONTEXT('2D SPACE',''
  ) );
#6027 = ORIENTED_EDGE('',*,*,#6028,.T.);
#6028 = EDGE_CURVE('',#6006,#5930,#6029,.T.);
#6029 = SURFACE_CURVE('',#6030,(#6034,#6041),.PCURVE_S1.);
#6030 = B_SPLINE_CURVE_WITH_KNOTS('',2,(#6031,#6032,#6033),
  .UNSPECIFIED.,.F.,.F.,(3,3),(0.,1.),.PIECEWISE_BEZIER_KNOTS.);
#6031 = CARTESIAN_POINT('',(2.488403320312,152.45861816406,3.4));
#6032 = CARTESIAN_POINT('',(2.022583007812,152.45861816406,3.4));
#6033 = CARTESIAN_POINT('',(1.756713867188,152.79260253906,3.4));
#6034 = PCURVE('',#2959,#6035);
#6035 = DEFINITIONAL_REPRESENTATION('',(#6036),#6040);
#6036 = LINE('',#6037,#6038);
#6037 = CARTESIAN_POINT('',(0.,-0.6));
#6038 = VECTOR('',#6039,1.);
#6039 = DIRECTION('',(1.,0.));
#6040 = ( GEOMETRIC_REPRESENTATION_CONTEXT(2) 
PARAMETRIC_REPRESENTATION_CONTEXT() REPRESENTATION_CONTEXT('2D SPACE',''
  ) );
#6041 = PCURVE('',#5968,#6042);
#6042 = DEFINITIONAL_REPRESENTATION('',(#6043),#6047);
#6043 = B_SPLINE_CURVE_WITH_KNOTS('',2,(#6044,#6045,#6046),
  .UNSPECIFIED.,.F.,.F.,(3,3),(0.,1.),.PIECEWISE_BEZIER_KNOTS.);
#6044 = CARTESIAN_POINT('',(1.237060546875,-5.4931640625E-02));
#6045 = CARTESIAN_POINT('',(0.771240234375,-5.4931640625E-02));
#6046 = CARTESIAN_POINT('',(0.50537109375,0.279052734375));
#6047 = ( GEOMETRIC_REPRESENTATION_CONTEXT(2) 
PARAMETRIC_REPRESENTATION_CONTEXT() REPRESENTATION_CONTEXT('2D SPACE',''
  ) );
#6048 = ORIENTED_EDGE('',*,*,#5929,.F.);
#6049 = ORIENTED_EDGE('',*,*,#2945,.F.);
#6050 = ADVANCED_FACE('',(#6051),#2931,.T.);
#6051 = FACE_BOUND('',#6052,.T.);
#6052 = EDGE_LOOP('',(#6053,#6076,#6097,#6098));
#6053 = ORIENTED_EDGE('',*,*,#6054,.T.);
#6054 = EDGE_CURVE('',#2886,#6055,#6057,.T.);
#6055 = VERTEX_POINT('',#6056);
#6056 = CARTESIAN_POINT('',(3.073974609375,152.64868164062,3.4));
#6057 = SURFACE_CURVE('',#6058,(#6062,#6069),.PCURVE_S1.);
#6058 = LINE('',#6059,#6060);
#6059 = CARTESIAN_POINT('',(3.073974609375,152.64868164062,4.));
#6060 = VECTOR('',#6061,1.);
#6061 = DIRECTION('',(-0.,-0.,-1.));
#6062 = PCURVE('',#2931,#6063);
#6063 = DEFINITIONAL_REPRESENTATION('',(#6064),#6068);
#6064 = LINE('',#6065,#6066);
#6065 = CARTESIAN_POINT('',(0.,0.));
#6066 = VECTOR('',#6067,1.);
#6067 = DIRECTION('',(0.,-1.));
#6068 = ( GEOMETRIC_REPRESENTATION_CONTEXT(2) 
PARAMETRIC_REPRESENTATION_CONTEXT() REPRESENTATION_CONTEXT('2D SPACE',''
  ) );
#6069 = PCURVE('',#2901,#6070);
#6070 = DEFINITIONAL_REPRESENTATION('',(#6071),#6075);
#6071 = LINE('',#6072,#6073);
#6072 = CARTESIAN_POINT('',(1.,0.));
#6073 = VECTOR('',#6074,1.);
#6074 = DIRECTION('',(0.,-1.));
#6075 = ( GEOMETRIC_REPRESENTATION_CONTEXT(2) 
PARAMETRIC_REPRESENTATION_CONTEXT() REPRESENTATION_CONTEXT('2D SPACE',''
  ) );
#6076 = ORIENTED_EDGE('',*,*,#6077,.T.);
#6077 = EDGE_CURVE('',#6055,#6006,#6078,.T.);
#6078 = SURFACE_CURVE('',#6079,(#6083,#6090),.PCURVE_S1.);
#6079 = B_SPLINE_CURVE_WITH_KNOTS('',2,(#6080,#6081,#6082),
  .UNSPECIFIED.,.F.,.F.,(3,3),(0.,1.),.PIECEWISE_BEZIER_KNOTS.);
#6080 = CARTESIAN_POINT('',(3.073974609375,152.64868164062,3.4));
#6081 = CARTESIAN_POINT('',(2.842163085938,152.45861816406,3.4));
#6082 = CARTESIAN_POINT('',(2.488403320312,152.45861816406,3.4));
#6083 = PCURVE('',#2931,#6084);
#6084 = DEFINITIONAL_REPRESENTATION('',(#6085),#6089);
#6085 = LINE('',#6086,#6087);
#6086 = CARTESIAN_POINT('',(0.,-0.6));
#6087 = VECTOR('',#6088,1.);
#6088 = DIRECTION('',(1.,0.));
#6089 = ( GEOMETRIC_REPRESENTATION_CONTEXT(2) 
PARAMETRIC_REPRESENTATION_CONTEXT() REPRESENTATION_CONTEXT('2D SPACE',''
  ) );
#6090 = PCURVE('',#5968,#6091);
#6091 = DEFINITIONAL_REPRESENTATION('',(#6092),#6096);
#6092 = B_SPLINE_CURVE_WITH_KNOTS('',2,(#6093,#6094,#6095),
  .UNSPECIFIED.,.F.,.F.,(3,3),(0.,1.),.PIECEWISE_BEZIER_KNOTS.);
#6093 = CARTESIAN_POINT('',(1.822631835938,0.135131835938));
#6094 = CARTESIAN_POINT('',(1.5908203125,-5.4931640625E-02));
#6095 = CARTESIAN_POINT('',(1.237060546875,-5.4931640625E-02));
#6096 = ( GEOMETRIC_REPRESENTATION_CONTEXT(2) 
PARAMETRIC_REPRESENTATION_CONTEXT() REPRESENTATION_CONTEXT('2D SPACE',''
  ) );
#6097 = ORIENTED_EDGE('',*,*,#6005,.F.);
#6098 = ORIENTED_EDGE('',*,*,#2915,.F.);
#6099 = ADVANCED_FACE('',(#6100),#2901,.T.);
#6100 = FACE_BOUND('',#6101,.T.);
#6101 = EDGE_LOOP('',(#6102,#6125,#6146,#6147));
#6102 = ORIENTED_EDGE('',*,*,#6103,.T.);
#6103 = EDGE_CURVE('',#2856,#6104,#6106,.T.);
#6104 = VERTEX_POINT('',#6105);
#6105 = CARTESIAN_POINT('',(3.422241210938,153.18701171875,3.4));
#6106 = SURFACE_CURVE('',#6107,(#6111,#6118),.PCURVE_S1.);
#6107 = LINE('',#6108,#6109);
#6108 = CARTESIAN_POINT('',(3.422241210938,153.18701171875,4.));
#6109 = VECTOR('',#6110,1.);
#6110 = DIRECTION('',(-0.,-0.,-1.));
#6111 = PCURVE('',#2901,#6112);
#6112 = DEFINITIONAL_REPRESENTATION('',(#6113),#6117);
#6113 = LINE('',#6114,#6115);
#6114 = CARTESIAN_POINT('',(0.,0.));
#6115 = VECTOR('',#6116,1.);
#6116 = DIRECTION('',(0.,-1.));
#6117 = ( GEOMETRIC_REPRESENTATION_CONTEXT(2) 
PARAMETRIC_REPRESENTATION_CONTEXT() REPRESENTATION_CONTEXT('2D SPACE',''
  ) );
#6118 = PCURVE('',#2871,#6119);
#6119 = DEFINITIONAL_REPRESENTATION('',(#6120),#6124);
#6120 = LINE('',#6121,#6122);
#6121 = CARTESIAN_POINT('',(1.,0.));
#6122 = VECTOR('',#6123,1.);
#6123 = DIRECTION('',(0.,-1.));
#6124 = ( GEOMETRIC_REPRESENTATION_CONTEXT(2) 
PARAMETRIC_REPRESENTATION_CONTEXT() REPRESENTATION_CONTEXT('2D SPACE',''
  ) );
#6125 = ORIENTED_EDGE('',*,*,#6126,.T.);
#6126 = EDGE_CURVE('',#6104,#6055,#6127,.T.);
#6127 = SURFACE_CURVE('',#6128,(#6132,#6139),.PCURVE_S1.);
#6128 = B_SPLINE_CURVE_WITH_KNOTS('',2,(#6129,#6130,#6131),
  .UNSPECIFIED.,.F.,.F.,(3,3),(0.,1.),.PIECEWISE_BEZIER_KNOTS.);
#6129 = CARTESIAN_POINT('',(3.422241210938,153.18701171875,3.4));
#6130 = CARTESIAN_POINT('',(3.305786132812,152.83874511718,3.4));
#6131 = CARTESIAN_POINT('',(3.073974609375,152.64868164062,3.4));
#6132 = PCURVE('',#2901,#6133);
#6133 = DEFINITIONAL_REPRESENTATION('',(#6134),#6138);
#6134 = LINE('',#6135,#6136);
#6135 = CARTESIAN_POINT('',(0.,-0.6));
#6136 = VECTOR('',#6137,1.);
#6137 = DIRECTION('',(1.,0.));
#6138 = ( GEOMETRIC_REPRESENTATION_CONTEXT(2) 
PARAMETRIC_REPRESENTATION_CONTEXT() REPRESENTATION_CONTEXT('2D SPACE',''
  ) );
#6139 = PCURVE('',#5968,#6140);
#6140 = DEFINITIONAL_REPRESENTATION('',(#6141),#6145);
#6141 = B_SPLINE_CURVE_WITH_KNOTS('',2,(#6142,#6143,#6144),
  .UNSPECIFIED.,.F.,.F.,(3,3),(0.,1.),.PIECEWISE_BEZIER_KNOTS.);
#6142 = CARTESIAN_POINT('',(2.1708984375,0.673461914062));
#6143 = CARTESIAN_POINT('',(2.054443359375,0.3251953125));
#6144 = CARTESIAN_POINT('',(1.822631835938,0.135131835938));
#6145 = ( GEOMETRIC_REPRESENTATION_CONTEXT(2) 
PARAMETRIC_REPRESENTATION_CONTEXT() REPRESENTATION_CONTEXT('2D SPACE',''
  ) );
#6146 = ORIENTED_EDGE('',*,*,#6054,.F.);
#6147 = ORIENTED_EDGE('',*,*,#2885,.F.);
#6148 = ADVANCED_FACE('',(#6149),#2871,.T.);
#6149 = FACE_BOUND('',#6150,.T.);
#6150 = EDGE_LOOP('',(#6151,#6174,#6195,#6196));
#6151 = ORIENTED_EDGE('',*,*,#6152,.T.);
#6152 = EDGE_CURVE('',#2826,#6153,#6155,.T.);
#6153 = VERTEX_POINT('',#6154);
#6154 = CARTESIAN_POINT('',(3.538696289062,154.10217285156,3.4));
#6155 = SURFACE_CURVE('',#6156,(#6160,#6167),.PCURVE_S1.);
#6156 = LINE('',#6157,#6158);
#6157 = CARTESIAN_POINT('',(3.538696289062,154.10217285156,4.));
#6158 = VECTOR('',#6159,1.);
#6159 = DIRECTION('',(-0.,-0.,-1.));
#6160 = PCURVE('',#2871,#6161);
#6161 = DEFINITIONAL_REPRESENTATION('',(#6162),#6166);
#6162 = LINE('',#6163,#6164);
#6163 = CARTESIAN_POINT('',(0.,0.));
#6164 = VECTOR('',#6165,1.);
#6165 = DIRECTION('',(0.,-1.));
#6166 = ( GEOMETRIC_REPRESENTATION_CONTEXT(2) 
PARAMETRIC_REPRESENTATION_CONTEXT() REPRESENTATION_CONTEXT('2D SPACE',''
  ) );
#6167 = PCURVE('',#2841,#6168);
#6168 = DEFINITIONAL_REPRESENTATION('',(#6169),#6173);
#6169 = LINE('',#6170,#6171);
#6170 = CARTESIAN_POINT('',(1.,0.));
#6171 = VECTOR('',#6172,1.);
#6172 = DIRECTION('',(0.,-1.));
#6173 = ( GEOMETRIC_REPRESENTATION_CONTEXT(2) 
PARAMETRIC_REPRESENTATION_CONTEXT() REPRESENTATION_CONTEXT('2D SPACE',''
  ) );
#6174 = ORIENTED_EDGE('',*,*,#6175,.T.);
#6175 = EDGE_CURVE('',#6153,#6104,#6176,.T.);
#6176 = SURFACE_CURVE('',#6177,(#6181,#6188),.PCURVE_S1.);
#6177 = B_SPLINE_CURVE_WITH_KNOTS('',2,(#6178,#6179,#6180),
  .UNSPECIFIED.,.F.,.F.,(3,3),(0.,1.),.PIECEWISE_BEZIER_KNOTS.);
#6178 = CARTESIAN_POINT('',(3.538696289062,154.10217285156,3.4));
#6179 = CARTESIAN_POINT('',(3.538696289062,153.53527832031,3.4));
#6180 = CARTESIAN_POINT('',(3.422241210938,153.18701171875,3.4));
#6181 = PCURVE('',#2871,#6182);
#6182 = DEFINITIONAL_REPRESENTATION('',(#6183),#6187);
#6183 = LINE('',#6184,#6185);
#6184 = CARTESIAN_POINT('',(0.,-0.6));
#6185 = VECTOR('',#6186,1.);
#6186 = DIRECTION('',(1.,0.));
#6187 = ( GEOMETRIC_REPRESENTATION_CONTEXT(2) 
PARAMETRIC_REPRESENTATION_CONTEXT() REPRESENTATION_CONTEXT('2D SPACE',''
  ) );
#6188 = PCURVE('',#5968,#6189);
#6189 = DEFINITIONAL_REPRESENTATION('',(#6190),#6194);
#6190 = B_SPLINE_CURVE_WITH_KNOTS('',2,(#6191,#6192,#6193),
  .UNSPECIFIED.,.F.,.F.,(3,3),(0.,1.),.PIECEWISE_BEZIER_KNOTS.);
#6191 = CARTESIAN_POINT('',(2.287353515625,1.588623046875));
#6192 = CARTESIAN_POINT('',(2.287353515625,1.021728515625));
#6193 = CARTESIAN_POINT('',(2.1708984375,0.673461914062));
#6194 = ( GEOMETRIC_REPRESENTATION_CONTEXT(2) 
PARAMETRIC_REPRESENTATION_CONTEXT() REPRESENTATION_CONTEXT('2D SPACE',''
  ) );
#6195 = ORIENTED_EDGE('',*,*,#6103,.F.);
#6196 = ORIENTED_EDGE('',*,*,#2855,.F.);
#6197 = ADVANCED_FACE('',(#6198),#2841,.T.);
#6198 = FACE_BOUND('',#6199,.T.);
#6199 = EDGE_LOOP('',(#6200,#6223,#6244,#6245));
#6200 = ORIENTED_EDGE('',*,*,#6201,.T.);
#6201 = EDGE_CURVE('',#2796,#6202,#6204,.T.);
#6202 = VERTEX_POINT('',#6203);
#6203 = CARTESIAN_POINT('',(3.466186523438,154.86352539062,3.4));
#6204 = SURFACE_CURVE('',#6205,(#6209,#6216),.PCURVE_S1.);
#6205 = LINE('',#6206,#6207);
#6206 = CARTESIAN_POINT('',(3.466186523438,154.86352539062,4.));
#6207 = VECTOR('',#6208,1.);
#6208 = DIRECTION('',(-0.,-0.,-1.));
#6209 = PCURVE('',#2841,#6210);
#6210 = DEFINITIONAL_REPRESENTATION('',(#6211),#6215);
#6211 = LINE('',#6212,#6213);
#6212 = CARTESIAN_POINT('',(0.,0.));
#6213 = VECTOR('',#6214,1.);
#6214 = DIRECTION('',(0.,-1.));
#6215 = ( GEOMETRIC_REPRESENTATION_CONTEXT(2) 
PARAMETRIC_REPRESENTATION_CONTEXT() REPRESENTATION_CONTEXT('2D SPACE',''
  ) );
#6216 = PCURVE('',#2811,#6217);
#6217 = DEFINITIONAL_REPRESENTATION('',(#6218),#6222);
#6218 = LINE('',#6219,#6220);
#6219 = CARTESIAN_POINT('',(1.,0.));
#6220 = VECTOR('',#6221,1.);
#6221 = DIRECTION('',(0.,-1.));
#6222 = ( GEOMETRIC_REPRESENTATION_CONTEXT(2) 
PARAMETRIC_REPRESENTATION_CONTEXT() REPRESENTATION_CONTEXT('2D SPACE',''
  ) );
#6223 = ORIENTED_EDGE('',*,*,#6224,.T.);
#6224 = EDGE_CURVE('',#6202,#6153,#6225,.T.);
#6225 = SURFACE_CURVE('',#6226,(#6230,#6237),.PCURVE_S1.);
#6226 = B_SPLINE_CURVE_WITH_KNOTS('',2,(#6227,#6228,#6229),
  .UNSPECIFIED.,.F.,.F.,(3,3),(0.,1.),.PIECEWISE_BEZIER_KNOTS.);
#6227 = CARTESIAN_POINT('',(3.466186523438,154.86352539062,3.4));
#6228 = CARTESIAN_POINT('',(3.538696289062,154.58117675781,3.4));
#6229 = CARTESIAN_POINT('',(3.538696289062,154.10217285156,3.4));
#6230 = PCURVE('',#2841,#6231);
#6231 = DEFINITIONAL_REPRESENTATION('',(#6232),#6236);
#6232 = LINE('',#6233,#6234);
#6233 = CARTESIAN_POINT('',(0.,-0.6));
#6234 = VECTOR('',#6235,1.);
#6235 = DIRECTION('',(1.,0.));
#6236 = ( GEOMETRIC_REPRESENTATION_CONTEXT(2) 
PARAMETRIC_REPRESENTATION_CONTEXT() REPRESENTATION_CONTEXT('2D SPACE',''
  ) );
#6237 = PCURVE('',#5968,#6238);
#6238 = DEFINITIONAL_REPRESENTATION('',(#6239),#6243);
#6239 = B_SPLINE_CURVE_WITH_KNOTS('',2,(#6240,#6241,#6242),
  .UNSPECIFIED.,.F.,.F.,(3,3),(0.,1.),.PIECEWISE_BEZIER_KNOTS.);
#6240 = CARTESIAN_POINT('',(2.21484375,2.349975585938));
#6241 = CARTESIAN_POINT('',(2.287353515625,2.067626953125));
#6242 = CARTESIAN_POINT('',(2.287353515625,1.588623046875));
#6243 = ( GEOMETRIC_REPRESENTATION_CONTEXT(2) 
PARAMETRIC_REPRESENTATION_CONTEXT() REPRESENTATION_CONTEXT('2D SPACE',''
  ) );
#6244 = ORIENTED_EDGE('',*,*,#6152,.F.);
#6245 = ORIENTED_EDGE('',*,*,#2825,.F.);
#6246 = ADVANCED_FACE('',(#6247),#2811,.T.);
#6247 = FACE_BOUND('',#6248,.T.);
#6248 = EDGE_LOOP('',(#6249,#6272,#6293,#6294));
#6249 = ORIENTED_EDGE('',*,*,#6250,.T.);
#6250 = EDGE_CURVE('',#2766,#6251,#6253,.T.);
#6251 = VERTEX_POINT('',#6252);
#6252 = CARTESIAN_POINT('',(3.266235351562,155.34252929687,3.4));
#6253 = SURFACE_CURVE('',#6254,(#6258,#6265),.PCURVE_S1.);
#6254 = LINE('',#6255,#6256);
#6255 = CARTESIAN_POINT('',(3.266235351562,155.34252929687,4.));
#6256 = VECTOR('',#6257,1.);
#6257 = DIRECTION('',(-0.,-0.,-1.));
#6258 = PCURVE('',#2811,#6259);
#6259 = DEFINITIONAL_REPRESENTATION('',(#6260),#6264);
#6260 = LINE('',#6261,#6262);
#6261 = CARTESIAN_POINT('',(0.,0.));
#6262 = VECTOR('',#6263,1.);
#6263 = DIRECTION('',(0.,-1.));
#6264 = ( GEOMETRIC_REPRESENTATION_CONTEXT(2) 
PARAMETRIC_REPRESENTATION_CONTEXT() REPRESENTATION_CONTEXT('2D SPACE',''
  ) );
#6265 = PCURVE('',#2781,#6266);
#6266 = DEFINITIONAL_REPRESENTATION('',(#6267),#6271);
#6267 = LINE('',#6268,#6269);
#6268 = CARTESIAN_POINT('',(1.,0.));
#6269 = VECTOR('',#6270,1.);
#6270 = DIRECTION('',(0.,-1.));
#6271 = ( GEOMETRIC_REPRESENTATION_CONTEXT(2) 
PARAMETRIC_REPRESENTATION_CONTEXT() REPRESENTATION_CONTEXT('2D SPACE',''
  ) );
#6272 = ORIENTED_EDGE('',*,*,#6273,.T.);
#6273 = EDGE_CURVE('',#6251,#6202,#6274,.T.);
#6274 = SURFACE_CURVE('',#6275,(#6279,#6286),.PCURVE_S1.);
#6275 = B_SPLINE_CURVE_WITH_KNOTS('',2,(#6276,#6277,#6278),
  .UNSPECIFIED.,.F.,.F.,(3,3),(0.,1.),.PIECEWISE_BEZIER_KNOTS.);
#6276 = CARTESIAN_POINT('',(3.266235351562,155.34252929687,3.4));
#6277 = CARTESIAN_POINT('',(3.393676757812,155.14587402343,3.4));
#6278 = CARTESIAN_POINT('',(3.466186523438,154.86352539062,3.4));
#6279 = PCURVE('',#2811,#6280);
#6280 = DEFINITIONAL_REPRESENTATION('',(#6281),#6285);
#6281 = LINE('',#6282,#6283);
#6282 = CARTESIAN_POINT('',(0.,-0.6));
#6283 = VECTOR('',#6284,1.);
#6284 = DIRECTION('',(1.,0.));
#6285 = ( GEOMETRIC_REPRESENTATION_CONTEXT(2) 
PARAMETRIC_REPRESENTATION_CONTEXT() REPRESENTATION_CONTEXT('2D SPACE',''
  ) );
#6286 = PCURVE('',#5968,#6287);
#6287 = DEFINITIONAL_REPRESENTATION('',(#6288),#6292);
#6288 = B_SPLINE_CURVE_WITH_KNOTS('',2,(#6289,#6290,#6291),
  .UNSPECIFIED.,.F.,.F.,(3,3),(0.,1.),.PIECEWISE_BEZIER_KNOTS.);
#6289 = CARTESIAN_POINT('',(2.014892578125,2.828979492188));
#6290 = CARTESIAN_POINT('',(2.142333984375,2.63232421875));
#6291 = CARTESIAN_POINT('',(2.21484375,2.349975585938));
#6292 = ( GEOMETRIC_REPRESENTATION_CONTEXT(2) 
PARAMETRIC_REPRESENTATION_CONTEXT() REPRESENTATION_CONTEXT('2D SPACE',''
  ) );
#6293 = ORIENTED_EDGE('',*,*,#6201,.F.);
#6294 = ORIENTED_EDGE('',*,*,#2795,.F.);
#6295 = ADVANCED_FACE('',(#6296),#2781,.T.);
#6296 = FACE_BOUND('',#6297,.T.);
#6297 = EDGE_LOOP('',(#6298,#6321,#6342,#6343));
#6298 = ORIENTED_EDGE('',*,*,#6299,.T.);
#6299 = EDGE_CURVE('',#2736,#6300,#6302,.T.);
#6300 = VERTEX_POINT('',#6301);
#6301 = CARTESIAN_POINT('',(2.943237304688,155.6435546875,3.4));
#6302 = SURFACE_CURVE('',#6303,(#6307,#6314),.PCURVE_S1.);
#6303 = LINE('',#6304,#6305);
#6304 = CARTESIAN_POINT('',(2.943237304688,155.6435546875,4.));
#6305 = VECTOR('',#6306,1.);
#6306 = DIRECTION('',(-0.,-0.,-1.));
#6307 = PCURVE('',#2781,#6308);
#6308 = DEFINITIONAL_REPRESENTATION('',(#6309),#6313);
#6309 = LINE('',#6310,#6311);
#6310 = CARTESIAN_POINT('',(0.,0.));
#6311 = VECTOR('',#6312,1.);
#6312 = DIRECTION('',(0.,-1.));
#6313 = ( GEOMETRIC_REPRESENTATION_CONTEXT(2) 
PARAMETRIC_REPRESENTATION_CONTEXT() REPRESENTATION_CONTEXT('2D SPACE',''
  ) );
#6314 = PCURVE('',#2751,#6315);
#6315 = DEFINITIONAL_REPRESENTATION('',(#6316),#6320);
#6316 = LINE('',#6317,#6318);
#6317 = CARTESIAN_POINT('',(1.,0.));
#6318 = VECTOR('',#6319,1.);
#6319 = DIRECTION('',(0.,-1.));
#6320 = ( GEOMETRIC_REPRESENTATION_CONTEXT(2) 
PARAMETRIC_REPRESENTATION_CONTEXT() REPRESENTATION_CONTEXT('2D SPACE',''
  ) );
#6321 = ORIENTED_EDGE('',*,*,#6322,.T.);
#6322 = EDGE_CURVE('',#6300,#6251,#6323,.T.);
#6323 = SURFACE_CURVE('',#6324,(#6328,#6335),.PCURVE_S1.);
#6324 = B_SPLINE_CURVE_WITH_KNOTS('',2,(#6325,#6326,#6327),
  .UNSPECIFIED.,.F.,.F.,(3,3),(0.,1.),.PIECEWISE_BEZIER_KNOTS.);
#6325 = CARTESIAN_POINT('',(2.943237304688,155.6435546875,3.4));
#6326 = CARTESIAN_POINT('',(3.138793945312,155.53918457031,3.4));
#6327 = CARTESIAN_POINT('',(3.266235351562,155.34252929687,3.4));
#6328 = PCURVE('',#2781,#6329);
#6329 = DEFINITIONAL_REPRESENTATION('',(#6330),#6334);
#6330 = LINE('',#6331,#6332);
#6331 = CARTESIAN_POINT('',(0.,-0.6));
#6332 = VECTOR('',#6333,1.);
#6333 = DIRECTION('',(1.,0.));
#6334 = ( GEOMETRIC_REPRESENTATION_CONTEXT(2) 
PARAMETRIC_REPRESENTATION_CONTEXT() REPRESENTATION_CONTEXT('2D SPACE',''
  ) );
#6335 = PCURVE('',#5968,#6336);
#6336 = DEFINITIONAL_REPRESENTATION('',(#6337),#6341);
#6337 = B_SPLINE_CURVE_WITH_KNOTS('',2,(#6338,#6339,#6340),
  .UNSPECIFIED.,.F.,.F.,(3,3),(0.,1.),.PIECEWISE_BEZIER_KNOTS.);
#6338 = CARTESIAN_POINT('',(1.69189453125,3.130004882812));
#6339 = CARTESIAN_POINT('',(1.887451171875,3.025634765625));
#6340 = CARTESIAN_POINT('',(2.014892578125,2.828979492188));
#6341 = ( GEOMETRIC_REPRESENTATION_CONTEXT(2) 
PARAMETRIC_REPRESENTATION_CONTEXT() REPRESENTATION_CONTEXT('2D SPACE',''
  ) );
#6342 = ORIENTED_EDGE('',*,*,#6250,.F.);
#6343 = ORIENTED_EDGE('',*,*,#2765,.F.);
#6344 = ADVANCED_FACE('',(#6345),#2751,.T.);
#6345 = FACE_BOUND('',#6346,.T.);
#6346 = EDGE_LOOP('',(#6347,#6370,#6391,#6392));
#6347 = ORIENTED_EDGE('',*,*,#6348,.T.);
#6348 = EDGE_CURVE('',#2706,#6349,#6351,.T.);
#6349 = VERTEX_POINT('',#6350);
#6350 = CARTESIAN_POINT('',(2.488403320312,155.74792480468,3.4));
#6351 = SURFACE_CURVE('',#6352,(#6356,#6363),.PCURVE_S1.);
#6352 = LINE('',#6353,#6354);
#6353 = CARTESIAN_POINT('',(2.488403320312,155.74792480468,4.));
#6354 = VECTOR('',#6355,1.);
#6355 = DIRECTION('',(-0.,-0.,-1.));
#6356 = PCURVE('',#2751,#6357);
#6357 = DEFINITIONAL_REPRESENTATION('',(#6358),#6362);
#6358 = LINE('',#6359,#6360);
#6359 = CARTESIAN_POINT('',(0.,0.));
#6360 = VECTOR('',#6361,1.);
#6361 = DIRECTION('',(0.,-1.));
#6362 = ( GEOMETRIC_REPRESENTATION_CONTEXT(2) 
PARAMETRIC_REPRESENTATION_CONTEXT() REPRESENTATION_CONTEXT('2D SPACE',''
  ) );
#6363 = PCURVE('',#2721,#6364);
#6364 = DEFINITIONAL_REPRESENTATION('',(#6365),#6369);
#6365 = LINE('',#6366,#6367);
#6366 = CARTESIAN_POINT('',(1.,0.));
#6367 = VECTOR('',#6368,1.);
#6368 = DIRECTION('',(0.,-1.));
#6369 = ( GEOMETRIC_REPRESENTATION_CONTEXT(2) 
PARAMETRIC_REPRESENTATION_CONTEXT() REPRESENTATION_CONTEXT('2D SPACE',''
  ) );
#6370 = ORIENTED_EDGE('',*,*,#6371,.T.);
#6371 = EDGE_CURVE('',#6349,#6300,#6372,.T.);
#6372 = SURFACE_CURVE('',#6373,(#6377,#6384),.PCURVE_S1.);
#6373 = B_SPLINE_CURVE_WITH_KNOTS('',2,(#6374,#6375,#6376),
  .UNSPECIFIED.,.F.,.F.,(3,3),(0.,1.),.PIECEWISE_BEZIER_KNOTS.);
#6374 = CARTESIAN_POINT('',(2.488403320312,155.74792480468,3.4));
#6375 = CARTESIAN_POINT('',(2.747680664062,155.74792480468,3.4));
#6376 = CARTESIAN_POINT('',(2.943237304688,155.6435546875,3.4));
#6377 = PCURVE('',#2751,#6378);
#6378 = DEFINITIONAL_REPRESENTATION('',(#6379),#6383);
#6379 = LINE('',#6380,#6381);
#6380 = CARTESIAN_POINT('',(0.,-0.6));
#6381 = VECTOR('',#6382,1.);
#6382 = DIRECTION('',(1.,0.));
#6383 = ( GEOMETRIC_REPRESENTATION_CONTEXT(2) 
PARAMETRIC_REPRESENTATION_CONTEXT() REPRESENTATION_CONTEXT('2D SPACE',''
  ) );
#6384 = PCURVE('',#5968,#6385);
#6385 = DEFINITIONAL_REPRESENTATION('',(#6386),#6390);
#6386 = B_SPLINE_CURVE_WITH_KNOTS('',2,(#6387,#6388,#6389),
  .UNSPECIFIED.,.F.,.F.,(3,3),(0.,1.),.PIECEWISE_BEZIER_KNOTS.);
#6387 = CARTESIAN_POINT('',(1.237060546875,3.234375));
#6388 = CARTESIAN_POINT('',(1.496337890625,3.234375));
#6389 = CARTESIAN_POINT('',(1.69189453125,3.130004882812));
#6390 = ( GEOMETRIC_REPRESENTATION_CONTEXT(2) 
PARAMETRIC_REPRESENTATION_CONTEXT() REPRESENTATION_CONTEXT('2D SPACE',''
  ) );
#6391 = ORIENTED_EDGE('',*,*,#6299,.F.);
#6392 = ORIENTED_EDGE('',*,*,#2735,.F.);
#6393 = ADVANCED_FACE('',(#6394),#2721,.T.);
#6394 = FACE_BOUND('',#6395,.T.);
#6395 = EDGE_LOOP('',(#6396,#6419,#6440,#6441));
#6396 = ORIENTED_EDGE('',*,*,#6397,.T.);
#6397 = EDGE_CURVE('',#2676,#6398,#6400,.T.);
#6398 = VERTEX_POINT('',#6399);
#6399 = CARTESIAN_POINT('',(1.905029296875,155.55895996093,3.4));
#6400 = SURFACE_CURVE('',#6401,(#6405,#6412),.PCURVE_S1.);
#6401 = LINE('',#6402,#6403);
#6402 = CARTESIAN_POINT('',(1.905029296875,155.55895996093,4.));
#6403 = VECTOR('',#6404,1.);
#6404 = DIRECTION('',(-0.,-0.,-1.));
#6405 = PCURVE('',#2721,#6406);
#6406 = DEFINITIONAL_REPRESENTATION('',(#6407),#6411);
#6407 = LINE('',#6408,#6409);
#6408 = CARTESIAN_POINT('',(0.,0.));
#6409 = VECTOR('',#6410,1.);
#6410 = DIRECTION('',(0.,-1.));
#6411 = ( GEOMETRIC_REPRESENTATION_CONTEXT(2) 
PARAMETRIC_REPRESENTATION_CONTEXT() REPRESENTATION_CONTEXT('2D SPACE',''
  ) );
#6412 = PCURVE('',#2691,#6413);
#6413 = DEFINITIONAL_REPRESENTATION('',(#6414),#6418);
#6414 = LINE('',#6415,#6416);
#6415 = CARTESIAN_POINT('',(1.,0.));
#6416 = VECTOR('',#6417,1.);
#6417 = DIRECTION('',(0.,-1.));
#6418 = ( GEOMETRIC_REPRESENTATION_CONTEXT(2) 
PARAMETRIC_REPRESENTATION_CONTEXT() REPRESENTATION_CONTEXT('2D SPACE',''
  ) );
#6419 = ORIENTED_EDGE('',*,*,#6420,.T.);
#6420 = EDGE_CURVE('',#6398,#6349,#6421,.T.);
#6421 = SURFACE_CURVE('',#6422,(#6426,#6433),.PCURVE_S1.);
#6422 = B_SPLINE_CURVE_WITH_KNOTS('',2,(#6423,#6424,#6425),
  .UNSPECIFIED.,.F.,.F.,(3,3),(0.,1.),.PIECEWISE_BEZIER_KNOTS.);
#6423 = CARTESIAN_POINT('',(1.905029296875,155.55895996093,3.4));
#6424 = CARTESIAN_POINT('',(2.136840820312,155.74792480468,3.4));
#6425 = CARTESIAN_POINT('',(2.488403320312,155.74792480468,3.4));
#6426 = PCURVE('',#2721,#6427);
#6427 = DEFINITIONAL_REPRESENTATION('',(#6428),#6432);
#6428 = LINE('',#6429,#6430);
#6429 = CARTESIAN_POINT('',(0.,-0.6));
#6430 = VECTOR('',#6431,1.);
#6431 = DIRECTION('',(1.,0.));
#6432 = ( GEOMETRIC_REPRESENTATION_CONTEXT(2) 
PARAMETRIC_REPRESENTATION_CONTEXT() REPRESENTATION_CONTEXT('2D SPACE',''
  ) );
#6433 = PCURVE('',#5968,#6434);
#6434 = DEFINITIONAL_REPRESENTATION('',(#6435),#6439);
#6435 = B_SPLINE_CURVE_WITH_KNOTS('',2,(#6436,#6437,#6438),
  .UNSPECIFIED.,.F.,.F.,(3,3),(0.,1.),.PIECEWISE_BEZIER_KNOTS.);
#6436 = CARTESIAN_POINT('',(0.653686523438,3.04541015625));
#6437 = CARTESIAN_POINT('',(0.885498046875,3.234375));
#6438 = CARTESIAN_POINT('',(1.237060546875,3.234375));
#6439 = ( GEOMETRIC_REPRESENTATION_CONTEXT(2) 
PARAMETRIC_REPRESENTATION_CONTEXT() REPRESENTATION_CONTEXT('2D SPACE',''
  ) );
#6440 = ORIENTED_EDGE('',*,*,#6348,.F.);
#6441 = ORIENTED_EDGE('',*,*,#2705,.F.);
#6442 = ADVANCED_FACE('',(#6443),#2691,.T.);
#6443 = FACE_BOUND('',#6444,.T.);
#6444 = EDGE_LOOP('',(#6445,#6468,#6489,#6490));
#6445 = ORIENTED_EDGE('',*,*,#6446,.T.);
#6446 = EDGE_CURVE('',#2646,#6447,#6449,.T.);
#6447 = VERTEX_POINT('',#6448);
#6448 = CARTESIAN_POINT('',(1.5556640625,155.02172851562,3.4));
#6449 = SURFACE_CURVE('',#6450,(#6454,#6461),.PCURVE_S1.);
#6450 = LINE('',#6451,#6452);
#6451 = CARTESIAN_POINT('',(1.5556640625,155.02172851562,4.));
#6452 = VECTOR('',#6453,1.);
#6453 = DIRECTION('',(-0.,-0.,-1.));
#6454 = PCURVE('',#2691,#6455);
#6455 = DEFINITIONAL_REPRESENTATION('',(#6456),#6460);
#6456 = LINE('',#6457,#6458);
#6457 = CARTESIAN_POINT('',(0.,0.));
#6458 = VECTOR('',#6459,1.);
#6459 = DIRECTION('',(0.,-1.));
#6460 = ( GEOMETRIC_REPRESENTATION_CONTEXT(2) 
PARAMETRIC_REPRESENTATION_CONTEXT() REPRESENTATION_CONTEXT('2D SPACE',''
  ) );
#6461 = PCURVE('',#2661,#6462);
#6462 = DEFINITIONAL_REPRESENTATION('',(#6463),#6467);
#6463 = LINE('',#6464,#6465);
#6464 = CARTESIAN_POINT('',(1.,0.));
#6465 = VECTOR('',#6466,1.);
#6466 = DIRECTION('',(0.,-1.));
#6467 = ( GEOMETRIC_REPRESENTATION_CONTEXT(2) 
PARAMETRIC_REPRESENTATION_CONTEXT() REPRESENTATION_CONTEXT('2D SPACE',''
  ) );
#6468 = ORIENTED_EDGE('',*,*,#6469,.T.);
#6469 = EDGE_CURVE('',#6447,#6398,#6470,.T.);
#6470 = SURFACE_CURVE('',#6471,(#6475,#6482),.PCURVE_S1.);
#6471 = B_SPLINE_CURVE_WITH_KNOTS('',2,(#6472,#6473,#6474),
  .UNSPECIFIED.,.F.,.F.,(3,3),(0.,1.),.PIECEWISE_BEZIER_KNOTS.);
#6472 = CARTESIAN_POINT('',(1.5556640625,155.02172851562,3.4));
#6473 = CARTESIAN_POINT('',(1.673217773438,155.36999511718,3.4));
#6474 = CARTESIAN_POINT('',(1.905029296875,155.55895996093,3.4));
#6475 = PCURVE('',#2691,#6476);
#6476 = DEFINITIONAL_REPRESENTATION('',(#6477),#6481);
#6477 = LINE('',#6478,#6479);
#6478 = CARTESIAN_POINT('',(0.,-0.6));
#6479 = VECTOR('',#6480,1.);
#6480 = DIRECTION('',(1.,0.));
#6481 = ( GEOMETRIC_REPRESENTATION_CONTEXT(2) 
PARAMETRIC_REPRESENTATION_CONTEXT() REPRESENTATION_CONTEXT('2D SPACE',''
  ) );
#6482 = PCURVE('',#5968,#6483);
#6483 = DEFINITIONAL_REPRESENTATION('',(#6484),#6488);
#6484 = B_SPLINE_CURVE_WITH_KNOTS('',2,(#6485,#6486,#6487),
  .UNSPECIFIED.,.F.,.F.,(3,3),(0.,1.),.PIECEWISE_BEZIER_KNOTS.);
#6485 = CARTESIAN_POINT('',(0.304321289062,2.508178710938));
#6486 = CARTESIAN_POINT('',(0.421875,2.8564453125));
#6487 = CARTESIAN_POINT('',(0.653686523438,3.04541015625));
#6488 = ( GEOMETRIC_REPRESENTATION_CONTEXT(2) 
PARAMETRIC_REPRESENTATION_CONTEXT() REPRESENTATION_CONTEXT('2D SPACE',''
  ) );
#6489 = ORIENTED_EDGE('',*,*,#6397,.F.);
#6490 = ORIENTED_EDGE('',*,*,#2675,.F.);
#6491 = ADVANCED_FACE('',(#6492),#2661,.T.);
#6492 = FACE_BOUND('',#6493,.T.);
#6493 = EDGE_LOOP('',(#6494,#6495,#6516,#6517));
#6494 = ORIENTED_EDGE('',*,*,#5980,.T.);
#6495 = ORIENTED_EDGE('',*,*,#6496,.T.);
#6496 = EDGE_CURVE('',#5953,#6447,#6497,.T.);
#6497 = SURFACE_CURVE('',#6498,(#6502,#6509),.PCURVE_S1.);
#6498 = B_SPLINE_CURVE_WITH_KNOTS('',2,(#6499,#6500,#6501),
  .UNSPECIFIED.,.F.,.F.,(3,3),(0.,1.),.PIECEWISE_BEZIER_KNOTS.);
#6499 = CARTESIAN_POINT('',(1.438110351562,154.10217285156,3.4));
#6500 = CARTESIAN_POINT('',(1.438110351562,154.67346191406,3.4));
#6501 = CARTESIAN_POINT('',(1.5556640625,155.02172851562,3.4));
#6502 = PCURVE('',#2661,#6503);
#6503 = DEFINITIONAL_REPRESENTATION('',(#6504),#6508);
#6504 = LINE('',#6505,#6506);
#6505 = CARTESIAN_POINT('',(0.,-0.6));
#6506 = VECTOR('',#6507,1.);
#6507 = DIRECTION('',(1.,0.));
#6508 = ( GEOMETRIC_REPRESENTATION_CONTEXT(2) 
PARAMETRIC_REPRESENTATION_CONTEXT() REPRESENTATION_CONTEXT('2D SPACE',''
  ) );
#6509 = PCURVE('',#5968,#6510);
#6510 = DEFINITIONAL_REPRESENTATION('',(#6511),#6515);
#6511 = B_SPLINE_CURVE_WITH_KNOTS('',2,(#6512,#6513,#6514),
  .UNSPECIFIED.,.F.,.F.,(3,3),(0.,1.),.PIECEWISE_BEZIER_KNOTS.);
#6512 = CARTESIAN_POINT('',(0.186767578125,1.588623046875));
#6513 = CARTESIAN_POINT('',(0.186767578125,2.159912109375));
#6514 = CARTESIAN_POINT('',(0.304321289062,2.508178710938));
#6515 = ( GEOMETRIC_REPRESENTATION_CONTEXT(2) 
PARAMETRIC_REPRESENTATION_CONTEXT() REPRESENTATION_CONTEXT('2D SPACE',''
  ) );
#6516 = ORIENTED_EDGE('',*,*,#6446,.F.);
#6517 = ORIENTED_EDGE('',*,*,#2645,.F.);
#6518 = ADVANCED_FACE('',(#6519,#6522),#3243,.T.);
#6519 = FACE_BOUND('',#6520,.T.);
#6520 = EDGE_LOOP('',(#6521));
#6521 = ORIENTED_EDGE('',*,*,#4269,.T.);
#6522 = FACE_BOUND('',#6523,.T.);
#6523 = EDGE_LOOP('',(#6524));
#6524 = ORIENTED_EDGE('',*,*,#3228,.T.);
#6525 = ADVANCED_FACE('',(#6526,#6529),#3410,.T.);
#6526 = FACE_BOUND('',#6527,.T.);
#6527 = EDGE_LOOP('',(#6528));
#6528 = ORIENTED_EDGE('',*,*,#5902,.T.);
#6529 = FACE_BOUND('',#6530,.T.);
#6530 = EDGE_LOOP('',(#6531));
#6531 = ORIENTED_EDGE('',*,*,#3395,.T.);
#6532 = ADVANCED_FACE('',(#6533,#6551,#6793),#3496,.T.);
#6533 = FACE_BOUND('',#6534,.F.);
#6534 = EDGE_LOOP('',(#6535,#6536,#6537,#6538,#6539,#6540,#6541,#6542,
    #6543,#6544,#6545,#6546,#6547,#6548,#6549,#6550));
#6535 = ORIENTED_EDGE('',*,*,#3583,.T.);
#6536 = ORIENTED_EDGE('',*,*,#3681,.T.);
#6537 = ORIENTED_EDGE('',*,*,#3779,.T.);
#6538 = ORIENTED_EDGE('',*,*,#3877,.T.);
#6539 = ORIENTED_EDGE('',*,*,#3975,.T.);
#6540 = ORIENTED_EDGE('',*,*,#4073,.T.);
#6541 = ORIENTED_EDGE('',*,*,#4171,.T.);
#6542 = ORIENTED_EDGE('',*,*,#4220,.T.);
#6543 = ORIENTED_EDGE('',*,*,#4144,.T.);
#6544 = ORIENTED_EDGE('',*,*,#4046,.T.);
#6545 = ORIENTED_EDGE('',*,*,#3948,.T.);
#6546 = ORIENTED_EDGE('',*,*,#3850,.T.);
#6547 = ORIENTED_EDGE('',*,*,#3752,.T.);
#6548 = ORIENTED_EDGE('',*,*,#3654,.T.);
#6549 = ORIENTED_EDGE('',*,*,#3556,.T.);
#6550 = ORIENTED_EDGE('',*,*,#3480,.T.);
#6551 = FACE_BOUND('',#6552,.F.);
#6552 = EDGE_LOOP('',(#6553,#6585,#6615,#6645,#6675,#6705,#6735,#6765));
#6553 = ORIENTED_EDGE('',*,*,#6554,.T.);
#6554 = EDGE_CURVE('',#6555,#6557,#6559,.T.);
#6555 = VERTEX_POINT('',#6556);
#6556 = CARTESIAN_POINT('',(-1.786376953125,95.930541992188,3.4));
#6557 = VERTEX_POINT('',#6558);
#6558 = CARTESIAN_POINT('',(-1.63916015625,95.557006835938,3.4));
#6559 = SURFACE_CURVE('',#6560,(#6564,#6571),.PCURVE_S1.);
#6560 = B_SPLINE_CURVE_WITH_KNOTS('',2,(#6561,#6562,#6563),
  .UNSPECIFIED.,.F.,.F.,(3,3),(0.,1.),.PIECEWISE_BEZIER_KNOTS.);
#6561 = CARTESIAN_POINT('',(-1.786376953125,95.930541992188,3.4));
#6562 = CARTESIAN_POINT('',(-1.786376953125,95.702026367188,3.4));
#6563 = CARTESIAN_POINT('',(-1.63916015625,95.557006835938,3.4));
#6564 = PCURVE('',#3496,#6565);
#6565 = DEFINITIONAL_REPRESENTATION('',(#6566),#6570);
#6566 = B_SPLINE_CURVE_WITH_KNOTS('',2,(#6567,#6568,#6569),
  .UNSPECIFIED.,.F.,.F.,(3,3),(0.,1.),.PIECEWISE_BEZIER_KNOTS.);
#6567 = CARTESIAN_POINT('',(0.71630859375,2.4169921875));
#6568 = CARTESIAN_POINT('',(0.71630859375,2.1884765625));
#6569 = CARTESIAN_POINT('',(0.863525390625,2.04345703125));
#6570 = ( GEOMETRIC_REPRESENTATION_CONTEXT(2) 
PARAMETRIC_REPRESENTATION_CONTEXT() REPRESENTATION_CONTEXT('2D SPACE',''
  ) );
#6571 = PCURVE('',#6572,#6579);
#6572 = SURFACE_OF_LINEAR_EXTRUSION('',#6573,#6577);
#6573 = B_SPLINE_CURVE_WITH_KNOTS('',2,(#6574,#6575,#6576),
  .UNSPECIFIED.,.F.,.F.,(3,3),(0.,1.),.PIECEWISE_BEZIER_KNOTS.);
#6574 = CARTESIAN_POINT('',(-1.786376953125,95.930541992188,4.));
#6575 = CARTESIAN_POINT('',(-1.786376953125,95.702026367188,4.));
#6576 = CARTESIAN_POINT('',(-1.63916015625,95.557006835938,4.));
#6577 = VECTOR('',#6578,1.);
#6578 = DIRECTION('',(0.,0.,1.));
#6579 = DEFINITIONAL_REPRESENTATION('',(#6580),#6584);
#6580 = LINE('',#6581,#6582);
#6581 = CARTESIAN_POINT('',(0.,-0.6));
#6582 = VECTOR('',#6583,1.);
#6583 = DIRECTION('',(1.,0.));
#6584 = ( GEOMETRIC_REPRESENTATION_CONTEXT(2) 
PARAMETRIC_REPRESENTATION_CONTEXT() REPRESENTATION_CONTEXT('2D SPACE',''
  ) );
#6585 = ORIENTED_EDGE('',*,*,#6586,.T.);
#6586 = EDGE_CURVE('',#6557,#6587,#6589,.T.);
#6587 = VERTEX_POINT('',#6588);
#6588 = CARTESIAN_POINT('',(-1.2568359375,95.411987304688,3.4));
#6589 = SURFACE_CURVE('',#6590,(#6594,#6601),.PCURVE_S1.);
#6590 = B_SPLINE_CURVE_WITH_KNOTS('',2,(#6591,#6592,#6593),
  .UNSPECIFIED.,.F.,.F.,(3,3),(0.,1.),.PIECEWISE_BEZIER_KNOTS.);
#6591 = CARTESIAN_POINT('',(-1.63916015625,95.557006835938,3.4));
#6592 = CARTESIAN_POINT('',(-1.491943359375,95.411987304688,3.4));
#6593 = CARTESIAN_POINT('',(-1.2568359375,95.411987304688,3.4));
#6594 = PCURVE('',#3496,#6595);
#6595 = DEFINITIONAL_REPRESENTATION('',(#6596),#6600);
#6596 = B_SPLINE_CURVE_WITH_KNOTS('',2,(#6597,#6598,#6599),
  .UNSPECIFIED.,.F.,.F.,(3,3),(0.,1.),.PIECEWISE_BEZIER_KNOTS.);
#6597 = CARTESIAN_POINT('',(0.863525390625,2.04345703125));
#6598 = CARTESIAN_POINT('',(1.0107421875,1.8984375));
#6599 = CARTESIAN_POINT('',(1.245849609375,1.8984375));
#6600 = ( GEOMETRIC_REPRESENTATION_CONTEXT(2) 
PARAMETRIC_REPRESENTATION_CONTEXT() REPRESENTATION_CONTEXT('2D SPACE',''
  ) );
#6601 = PCURVE('',#6602,#6609);
#6602 = SURFACE_OF_LINEAR_EXTRUSION('',#6603,#6607);
#6603 = B_SPLINE_CURVE_WITH_KNOTS('',2,(#6604,#6605,#6606),
  .UNSPECIFIED.,.F.,.F.,(3,3),(0.,1.),.PIECEWISE_BEZIER_KNOTS.);
#6604 = CARTESIAN_POINT('',(-1.63916015625,95.557006835938,4.));
#6605 = CARTESIAN_POINT('',(-1.491943359375,95.411987304688,4.));
#6606 = CARTESIAN_POINT('',(-1.2568359375,95.411987304688,4.));
#6607 = VECTOR('',#6608,1.);
#6608 = DIRECTION('',(0.,0.,1.));
#6609 = DEFINITIONAL_REPRESENTATION('',(#6610),#6614);
#6610 = LINE('',#6611,#6612);
#6611 = CARTESIAN_POINT('',(0.,-0.6));
#6612 = VECTOR('',#6613,1.);
#6613 = DIRECTION('',(1.,0.));
#6614 = ( GEOMETRIC_REPRESENTATION_CONTEXT(2) 
PARAMETRIC_REPRESENTATION_CONTEXT() REPRESENTATION_CONTEXT('2D SPACE',''
  ) );
#6615 = ORIENTED_EDGE('',*,*,#6616,.T.);
#6616 = EDGE_CURVE('',#6587,#6617,#6619,.T.);
#6617 = VERTEX_POINT('',#6618);
#6618 = CARTESIAN_POINT('',(-0.882202148438,95.555908203125,3.4));
#6619 = SURFACE_CURVE('',#6620,(#6624,#6631),.PCURVE_S1.);
#6620 = B_SPLINE_CURVE_WITH_KNOTS('',2,(#6621,#6622,#6623),
  .UNSPECIFIED.,.F.,.F.,(3,3),(0.,1.),.PIECEWISE_BEZIER_KNOTS.);
#6621 = CARTESIAN_POINT('',(-1.2568359375,95.411987304688,3.4));
#6622 = CARTESIAN_POINT('',(-1.0283203125,95.411987304688,3.4));
#6623 = CARTESIAN_POINT('',(-0.882202148438,95.555908203125,3.4));
#6624 = PCURVE('',#3496,#6625);
#6625 = DEFINITIONAL_REPRESENTATION('',(#6626),#6630);
#6626 = B_SPLINE_CURVE_WITH_KNOTS('',2,(#6627,#6628,#6629),
  .UNSPECIFIED.,.F.,.F.,(3,3),(0.,1.),.PIECEWISE_BEZIER_KNOTS.);
#6627 = CARTESIAN_POINT('',(1.245849609375,1.8984375));
#6628 = CARTESIAN_POINT('',(1.474365234375,1.8984375));
#6629 = CARTESIAN_POINT('',(1.620483398438,2.042358398438));
#6630 = ( GEOMETRIC_REPRESENTATION_CONTEXT(2) 
PARAMETRIC_REPRESENTATION_CONTEXT() REPRESENTATION_CONTEXT('2D SPACE',''
  ) );
#6631 = PCURVE('',#6632,#6639);
#6632 = SURFACE_OF_LINEAR_EXTRUSION('',#6633,#6637);
#6633 = B_SPLINE_CURVE_WITH_KNOTS('',2,(#6634,#6635,#6636),
  .UNSPECIFIED.,.F.,.F.,(3,3),(0.,1.),.PIECEWISE_BEZIER_KNOTS.);
#6634 = CARTESIAN_POINT('',(-1.2568359375,95.411987304688,4.));
#6635 = CARTESIAN_POINT('',(-1.0283203125,95.411987304688,4.));
#6636 = CARTESIAN_POINT('',(-0.882202148438,95.555908203125,4.));
#6637 = VECTOR('',#6638,1.);
#6638 = DIRECTION('',(0.,0.,1.));
#6639 = DEFINITIONAL_REPRESENTATION('',(#6640),#6644);
#6640 = LINE('',#6641,#6642);
#6641 = CARTESIAN_POINT('',(0.,-0.6));
#6642 = VECTOR('',#6643,1.);
#6643 = DIRECTION('',(1.,0.));
#6644 = ( GEOMETRIC_REPRESENTATION_CONTEXT(2) 
PARAMETRIC_REPRESENTATION_CONTEXT() REPRESENTATION_CONTEXT('2D SPACE',''
  ) );
#6645 = ORIENTED_EDGE('',*,*,#6646,.T.);
#6646 = EDGE_CURVE('',#6617,#6647,#6649,.T.);
#6647 = VERTEX_POINT('',#6648);
#6648 = CARTESIAN_POINT('',(-0.736083984375,95.908569335938,3.4));
#6649 = SURFACE_CURVE('',#6650,(#6654,#6661),.PCURVE_S1.);
#6650 = B_SPLINE_CURVE_WITH_KNOTS('',2,(#6651,#6652,#6653),
  .UNSPECIFIED.,.F.,.F.,(3,3),(0.,1.),.PIECEWISE_BEZIER_KNOTS.);
#6651 = CARTESIAN_POINT('',(-0.882202148438,95.555908203125,3.4));
#6652 = CARTESIAN_POINT('',(-0.736083984375,95.699829101562,3.4));
#6653 = CARTESIAN_POINT('',(-0.736083984375,95.908569335938,3.4));
#6654 = PCURVE('',#3496,#6655);
#6655 = DEFINITIONAL_REPRESENTATION('',(#6656),#6660);
#6656 = B_SPLINE_CURVE_WITH_KNOTS('',2,(#6657,#6658,#6659),
  .UNSPECIFIED.,.F.,.F.,(3,3),(0.,1.),.PIECEWISE_BEZIER_KNOTS.);
#6657 = CARTESIAN_POINT('',(1.620483398438,2.042358398438));
#6658 = CARTESIAN_POINT('',(1.7666015625,2.186279296875));
#6659 = CARTESIAN_POINT('',(1.7666015625,2.39501953125));
#6660 = ( GEOMETRIC_REPRESENTATION_CONTEXT(2) 
PARAMETRIC_REPRESENTATION_CONTEXT() REPRESENTATION_CONTEXT('2D SPACE',''
  ) );
#6661 = PCURVE('',#6662,#6669);
#6662 = SURFACE_OF_LINEAR_EXTRUSION('',#6663,#6667);
#6663 = B_SPLINE_CURVE_WITH_KNOTS('',2,(#6664,#6665,#6666),
  .UNSPECIFIED.,.F.,.F.,(3,3),(0.,1.),.PIECEWISE_BEZIER_KNOTS.);
#6664 = CARTESIAN_POINT('',(-0.882202148438,95.555908203125,4.));
#6665 = CARTESIAN_POINT('',(-0.736083984375,95.699829101562,4.));
#6666 = CARTESIAN_POINT('',(-0.736083984375,95.908569335938,4.));
#6667 = VECTOR('',#6668,1.);
#6668 = DIRECTION('',(0.,0.,1.));
#6669 = DEFINITIONAL_REPRESENTATION('',(#6670),#6674);
#6670 = LINE('',#6671,#6672);
#6671 = CARTESIAN_POINT('',(0.,-0.6));
#6672 = VECTOR('',#6673,1.);
#6673 = DIRECTION('',(1.,0.));
#6674 = ( GEOMETRIC_REPRESENTATION_CONTEXT(2) 
PARAMETRIC_REPRESENTATION_CONTEXT() REPRESENTATION_CONTEXT('2D SPACE',''
  ) );
#6675 = ORIENTED_EDGE('',*,*,#6676,.T.);
#6676 = EDGE_CURVE('',#6647,#6677,#6679,.T.);
#6677 = VERTEX_POINT('',#6678);
#6678 = CARTESIAN_POINT('',(-0.886596679688,96.2744140625,3.4));
#6679 = SURFACE_CURVE('',#6680,(#6684,#6691),.PCURVE_S1.);
#6680 = B_SPLINE_CURVE_WITH_KNOTS('',2,(#6681,#6682,#6683),
  .UNSPECIFIED.,.F.,.F.,(3,3),(0.,1.),.PIECEWISE_BEZIER_KNOTS.);
#6681 = CARTESIAN_POINT('',(-0.736083984375,95.908569335938,3.4));
#6682 = CARTESIAN_POINT('',(-0.736083984375,96.126098632812,3.4));
#6683 = CARTESIAN_POINT('',(-0.886596679688,96.2744140625,3.4));
#6684 = PCURVE('',#3496,#6685);
#6685 = DEFINITIONAL_REPRESENTATION('',(#6686),#6690);
#6686 = B_SPLINE_CURVE_WITH_KNOTS('',2,(#6687,#6688,#6689),
  .UNSPECIFIED.,.F.,.F.,(3,3),(0.,1.),.PIECEWISE_BEZIER_KNOTS.);
#6687 = CARTESIAN_POINT('',(1.7666015625,2.39501953125));
#6688 = CARTESIAN_POINT('',(1.7666015625,2.612548828125));
#6689 = CARTESIAN_POINT('',(1.616088867188,2.760864257812));
#6690 = ( GEOMETRIC_REPRESENTATION_CONTEXT(2) 
PARAMETRIC_REPRESENTATION_CONTEXT() REPRESENTATION_CONTEXT('2D SPACE',''
  ) );
#6691 = PCURVE('',#6692,#6699);
#6692 = SURFACE_OF_LINEAR_EXTRUSION('',#6693,#6697);
#6693 = B_SPLINE_CURVE_WITH_KNOTS('',2,(#6694,#6695,#6696),
  .UNSPECIFIED.,.F.,.F.,(3,3),(0.,1.),.PIECEWISE_BEZIER_KNOTS.);
#6694 = CARTESIAN_POINT('',(-0.736083984375,95.908569335938,4.));
#6695 = CARTESIAN_POINT('',(-0.736083984375,96.126098632812,4.));
#6696 = CARTESIAN_POINT('',(-0.886596679688,96.2744140625,4.));
#6697 = VECTOR('',#6698,1.);
#6698 = DIRECTION('',(0.,0.,1.));
#6699 = DEFINITIONAL_REPRESENTATION('',(#6700),#6704);
#6700 = LINE('',#6701,#6702);
#6701 = CARTESIAN_POINT('',(0.,-0.6));
#6702 = VECTOR('',#6703,1.);
#6703 = DIRECTION('',(1.,0.));
#6704 = ( GEOMETRIC_REPRESENTATION_CONTEXT(2) 
PARAMETRIC_REPRESENTATION_CONTEXT() REPRESENTATION_CONTEXT('2D SPACE',''
  ) );
#6705 = ORIENTED_EDGE('',*,*,#6706,.T.);
#6706 = EDGE_CURVE('',#6677,#6707,#6709,.T.);
#6707 = VERTEX_POINT('',#6708);
#6708 = CARTESIAN_POINT('',(-1.26123046875,96.422729492188,3.4));
#6709 = SURFACE_CURVE('',#6710,(#6714,#6721),.PCURVE_S1.);
#6710 = B_SPLINE_CURVE_WITH_KNOTS('',2,(#6711,#6712,#6713),
  .UNSPECIFIED.,.F.,.F.,(3,3),(0.,1.),.PIECEWISE_BEZIER_KNOTS.);
#6711 = CARTESIAN_POINT('',(-0.886596679688,96.2744140625,3.4));
#6712 = CARTESIAN_POINT('',(-1.037109375,96.422729492188,3.4));
#6713 = CARTESIAN_POINT('',(-1.26123046875,96.422729492188,3.4));
#6714 = PCURVE('',#3496,#6715);
#6715 = DEFINITIONAL_REPRESENTATION('',(#6716),#6720);
#6716 = B_SPLINE_CURVE_WITH_KNOTS('',2,(#6717,#6718,#6719),
  .UNSPECIFIED.,.F.,.F.,(3,3),(0.,1.),.PIECEWISE_BEZIER_KNOTS.);
#6717 = CARTESIAN_POINT('',(1.616088867188,2.760864257812));
#6718 = CARTESIAN_POINT('',(1.465576171875,2.9091796875));
#6719 = CARTESIAN_POINT('',(1.241455078125,2.9091796875));
#6720 = ( GEOMETRIC_REPRESENTATION_CONTEXT(2) 
PARAMETRIC_REPRESENTATION_CONTEXT() REPRESENTATION_CONTEXT('2D SPACE',''
  ) );
#6721 = PCURVE('',#6722,#6729);
#6722 = SURFACE_OF_LINEAR_EXTRUSION('',#6723,#6727);
#6723 = B_SPLINE_CURVE_WITH_KNOTS('',2,(#6724,#6725,#6726),
  .UNSPECIFIED.,.F.,.F.,(3,3),(0.,1.),.PIECEWISE_BEZIER_KNOTS.);
#6724 = CARTESIAN_POINT('',(-0.886596679688,96.2744140625,4.));
#6725 = CARTESIAN_POINT('',(-1.037109375,96.422729492188,4.));
#6726 = CARTESIAN_POINT('',(-1.26123046875,96.422729492188,4.));
#6727 = VECTOR('',#6728,1.);
#6728 = DIRECTION('',(0.,0.,1.));
#6729 = DEFINITIONAL_REPRESENTATION('',(#6730),#6734);
#6730 = LINE('',#6731,#6732);
#6731 = CARTESIAN_POINT('',(0.,-0.6));
#6732 = VECTOR('',#6733,1.);
#6733 = DIRECTION('',(1.,0.));
#6734 = ( GEOMETRIC_REPRESENTATION_CONTEXT(2) 
PARAMETRIC_REPRESENTATION_CONTEXT() REPRESENTATION_CONTEXT('2D SPACE',''
  ) );
#6735 = ORIENTED_EDGE('',*,*,#6736,.T.);
#6736 = EDGE_CURVE('',#6707,#6737,#6739,.T.);
#6737 = VERTEX_POINT('',#6738);
#6738 = CARTESIAN_POINT('',(-1.636962890625,96.277709960938,3.4));
#6739 = SURFACE_CURVE('',#6740,(#6744,#6751),.PCURVE_S1.);
#6740 = B_SPLINE_CURVE_WITH_KNOTS('',2,(#6741,#6742,#6743),
  .UNSPECIFIED.,.F.,.F.,(3,3),(0.,1.),.PIECEWISE_BEZIER_KNOTS.);
#6741 = CARTESIAN_POINT('',(-1.26123046875,96.422729492188,3.4));
#6742 = CARTESIAN_POINT('',(-1.487548828125,96.422729492188,3.4));
#6743 = CARTESIAN_POINT('',(-1.636962890625,96.277709960938,3.4));
#6744 = PCURVE('',#3496,#6745);
#6745 = DEFINITIONAL_REPRESENTATION('',(#6746),#6750);
#6746 = B_SPLINE_CURVE_WITH_KNOTS('',2,(#6747,#6748,#6749),
  .UNSPECIFIED.,.F.,.F.,(3,3),(0.,1.),.PIECEWISE_BEZIER_KNOTS.);
#6747 = CARTESIAN_POINT('',(1.241455078125,2.9091796875));
#6748 = CARTESIAN_POINT('',(1.01513671875,2.9091796875));
#6749 = CARTESIAN_POINT('',(0.86572265625,2.76416015625));
#6750 = ( GEOMETRIC_REPRESENTATION_CONTEXT(2) 
PARAMETRIC_REPRESENTATION_CONTEXT() REPRESENTATION_CONTEXT('2D SPACE',''
  ) );
#6751 = PCURVE('',#6752,#6759);
#6752 = SURFACE_OF_LINEAR_EXTRUSION('',#6753,#6757);
#6753 = B_SPLINE_CURVE_WITH_KNOTS('',2,(#6754,#6755,#6756),
  .UNSPECIFIED.,.F.,.F.,(3,3),(0.,1.),.PIECEWISE_BEZIER_KNOTS.);
#6754 = CARTESIAN_POINT('',(-1.26123046875,96.422729492188,4.));
#6755 = CARTESIAN_POINT('',(-1.487548828125,96.422729492188,4.));
#6756 = CARTESIAN_POINT('',(-1.636962890625,96.277709960938,4.));
#6757 = VECTOR('',#6758,1.);
#6758 = DIRECTION('',(0.,0.,1.));
#6759 = DEFINITIONAL_REPRESENTATION('',(#6760),#6764);
#6760 = LINE('',#6761,#6762);
#6761 = CARTESIAN_POINT('',(0.,-0.6));
#6762 = VECTOR('',#6763,1.);
#6763 = DIRECTION('',(1.,0.));
#6764 = ( GEOMETRIC_REPRESENTATION_CONTEXT(2) 
PARAMETRIC_REPRESENTATION_CONTEXT() REPRESENTATION_CONTEXT('2D SPACE',''
  ) );
#6765 = ORIENTED_EDGE('',*,*,#6766,.T.);
#6766 = EDGE_CURVE('',#6737,#6555,#6767,.T.);
#6767 = SURFACE_CURVE('',#6768,(#6772,#6779),.PCURVE_S1.);
#6768 = B_SPLINE_CURVE_WITH_KNOTS('',2,(#6769,#6770,#6771),
  .UNSPECIFIED.,.F.,.F.,(3,3),(0.,1.),.PIECEWISE_BEZIER_KNOTS.);
#6769 = CARTESIAN_POINT('',(-1.636962890625,96.277709960938,3.4));
#6770 = CARTESIAN_POINT('',(-1.786376953125,96.132690429688,3.4));
#6771 = CARTESIAN_POINT('',(-1.786376953125,95.930541992188,3.4));
#6772 = PCURVE('',#3496,#6773);
#6773 = DEFINITIONAL_REPRESENTATION('',(#6774),#6778);
#6774 = B_SPLINE_CURVE_WITH_KNOTS('',2,(#6775,#6776,#6777),
  .UNSPECIFIED.,.F.,.F.,(3,3),(0.,1.),.PIECEWISE_BEZIER_KNOTS.);
#6775 = CARTESIAN_POINT('',(0.86572265625,2.76416015625));
#6776 = CARTESIAN_POINT('',(0.71630859375,2.619140625));
#6777 = CARTESIAN_POINT('',(0.71630859375,2.4169921875));
#6778 = ( GEOMETRIC_REPRESENTATION_CONTEXT(2) 
PARAMETRIC_REPRESENTATION_CONTEXT() REPRESENTATION_CONTEXT('2D SPACE',''
  ) );
#6779 = PCURVE('',#6780,#6787);
#6780 = SURFACE_OF_LINEAR_EXTRUSION('',#6781,#6785);
#6781 = B_SPLINE_CURVE_WITH_KNOTS('',2,(#6782,#6783,#6784),
  .UNSPECIFIED.,.F.,.F.,(3,3),(0.,1.),.PIECEWISE_BEZIER_KNOTS.);
#6782 = CARTESIAN_POINT('',(-1.636962890625,96.277709960938,4.));
#6783 = CARTESIAN_POINT('',(-1.786376953125,96.132690429688,4.));
#6784 = CARTESIAN_POINT('',(-1.786376953125,95.930541992188,4.));
#6785 = VECTOR('',#6786,1.);
#6786 = DIRECTION('',(0.,0.,1.));
#6787 = DEFINITIONAL_REPRESENTATION('',(#6788),#6792);
#6788 = LINE('',#6789,#6790);
#6789 = CARTESIAN_POINT('',(0.,-0.6));
#6790 = VECTOR('',#6791,1.);
#6791 = DIRECTION('',(1.,0.));
#6792 = ( GEOMETRIC_REPRESENTATION_CONTEXT(2) 
PARAMETRIC_REPRESENTATION_CONTEXT() REPRESENTATION_CONTEXT('2D SPACE',''
  ) );
#6793 = FACE_BOUND('',#6794,.F.);
#6794 = EDGE_LOOP('',(#6795,#6827,#6857,#6887,#6917,#6947,#6977,#7007,
    #7037));
#6795 = ORIENTED_EDGE('',*,*,#6796,.T.);
#6796 = EDGE_CURVE('',#6797,#6799,#6801,.T.);
#6797 = VERTEX_POINT('',#6798);
#6798 = CARTESIAN_POINT('',(-1.913818359375,94.442993164062,3.4));
#6799 = VERTEX_POINT('',#6800);
#6800 = CARTESIAN_POINT('',(-1.833618164062,94.115600585938,3.4));
#6801 = SURFACE_CURVE('',#6802,(#6806,#6813),.PCURVE_S1.);
#6802 = B_SPLINE_CURVE_WITH_KNOTS('',2,(#6803,#6804,#6805),
  .UNSPECIFIED.,.F.,.F.,(3,3),(0.,1.),.PIECEWISE_BEZIER_KNOTS.);
#6803 = CARTESIAN_POINT('',(-1.913818359375,94.442993164062,3.4));
#6804 = CARTESIAN_POINT('',(-1.913818359375,94.273803710938,3.4));
#6805 = CARTESIAN_POINT('',(-1.833618164062,94.115600585938,3.4));
#6806 = PCURVE('',#3496,#6807);
#6807 = DEFINITIONAL_REPRESENTATION('',(#6808),#6812);
#6808 = B_SPLINE_CURVE_WITH_KNOTS('',2,(#6809,#6810,#6811),
  .UNSPECIFIED.,.F.,.F.,(3,3),(0.,1.),.PIECEWISE_BEZIER_KNOTS.);
#6809 = CARTESIAN_POINT('',(0.5888671875,0.929443359375));
#6810 = CARTESIAN_POINT('',(0.5888671875,0.76025390625));
#6811 = CARTESIAN_POINT('',(0.669067382812,0.60205078125));
#6812 = ( GEOMETRIC_REPRESENTATION_CONTEXT(2) 
PARAMETRIC_REPRESENTATION_CONTEXT() REPRESENTATION_CONTEXT('2D SPACE',''
  ) );
#6813 = PCURVE('',#6814,#6821);
#6814 = SURFACE_OF_LINEAR_EXTRUSION('',#6815,#6819);
#6815 = B_SPLINE_CURVE_WITH_KNOTS('',2,(#6816,#6817,#6818),
  .UNSPECIFIED.,.F.,.F.,(3,3),(0.,1.),.PIECEWISE_BEZIER_KNOTS.);
#6816 = CARTESIAN_POINT('',(-1.913818359375,94.442993164062,4.));
#6817 = CARTESIAN_POINT('',(-1.913818359375,94.273803710938,4.));
#6818 = CARTESIAN_POINT('',(-1.833618164062,94.115600585938,4.));
#6819 = VECTOR('',#6820,1.);
#6820 = DIRECTION('',(0.,0.,1.));
#6821 = DEFINITIONAL_REPRESENTATION('',(#6822),#6826);
#6822 = LINE('',#6823,#6824);
#6823 = CARTESIAN_POINT('',(0.,-0.6));
#6824 = VECTOR('',#6825,1.);
#6825 = DIRECTION('',(1.,0.));
#6826 = ( GEOMETRIC_REPRESENTATION_CONTEXT(2) 
PARAMETRIC_REPRESENTATION_CONTEXT() REPRESENTATION_CONTEXT('2D SPACE',''
  ) );
#6827 = ORIENTED_EDGE('',*,*,#6828,.T.);
#6828 = EDGE_CURVE('',#6799,#6829,#6831,.T.);
#6829 = VERTEX_POINT('',#6830);
#6830 = CARTESIAN_POINT('',(-1.59521484375,93.87060546875,3.4));
#6831 = SURFACE_CURVE('',#6832,(#6836,#6843),.PCURVE_S1.);
#6832 = B_SPLINE_CURVE_WITH_KNOTS('',2,(#6833,#6834,#6835),
  .UNSPECIFIED.,.F.,.F.,(3,3),(0.,1.),.PIECEWISE_BEZIER_KNOTS.);
#6833 = CARTESIAN_POINT('',(-1.833618164062,94.115600585938,3.4));
#6834 = CARTESIAN_POINT('',(-1.75341796875,93.957397460938,3.4));
#6835 = CARTESIAN_POINT('',(-1.59521484375,93.87060546875,3.4));
#6836 = PCURVE('',#3496,#6837);
#6837 = DEFINITIONAL_REPRESENTATION('',(#6838),#6842);
#6838 = B_SPLINE_CURVE_WITH_KNOTS('',2,(#6839,#6840,#6841),
  .UNSPECIFIED.,.F.,.F.,(3,3),(0.,1.),.PIECEWISE_BEZIER_KNOTS.);
#6839 = CARTESIAN_POINT('',(0.669067382812,0.60205078125));
#6840 = CARTESIAN_POINT('',(0.749267578125,0.44384765625));
#6841 = CARTESIAN_POINT('',(0.907470703125,0.357055664062));
#6842 = ( GEOMETRIC_REPRESENTATION_CONTEXT(2) 
PARAMETRIC_REPRESENTATION_CONTEXT() REPRESENTATION_CONTEXT('2D SPACE',''
  ) );
#6843 = PCURVE('',#6844,#6851);
#6844 = SURFACE_OF_LINEAR_EXTRUSION('',#6845,#6849);
#6845 = B_SPLINE_CURVE_WITH_KNOTS('',2,(#6846,#6847,#6848),
  .UNSPECIFIED.,.F.,.F.,(3,3),(0.,1.),.PIECEWISE_BEZIER_KNOTS.);
#6846 = CARTESIAN_POINT('',(-1.833618164062,94.115600585938,4.));
#6847 = CARTESIAN_POINT('',(-1.75341796875,93.957397460938,4.));
#6848 = CARTESIAN_POINT('',(-1.59521484375,93.87060546875,4.));
#6849 = VECTOR('',#6850,1.);
#6850 = DIRECTION('',(0.,0.,1.));
#6851 = DEFINITIONAL_REPRESENTATION('',(#6852),#6856);
#6852 = LINE('',#6853,#6854);
#6853 = CARTESIAN_POINT('',(0.,-0.6));
#6854 = VECTOR('',#6855,1.);
#6855 = DIRECTION('',(1.,0.));
#6856 = ( GEOMETRIC_REPRESENTATION_CONTEXT(2) 
PARAMETRIC_REPRESENTATION_CONTEXT() REPRESENTATION_CONTEXT('2D SPACE',''
  ) );
#6857 = ORIENTED_EDGE('',*,*,#6858,.T.);
#6858 = EDGE_CURVE('',#6829,#6859,#6861,.T.);
#6859 = VERTEX_POINT('',#6860);
#6860 = CARTESIAN_POINT('',(-1.254638671875,93.783813476562,3.4));
#6861 = SURFACE_CURVE('',#6862,(#6866,#6873),.PCURVE_S1.);
#6862 = B_SPLINE_CURVE_WITH_KNOTS('',2,(#6863,#6864,#6865),
  .UNSPECIFIED.,.F.,.F.,(3,3),(0.,1.),.PIECEWISE_BEZIER_KNOTS.);
#6863 = CARTESIAN_POINT('',(-1.59521484375,93.87060546875,3.4));
#6864 = CARTESIAN_POINT('',(-1.43701171875,93.783813476562,3.4));
#6865 = CARTESIAN_POINT('',(-1.254638671875,93.783813476562,3.4));
#6866 = PCURVE('',#3496,#6867);
#6867 = DEFINITIONAL_REPRESENTATION('',(#6868),#6872);
#6868 = B_SPLINE_CURVE_WITH_KNOTS('',2,(#6869,#6870,#6871),
  .UNSPECIFIED.,.F.,.F.,(3,3),(0.,1.),.PIECEWISE_BEZIER_KNOTS.);
#6869 = CARTESIAN_POINT('',(0.907470703125,0.357055664062));
#6870 = CARTESIAN_POINT('',(1.065673828125,0.270263671875));
#6871 = CARTESIAN_POINT('',(1.248046875,0.270263671875));
#6872 = ( GEOMETRIC_REPRESENTATION_CONTEXT(2) 
PARAMETRIC_REPRESENTATION_CONTEXT() REPRESENTATION_CONTEXT('2D SPACE',''
  ) );
#6873 = PCURVE('',#6874,#6881);
#6874 = SURFACE_OF_LINEAR_EXTRUSION('',#6875,#6879);
#6875 = B_SPLINE_CURVE_WITH_KNOTS('',2,(#6876,#6877,#6878),
  .UNSPECIFIED.,.F.,.F.,(3,3),(0.,1.),.PIECEWISE_BEZIER_KNOTS.);
#6876 = CARTESIAN_POINT('',(-1.59521484375,93.87060546875,4.));
#6877 = CARTESIAN_POINT('',(-1.43701171875,93.783813476562,4.));
#6878 = CARTESIAN_POINT('',(-1.254638671875,93.783813476562,4.));
#6879 = VECTOR('',#6880,1.);
#6880 = DIRECTION('',(0.,0.,1.));
#6881 = DEFINITIONAL_REPRESENTATION('',(#6882),#6886);
#6882 = LINE('',#6883,#6884);
#6883 = CARTESIAN_POINT('',(0.,-0.6));
#6884 = VECTOR('',#6885,1.);
#6885 = DIRECTION('',(1.,0.));
#6886 = ( GEOMETRIC_REPRESENTATION_CONTEXT(2) 
PARAMETRIC_REPRESENTATION_CONTEXT() REPRESENTATION_CONTEXT('2D SPACE',''
  ) );
#6887 = ORIENTED_EDGE('',*,*,#6888,.T.);
#6888 = EDGE_CURVE('',#6859,#6889,#6891,.T.);
#6889 = VERTEX_POINT('',#6890);
#6890 = CARTESIAN_POINT('',(-0.78662109375,93.966186523438,3.4));
#6891 = SURFACE_CURVE('',#6892,(#6896,#6903),.PCURVE_S1.);
#6892 = B_SPLINE_CURVE_WITH_KNOTS('',2,(#6893,#6894,#6895),
  .UNSPECIFIED.,.F.,.F.,(3,3),(0.,1.),.PIECEWISE_BEZIER_KNOTS.);
#6893 = CARTESIAN_POINT('',(-1.254638671875,93.783813476562,3.4));
#6894 = CARTESIAN_POINT('',(-0.97119140625,93.783813476562,3.4));
#6895 = CARTESIAN_POINT('',(-0.78662109375,93.966186523438,3.4));
#6896 = PCURVE('',#3496,#6897);
#6897 = DEFINITIONAL_REPRESENTATION('',(#6898),#6902);
#6898 = B_SPLINE_CURVE_WITH_KNOTS('',2,(#6899,#6900,#6901),
  .UNSPECIFIED.,.F.,.F.,(3,3),(0.,1.),.PIECEWISE_BEZIER_KNOTS.);
#6899 = CARTESIAN_POINT('',(1.248046875,0.270263671875));
#6900 = CARTESIAN_POINT('',(1.531494140625,0.270263671875));
#6901 = CARTESIAN_POINT('',(1.716064453125,0.45263671875));
#6902 = ( GEOMETRIC_REPRESENTATION_CONTEXT(2) 
PARAMETRIC_REPRESENTATION_CONTEXT() REPRESENTATION_CONTEXT('2D SPACE',''
  ) );
#6903 = PCURVE('',#6904,#6911);
#6904 = SURFACE_OF_LINEAR_EXTRUSION('',#6905,#6909);
#6905 = B_SPLINE_CURVE_WITH_KNOTS('',2,(#6906,#6907,#6908),
  .UNSPECIFIED.,.F.,.F.,(3,3),(0.,1.),.PIECEWISE_BEZIER_KNOTS.);
#6906 = CARTESIAN_POINT('',(-1.254638671875,93.783813476562,4.));
#6907 = CARTESIAN_POINT('',(-0.97119140625,93.783813476562,4.));
#6908 = CARTESIAN_POINT('',(-0.78662109375,93.966186523438,4.));
#6909 = VECTOR('',#6910,1.);
#6910 = DIRECTION('',(0.,0.,1.));
#6911 = DEFINITIONAL_REPRESENTATION('',(#6912),#6916);
#6912 = LINE('',#6913,#6914);
#6913 = CARTESIAN_POINT('',(0.,-0.6));
#6914 = VECTOR('',#6915,1.);
#6915 = DIRECTION('',(1.,0.));
#6916 = ( GEOMETRIC_REPRESENTATION_CONTEXT(2) 
PARAMETRIC_REPRESENTATION_CONTEXT() REPRESENTATION_CONTEXT('2D SPACE',''
  ) );
#6917 = ORIENTED_EDGE('',*,*,#6918,.T.);
#6918 = EDGE_CURVE('',#6889,#6919,#6921,.T.);
#6919 = VERTEX_POINT('',#6920);
#6920 = CARTESIAN_POINT('',(-0.60205078125,94.429809570312,3.4));
#6921 = SURFACE_CURVE('',#6922,(#6926,#6933),.PCURVE_S1.);
#6922 = B_SPLINE_CURVE_WITH_KNOTS('',2,(#6923,#6924,#6925),
  .UNSPECIFIED.,.F.,.F.,(3,3),(0.,1.),.PIECEWISE_BEZIER_KNOTS.);
#6923 = CARTESIAN_POINT('',(-0.78662109375,93.966186523438,3.4));
#6924 = CARTESIAN_POINT('',(-0.60205078125,94.148559570312,3.4));
#6925 = CARTESIAN_POINT('',(-0.60205078125,94.429809570312,3.4));
#6926 = PCURVE('',#3496,#6927);
#6927 = DEFINITIONAL_REPRESENTATION('',(#6928),#6932);
#6928 = B_SPLINE_CURVE_WITH_KNOTS('',2,(#6929,#6930,#6931),
  .UNSPECIFIED.,.F.,.F.,(3,3),(0.,1.),.PIECEWISE_BEZIER_KNOTS.);
#6929 = CARTESIAN_POINT('',(1.716064453125,0.45263671875));
#6930 = CARTESIAN_POINT('',(1.900634765625,0.635009765625));
#6931 = CARTESIAN_POINT('',(1.900634765625,0.916259765625));
#6932 = ( GEOMETRIC_REPRESENTATION_CONTEXT(2) 
PARAMETRIC_REPRESENTATION_CONTEXT() REPRESENTATION_CONTEXT('2D SPACE',''
  ) );
#6933 = PCURVE('',#6934,#6941);
#6934 = SURFACE_OF_LINEAR_EXTRUSION('',#6935,#6939);
#6935 = B_SPLINE_CURVE_WITH_KNOTS('',2,(#6936,#6937,#6938),
  .UNSPECIFIED.,.F.,.F.,(3,3),(0.,1.),.PIECEWISE_BEZIER_KNOTS.);
#6936 = CARTESIAN_POINT('',(-0.78662109375,93.966186523438,4.));
#6937 = CARTESIAN_POINT('',(-0.60205078125,94.148559570312,4.));
#6938 = CARTESIAN_POINT('',(-0.60205078125,94.429809570312,4.));
#6939 = VECTOR('',#6940,1.);
#6940 = DIRECTION('',(0.,0.,1.));
#6941 = DEFINITIONAL_REPRESENTATION('',(#6942),#6946);
#6942 = LINE('',#6943,#6944);
#6943 = CARTESIAN_POINT('',(0.,-0.6));
#6944 = VECTOR('',#6945,1.);
#6945 = DIRECTION('',(1.,0.));
#6946 = ( GEOMETRIC_REPRESENTATION_CONTEXT(2) 
PARAMETRIC_REPRESENTATION_CONTEXT() REPRESENTATION_CONTEXT('2D SPACE',''
  ) );
#6947 = ORIENTED_EDGE('',*,*,#6948,.T.);
#6948 = EDGE_CURVE('',#6919,#6949,#6951,.T.);
#6949 = VERTEX_POINT('',#6950);
#6950 = CARTESIAN_POINT('',(-0.792114257812,94.902221679688,3.4));
#6951 = SURFACE_CURVE('',#6952,(#6956,#6963),.PCURVE_S1.);
#6952 = B_SPLINE_CURVE_WITH_KNOTS('',2,(#6953,#6954,#6955),
  .UNSPECIFIED.,.F.,.F.,(3,3),(0.,1.),.PIECEWISE_BEZIER_KNOTS.);
#6953 = CARTESIAN_POINT('',(-0.60205078125,94.429809570312,3.4));
#6954 = CARTESIAN_POINT('',(-0.60205078125,94.715454101562,3.4));
#6955 = CARTESIAN_POINT('',(-0.792114257812,94.902221679688,3.4));
#6956 = PCURVE('',#3496,#6957);
#6957 = DEFINITIONAL_REPRESENTATION('',(#6958),#6962);
#6958 = B_SPLINE_CURVE_WITH_KNOTS('',2,(#6959,#6960,#6961),
  .UNSPECIFIED.,.F.,.F.,(3,3),(0.,1.),.PIECEWISE_BEZIER_KNOTS.);
#6959 = CARTESIAN_POINT('',(1.900634765625,0.916259765625));
#6960 = CARTESIAN_POINT('',(1.900634765625,1.201904296875));
#6961 = CARTESIAN_POINT('',(1.710571289062,1.388671875));
#6962 = ( GEOMETRIC_REPRESENTATION_CONTEXT(2) 
PARAMETRIC_REPRESENTATION_CONTEXT() REPRESENTATION_CONTEXT('2D SPACE',''
  ) );
#6963 = PCURVE('',#6964,#6971);
#6964 = SURFACE_OF_LINEAR_EXTRUSION('',#6965,#6969);
#6965 = B_SPLINE_CURVE_WITH_KNOTS('',2,(#6966,#6967,#6968),
  .UNSPECIFIED.,.F.,.F.,(3,3),(0.,1.),.PIECEWISE_BEZIER_KNOTS.);
#6966 = CARTESIAN_POINT('',(-0.60205078125,94.429809570312,4.));
#6967 = CARTESIAN_POINT('',(-0.60205078125,94.715454101562,4.));
#6968 = CARTESIAN_POINT('',(-0.792114257812,94.902221679688,4.));
#6969 = VECTOR('',#6970,1.);
#6970 = DIRECTION('',(0.,0.,1.));
#6971 = DEFINITIONAL_REPRESENTATION('',(#6972),#6976);
#6972 = LINE('',#6973,#6974);
#6973 = CARTESIAN_POINT('',(0.,-0.6));
#6974 = VECTOR('',#6975,1.);
#6975 = DIRECTION('',(1.,0.));
#6976 = ( GEOMETRIC_REPRESENTATION_CONTEXT(2) 
PARAMETRIC_REPRESENTATION_CONTEXT() REPRESENTATION_CONTEXT('2D SPACE',''
  ) );
#6977 = ORIENTED_EDGE('',*,*,#6978,.T.);
#6978 = EDGE_CURVE('',#6949,#6979,#6981,.T.);
#6979 = VERTEX_POINT('',#6980);
#6980 = CARTESIAN_POINT('',(-1.267822265625,95.088989257812,3.4));
#6981 = SURFACE_CURVE('',#6982,(#6986,#6993),.PCURVE_S1.);
#6982 = B_SPLINE_CURVE_WITH_KNOTS('',2,(#6983,#6984,#6985),
  .UNSPECIFIED.,.F.,.F.,(3,3),(0.,1.),.PIECEWISE_BEZIER_KNOTS.);
#6983 = CARTESIAN_POINT('',(-0.792114257812,94.902221679688,3.4));
#6984 = CARTESIAN_POINT('',(-0.982177734375,95.088989257812,3.4));
#6985 = CARTESIAN_POINT('',(-1.267822265625,95.088989257812,3.4));
#6986 = PCURVE('',#3496,#6987);
#6987 = DEFINITIONAL_REPRESENTATION('',(#6988),#6992);
#6988 = B_SPLINE_CURVE_WITH_KNOTS('',2,(#6989,#6990,#6991),
  .UNSPECIFIED.,.F.,.F.,(3,3),(0.,1.),.PIECEWISE_BEZIER_KNOTS.);
#6989 = CARTESIAN_POINT('',(1.710571289062,1.388671875));
#6990 = CARTESIAN_POINT('',(1.5205078125,1.575439453125));
#6991 = CARTESIAN_POINT('',(1.23486328125,1.575439453125));
#6992 = ( GEOMETRIC_REPRESENTATION_CONTEXT(2) 
PARAMETRIC_REPRESENTATION_CONTEXT() REPRESENTATION_CONTEXT('2D SPACE',''
  ) );
#6993 = PCURVE('',#6994,#7001);
#6994 = SURFACE_OF_LINEAR_EXTRUSION('',#6995,#6999);
#6995 = B_SPLINE_CURVE_WITH_KNOTS('',2,(#6996,#6997,#6998),
  .UNSPECIFIED.,.F.,.F.,(3,3),(0.,1.),.PIECEWISE_BEZIER_KNOTS.);
#6996 = CARTESIAN_POINT('',(-0.792114257812,94.902221679688,4.));
#6997 = CARTESIAN_POINT('',(-0.982177734375,95.088989257812,4.));
#6998 = CARTESIAN_POINT('',(-1.267822265625,95.088989257812,4.));
#6999 = VECTOR('',#7000,1.);
#7000 = DIRECTION('',(0.,0.,1.));
#7001 = DEFINITIONAL_REPRESENTATION('',(#7002),#7006);
#7002 = LINE('',#7003,#7004);
#7003 = CARTESIAN_POINT('',(0.,-0.6));
#7004 = VECTOR('',#7005,1.);
#7005 = DIRECTION('',(1.,0.));
#7006 = ( GEOMETRIC_REPRESENTATION_CONTEXT(2) 
PARAMETRIC_REPRESENTATION_CONTEXT() REPRESENTATION_CONTEXT('2D SPACE',''
  ) );
#7007 = ORIENTED_EDGE('',*,*,#7008,.T.);
#7008 = EDGE_CURVE('',#6979,#7009,#7011,.T.);
#7009 = VERTEX_POINT('',#7010);
#7010 = CARTESIAN_POINT('',(-1.730346679688,94.904418945312,3.4));
#7011 = SURFACE_CURVE('',#7012,(#7016,#7023),.PCURVE_S1.);
#7012 = B_SPLINE_CURVE_WITH_KNOTS('',2,(#7013,#7014,#7015),
  .UNSPECIFIED.,.F.,.F.,(3,3),(0.,1.),.PIECEWISE_BEZIER_KNOTS.);
#7013 = CARTESIAN_POINT('',(-1.267822265625,95.088989257812,3.4));
#7014 = CARTESIAN_POINT('',(-1.546875,95.088989257812,3.4));
#7015 = CARTESIAN_POINT('',(-1.730346679688,94.904418945312,3.4));
#7016 = PCURVE('',#3496,#7017);
#7017 = DEFINITIONAL_REPRESENTATION('',(#7018),#7022);
#7018 = B_SPLINE_CURVE_WITH_KNOTS('',2,(#7019,#7020,#7021),
  .UNSPECIFIED.,.F.,.F.,(3,3),(0.,1.),.PIECEWISE_BEZIER_KNOTS.);
#7019 = CARTESIAN_POINT('',(1.23486328125,1.575439453125));
#7020 = CARTESIAN_POINT('',(0.955810546875,1.575439453125));
#7021 = CARTESIAN_POINT('',(0.772338867188,1.390869140625));
#7022 = ( GEOMETRIC_REPRESENTATION_CONTEXT(2) 
PARAMETRIC_REPRESENTATION_CONTEXT() REPRESENTATION_CONTEXT('2D SPACE',''
  ) );
#7023 = PCURVE('',#7024,#7031);
#7024 = SURFACE_OF_LINEAR_EXTRUSION('',#7025,#7029);
#7025 = B_SPLINE_CURVE_WITH_KNOTS('',2,(#7026,#7027,#7028),
  .UNSPECIFIED.,.F.,.F.,(3,3),(0.,1.),.PIECEWISE_BEZIER_KNOTS.);
#7026 = CARTESIAN_POINT('',(-1.267822265625,95.088989257812,4.));
#7027 = CARTESIAN_POINT('',(-1.546875,95.088989257812,4.));
#7028 = CARTESIAN_POINT('',(-1.730346679688,94.904418945312,4.));
#7029 = VECTOR('',#7030,1.);
#7030 = DIRECTION('',(0.,0.,1.));
#7031 = DEFINITIONAL_REPRESENTATION('',(#7032),#7036);
#7032 = LINE('',#7033,#7034);
#7033 = CARTESIAN_POINT('',(0.,-0.6));
#7034 = VECTOR('',#7035,1.);
#7035 = DIRECTION('',(1.,0.));
#7036 = ( GEOMETRIC_REPRESENTATION_CONTEXT(2) 
PARAMETRIC_REPRESENTATION_CONTEXT() REPRESENTATION_CONTEXT('2D SPACE',''
  ) );
#7037 = ORIENTED_EDGE('',*,*,#7038,.T.);
#7038 = EDGE_CURVE('',#7009,#6797,#7039,.T.);
#7039 = SURFACE_CURVE('',#7040,(#7044,#7051),.PCURVE_S1.);
#7040 = B_SPLINE_CURVE_WITH_KNOTS('',2,(#7041,#7042,#7043),
  .UNSPECIFIED.,.F.,.F.,(3,3),(0.,1.),.PIECEWISE_BEZIER_KNOTS.);
#7041 = CARTESIAN_POINT('',(-1.730346679688,94.904418945312,3.4));
#7042 = CARTESIAN_POINT('',(-1.913818359375,94.719848632812,3.4));
#7043 = CARTESIAN_POINT('',(-1.913818359375,94.442993164062,3.4));
#7044 = PCURVE('',#3496,#7045);
#7045 = DEFINITIONAL_REPRESENTATION('',(#7046),#7050);
#7046 = B_SPLINE_CURVE_WITH_KNOTS('',2,(#7047,#7048,#7049),
  .UNSPECIFIED.,.F.,.F.,(3,3),(0.,1.),.PIECEWISE_BEZIER_KNOTS.);
#7047 = CARTESIAN_POINT('',(0.772338867188,1.390869140625));
#7048 = CARTESIAN_POINT('',(0.5888671875,1.206298828125));
#7049 = CARTESIAN_POINT('',(0.5888671875,0.929443359375));
#7050 = ( GEOMETRIC_REPRESENTATION_CONTEXT(2) 
PARAMETRIC_REPRESENTATION_CONTEXT() REPRESENTATION_CONTEXT('2D SPACE',''
  ) );
#7051 = PCURVE('',#7052,#7059);
#7052 = SURFACE_OF_LINEAR_EXTRUSION('',#7053,#7057);
#7053 = B_SPLINE_CURVE_WITH_KNOTS('',2,(#7054,#7055,#7056),
  .UNSPECIFIED.,.F.,.F.,(3,3),(0.,1.),.PIECEWISE_BEZIER_KNOTS.);
#7054 = CARTESIAN_POINT('',(-1.730346679688,94.904418945312,4.));
#7055 = CARTESIAN_POINT('',(-1.913818359375,94.719848632812,4.));
#7056 = CARTESIAN_POINT('',(-1.913818359375,94.442993164062,4.));
#7057 = VECTOR('',#7058,1.);
#7058 = DIRECTION('',(0.,0.,1.));
#7059 = DEFINITIONAL_REPRESENTATION('',(#7060),#7064);
#7060 = LINE('',#7061,#7062);
#7061 = CARTESIAN_POINT('',(0.,-0.6));
#7062 = VECTOR('',#7063,1.);
#7063 = DIRECTION('',(1.,0.));
#7064 = ( GEOMETRIC_REPRESENTATION_CONTEXT(2) 
PARAMETRIC_REPRESENTATION_CONTEXT() REPRESENTATION_CONTEXT('2D SPACE',''
  ) );
#7065 = ADVANCED_FACE('',(#7066,#7080),#4335,.T.);
#7066 = FACE_BOUND('',#7067,.F.);
#7067 = EDGE_LOOP('',(#7068,#7069,#7070,#7071,#7072,#7073,#7074,#7075,
    #7076,#7077,#7078,#7079));
#7068 = ORIENTED_EDGE('',*,*,#4422,.T.);
#7069 = ORIENTED_EDGE('',*,*,#4520,.T.);
#7070 = ORIENTED_EDGE('',*,*,#4618,.T.);
#7071 = ORIENTED_EDGE('',*,*,#4716,.T.);
#7072 = ORIENTED_EDGE('',*,*,#4814,.T.);
#7073 = ORIENTED_EDGE('',*,*,#4863,.T.);
#7074 = ORIENTED_EDGE('',*,*,#4787,.T.);
#7075 = ORIENTED_EDGE('',*,*,#4689,.T.);
#7076 = ORIENTED_EDGE('',*,*,#4591,.T.);
#7077 = ORIENTED_EDGE('',*,*,#4493,.T.);
#7078 = ORIENTED_EDGE('',*,*,#4395,.T.);
#7079 = ORIENTED_EDGE('',*,*,#4319,.T.);
#7080 = FACE_BOUND('',#7081,.F.);
#7081 = EDGE_LOOP('',(#7082,#7114,#7144,#7174,#7204,#7234,#7264,#7294));
#7082 = ORIENTED_EDGE('',*,*,#7083,.T.);
#7083 = EDGE_CURVE('',#7084,#7086,#7088,.T.);
#7084 = VERTEX_POINT('',#7085);
#7085 = CARTESIAN_POINT('',(0.59326171875,95.102172851562,3.4));
#7086 = VERTEX_POINT('',#7087);
#7087 = CARTESIAN_POINT('',(0.778930664062,94.04638671875,3.4));
#7088 = SURFACE_CURVE('',#7089,(#7093,#7100),.PCURVE_S1.);
#7089 = B_SPLINE_CURVE_WITH_KNOTS('',2,(#7090,#7091,#7092),
  .UNSPECIFIED.,.F.,.F.,(3,3),(0.,1.),.PIECEWISE_BEZIER_KNOTS.);
#7090 = CARTESIAN_POINT('',(0.59326171875,95.102172851562,3.4));
#7091 = CARTESIAN_POINT('',(0.59326171875,94.308959960938,3.4));
#7092 = CARTESIAN_POINT('',(0.778930664062,94.04638671875,3.4));
#7093 = PCURVE('',#4335,#7094);
#7094 = DEFINITIONAL_REPRESENTATION('',(#7095),#7099);
#7095 = B_SPLINE_CURVE_WITH_KNOTS('',2,(#7096,#7097,#7098),
  .UNSPECIFIED.,.F.,.F.,(3,3),(0.,1.),.PIECEWISE_BEZIER_KNOTS.);
#7096 = CARTESIAN_POINT('',(0.59326171875,1.588623046875));
#7097 = CARTESIAN_POINT('',(0.59326171875,0.79541015625));
#7098 = CARTESIAN_POINT('',(0.778930664062,0.532836914062));
#7099 = ( GEOMETRIC_REPRESENTATION_CONTEXT(2) 
PARAMETRIC_REPRESENTATION_CONTEXT() REPRESENTATION_CONTEXT('2D SPACE',''
  ) );
#7100 = PCURVE('',#7101,#7108);
#7101 = SURFACE_OF_LINEAR_EXTRUSION('',#7102,#7106);
#7102 = B_SPLINE_CURVE_WITH_KNOTS('',2,(#7103,#7104,#7105),
  .UNSPECIFIED.,.F.,.F.,(3,3),(0.,1.),.PIECEWISE_BEZIER_KNOTS.);
#7103 = CARTESIAN_POINT('',(0.59326171875,95.102172851562,4.));
#7104 = CARTESIAN_POINT('',(0.59326171875,94.308959960938,4.));
#7105 = CARTESIAN_POINT('',(0.778930664062,94.04638671875,4.));
#7106 = VECTOR('',#7107,1.);
#7107 = DIRECTION('',(0.,0.,1.));
#7108 = DEFINITIONAL_REPRESENTATION('',(#7109),#7113);
#7109 = LINE('',#7110,#7111);
#7110 = CARTESIAN_POINT('',(0.,-0.6));
#7111 = VECTOR('',#7112,1.);
#7112 = DIRECTION('',(1.,0.));
#7113 = ( GEOMETRIC_REPRESENTATION_CONTEXT(2) 
PARAMETRIC_REPRESENTATION_CONTEXT() REPRESENTATION_CONTEXT('2D SPACE',''
  ) );
#7114 = ORIENTED_EDGE('',*,*,#7115,.T.);
#7115 = EDGE_CURVE('',#7086,#7116,#7118,.T.);
#7116 = VERTEX_POINT('',#7117);
#7117 = CARTESIAN_POINT('',(1.237060546875,93.783813476562,3.4));
#7118 = SURFACE_CURVE('',#7119,(#7123,#7130),.PCURVE_S1.);
#7119 = B_SPLINE_CURVE_WITH_KNOTS('',2,(#7120,#7121,#7122),
  .UNSPECIFIED.,.F.,.F.,(3,3),(0.,1.),.PIECEWISE_BEZIER_KNOTS.);
#7120 = CARTESIAN_POINT('',(0.778930664062,94.04638671875,3.4));
#7121 = CARTESIAN_POINT('',(0.964599609375,93.783813476562,3.4));
#7122 = CARTESIAN_POINT('',(1.237060546875,93.783813476562,3.4));
#7123 = PCURVE('',#4335,#7124);
#7124 = DEFINITIONAL_REPRESENTATION('',(#7125),#7129);
#7125 = B_SPLINE_CURVE_WITH_KNOTS('',2,(#7126,#7127,#7128),
  .UNSPECIFIED.,.F.,.F.,(3,3),(0.,1.),.PIECEWISE_BEZIER_KNOTS.);
#7126 = CARTESIAN_POINT('',(0.778930664062,0.532836914062));
#7127 = CARTESIAN_POINT('',(0.964599609375,0.270263671875));
#7128 = CARTESIAN_POINT('',(1.237060546875,0.270263671875));
#7129 = ( GEOMETRIC_REPRESENTATION_CONTEXT(2) 
PARAMETRIC_REPRESENTATION_CONTEXT() REPRESENTATION_CONTEXT('2D SPACE',''
  ) );
#7130 = PCURVE('',#7131,#7138);
#7131 = SURFACE_OF_LINEAR_EXTRUSION('',#7132,#7136);
#7132 = B_SPLINE_CURVE_WITH_KNOTS('',2,(#7133,#7134,#7135),
  .UNSPECIFIED.,.F.,.F.,(3,3),(0.,1.),.PIECEWISE_BEZIER_KNOTS.);
#7133 = CARTESIAN_POINT('',(0.778930664062,94.04638671875,4.));
#7134 = CARTESIAN_POINT('',(0.964599609375,93.783813476562,4.));
#7135 = CARTESIAN_POINT('',(1.237060546875,93.783813476562,4.));
#7136 = VECTOR('',#7137,1.);
#7137 = DIRECTION('',(0.,0.,1.));
#7138 = DEFINITIONAL_REPRESENTATION('',(#7139),#7143);
#7139 = LINE('',#7140,#7141);
#7140 = CARTESIAN_POINT('',(0.,-0.6));
#7141 = VECTOR('',#7142,1.);
#7142 = DIRECTION('',(1.,0.));
#7143 = ( GEOMETRIC_REPRESENTATION_CONTEXT(2) 
PARAMETRIC_REPRESENTATION_CONTEXT() REPRESENTATION_CONTEXT('2D SPACE',''
  ) );
#7144 = ORIENTED_EDGE('',*,*,#7145,.T.);
#7145 = EDGE_CURVE('',#7116,#7146,#7148,.T.);
#7146 = VERTEX_POINT('',#7147);
#7147 = CARTESIAN_POINT('',(1.695190429688,94.047485351562,3.4));
#7148 = SURFACE_CURVE('',#7149,(#7153,#7160),.PCURVE_S1.);
#7149 = B_SPLINE_CURVE_WITH_KNOTS('',2,(#7150,#7151,#7152),
  .UNSPECIFIED.,.F.,.F.,(3,3),(0.,1.),.PIECEWISE_BEZIER_KNOTS.);
#7150 = CARTESIAN_POINT('',(1.237060546875,93.783813476562,3.4));
#7151 = CARTESIAN_POINT('',(1.509521484375,93.783813476562,3.4));
#7152 = CARTESIAN_POINT('',(1.695190429688,94.047485351562,3.4));
#7153 = PCURVE('',#4335,#7154);
#7154 = DEFINITIONAL_REPRESENTATION('',(#7155),#7159);
#7155 = B_SPLINE_CURVE_WITH_KNOTS('',2,(#7156,#7157,#7158),
  .UNSPECIFIED.,.F.,.F.,(3,3),(0.,1.),.PIECEWISE_BEZIER_KNOTS.);
#7156 = CARTESIAN_POINT('',(1.237060546875,0.270263671875));
#7157 = CARTESIAN_POINT('',(1.509521484375,0.270263671875));
#7158 = CARTESIAN_POINT('',(1.695190429688,0.533935546875));
#7159 = ( GEOMETRIC_REPRESENTATION_CONTEXT(2) 
PARAMETRIC_REPRESENTATION_CONTEXT() REPRESENTATION_CONTEXT('2D SPACE',''
  ) );
#7160 = PCURVE('',#7161,#7168);
#7161 = SURFACE_OF_LINEAR_EXTRUSION('',#7162,#7166);
#7162 = B_SPLINE_CURVE_WITH_KNOTS('',2,(#7163,#7164,#7165),
  .UNSPECIFIED.,.F.,.F.,(3,3),(0.,1.),.PIECEWISE_BEZIER_KNOTS.);
#7163 = CARTESIAN_POINT('',(1.237060546875,93.783813476562,4.));
#7164 = CARTESIAN_POINT('',(1.509521484375,93.783813476562,4.));
#7165 = CARTESIAN_POINT('',(1.695190429688,94.047485351562,4.));
#7166 = VECTOR('',#7167,1.);
#7167 = DIRECTION('',(0.,0.,1.));
#7168 = DEFINITIONAL_REPRESENTATION('',(#7169),#7173);
#7169 = LINE('',#7170,#7171);
#7170 = CARTESIAN_POINT('',(0.,-0.6));
#7171 = VECTOR('',#7172,1.);
#7172 = DIRECTION('',(1.,0.));
#7173 = ( GEOMETRIC_REPRESENTATION_CONTEXT(2) 
PARAMETRIC_REPRESENTATION_CONTEXT() REPRESENTATION_CONTEXT('2D SPACE',''
  ) );
#7174 = ORIENTED_EDGE('',*,*,#7175,.T.);
#7175 = EDGE_CURVE('',#7146,#7176,#7178,.T.);
#7176 = VERTEX_POINT('',#7177);
#7177 = CARTESIAN_POINT('',(1.880859375,95.102172851562,3.4));
#7178 = SURFACE_CURVE('',#7179,(#7183,#7190),.PCURVE_S1.);
#7179 = B_SPLINE_CURVE_WITH_KNOTS('',2,(#7180,#7181,#7182),
  .UNSPECIFIED.,.F.,.F.,(3,3),(0.,1.),.PIECEWISE_BEZIER_KNOTS.);
#7180 = CARTESIAN_POINT('',(1.695190429688,94.047485351562,3.4));
#7181 = CARTESIAN_POINT('',(1.880859375,94.311157226562,3.4));
#7182 = CARTESIAN_POINT('',(1.880859375,95.102172851562,3.4));
#7183 = PCURVE('',#4335,#7184);
#7184 = DEFINITIONAL_REPRESENTATION('',(#7185),#7189);
#7185 = B_SPLINE_CURVE_WITH_KNOTS('',2,(#7186,#7187,#7188),
  .UNSPECIFIED.,.F.,.F.,(3,3),(0.,1.),.PIECEWISE_BEZIER_KNOTS.);
#7186 = CARTESIAN_POINT('',(1.695190429688,0.533935546875));
#7187 = CARTESIAN_POINT('',(1.880859375,0.797607421875));
#7188 = CARTESIAN_POINT('',(1.880859375,1.588623046875));
#7189 = ( GEOMETRIC_REPRESENTATION_CONTEXT(2) 
PARAMETRIC_REPRESENTATION_CONTEXT() REPRESENTATION_CONTEXT('2D SPACE',''
  ) );
#7190 = PCURVE('',#7191,#7198);
#7191 = SURFACE_OF_LINEAR_EXTRUSION('',#7192,#7196);
#7192 = B_SPLINE_CURVE_WITH_KNOTS('',2,(#7193,#7194,#7195),
  .UNSPECIFIED.,.F.,.F.,(3,3),(0.,1.),.PIECEWISE_BEZIER_KNOTS.);
#7193 = CARTESIAN_POINT('',(1.695190429688,94.047485351562,4.));
#7194 = CARTESIAN_POINT('',(1.880859375,94.311157226562,4.));
#7195 = CARTESIAN_POINT('',(1.880859375,95.102172851562,4.));
#7196 = VECTOR('',#7197,1.);
#7197 = DIRECTION('',(0.,0.,1.));
#7198 = DEFINITIONAL_REPRESENTATION('',(#7199),#7203);
#7199 = LINE('',#7200,#7201);
#7200 = CARTESIAN_POINT('',(0.,-0.6));
#7201 = VECTOR('',#7202,1.);
#7202 = DIRECTION('',(1.,0.));
#7203 = ( GEOMETRIC_REPRESENTATION_CONTEXT(2) 
PARAMETRIC_REPRESENTATION_CONTEXT() REPRESENTATION_CONTEXT('2D SPACE',''
  ) );
#7204 = ORIENTED_EDGE('',*,*,#7205,.T.);
#7205 = EDGE_CURVE('',#7176,#7206,#7208,.T.);
#7206 = VERTEX_POINT('',#7207);
#7207 = CARTESIAN_POINT('',(1.695190429688,96.159057617188,3.4));
#7208 = SURFACE_CURVE('',#7209,(#7213,#7220),.PCURVE_S1.);
#7209 = B_SPLINE_CURVE_WITH_KNOTS('',2,(#7210,#7211,#7212),
  .UNSPECIFIED.,.F.,.F.,(3,3),(0.,1.),.PIECEWISE_BEZIER_KNOTS.);
#7210 = CARTESIAN_POINT('',(1.880859375,95.102172851562,3.4));
#7211 = CARTESIAN_POINT('',(1.880859375,95.897583007812,3.4));
#7212 = CARTESIAN_POINT('',(1.695190429688,96.159057617188,3.4));
#7213 = PCURVE('',#4335,#7214);
#7214 = DEFINITIONAL_REPRESENTATION('',(#7215),#7219);
#7215 = B_SPLINE_CURVE_WITH_KNOTS('',2,(#7216,#7217,#7218),
  .UNSPECIFIED.,.F.,.F.,(3,3),(0.,1.),.PIECEWISE_BEZIER_KNOTS.);
#7216 = CARTESIAN_POINT('',(1.880859375,1.588623046875));
#7217 = CARTESIAN_POINT('',(1.880859375,2.384033203125));
#7218 = CARTESIAN_POINT('',(1.695190429688,2.6455078125));
#7219 = ( GEOMETRIC_REPRESENTATION_CONTEXT(2) 
PARAMETRIC_REPRESENTATION_CONTEXT() REPRESENTATION_CONTEXT('2D SPACE',''
  ) );
#7220 = PCURVE('',#7221,#7228);
#7221 = SURFACE_OF_LINEAR_EXTRUSION('',#7222,#7226);
#7222 = B_SPLINE_CURVE_WITH_KNOTS('',2,(#7223,#7224,#7225),
  .UNSPECIFIED.,.F.,.F.,(3,3),(0.,1.),.PIECEWISE_BEZIER_KNOTS.);
#7223 = CARTESIAN_POINT('',(1.880859375,95.102172851562,4.));
#7224 = CARTESIAN_POINT('',(1.880859375,95.897583007812,4.));
#7225 = CARTESIAN_POINT('',(1.695190429688,96.159057617188,4.));
#7226 = VECTOR('',#7227,1.);
#7227 = DIRECTION('',(0.,0.,1.));
#7228 = DEFINITIONAL_REPRESENTATION('',(#7229),#7233);
#7229 = LINE('',#7230,#7231);
#7230 = CARTESIAN_POINT('',(0.,-0.6));
#7231 = VECTOR('',#7232,1.);
#7232 = DIRECTION('',(1.,0.));
#7233 = ( GEOMETRIC_REPRESENTATION_CONTEXT(2) 
PARAMETRIC_REPRESENTATION_CONTEXT() REPRESENTATION_CONTEXT('2D SPACE',''
  ) );
#7234 = ORIENTED_EDGE('',*,*,#7235,.T.);
#7235 = EDGE_CURVE('',#7206,#7236,#7238,.T.);
#7236 = VERTEX_POINT('',#7237);
#7237 = CARTESIAN_POINT('',(1.232666015625,96.420532226562,3.4));
#7238 = SURFACE_CURVE('',#7239,(#7243,#7250),.PCURVE_S1.);
#7239 = B_SPLINE_CURVE_WITH_KNOTS('',2,(#7240,#7241,#7242),
  .UNSPECIFIED.,.F.,.F.,(3,3),(0.,1.),.PIECEWISE_BEZIER_KNOTS.);
#7240 = CARTESIAN_POINT('',(1.695190429688,96.159057617188,3.4));
#7241 = CARTESIAN_POINT('',(1.509521484375,96.420532226562,3.4));
#7242 = CARTESIAN_POINT('',(1.232666015625,96.420532226562,3.4));
#7243 = PCURVE('',#4335,#7244);
#7244 = DEFINITIONAL_REPRESENTATION('',(#7245),#7249);
#7245 = B_SPLINE_CURVE_WITH_KNOTS('',2,(#7246,#7247,#7248),
  .UNSPECIFIED.,.F.,.F.,(3,3),(0.,1.),.PIECEWISE_BEZIER_KNOTS.);
#7246 = CARTESIAN_POINT('',(1.695190429688,2.6455078125));
#7247 = CARTESIAN_POINT('',(1.509521484375,2.906982421875));
#7248 = CARTESIAN_POINT('',(1.232666015625,2.906982421875));
#7249 = ( GEOMETRIC_REPRESENTATION_CONTEXT(2) 
PARAMETRIC_REPRESENTATION_CONTEXT() REPRESENTATION_CONTEXT('2D SPACE',''
  ) );
#7250 = PCURVE('',#7251,#7258);
#7251 = SURFACE_OF_LINEAR_EXTRUSION('',#7252,#7256);
#7252 = B_SPLINE_CURVE_WITH_KNOTS('',2,(#7253,#7254,#7255),
  .UNSPECIFIED.,.F.,.F.,(3,3),(0.,1.),.PIECEWISE_BEZIER_KNOTS.);
#7253 = CARTESIAN_POINT('',(1.695190429688,96.159057617188,4.));
#7254 = CARTESIAN_POINT('',(1.509521484375,96.420532226562,4.));
#7255 = CARTESIAN_POINT('',(1.232666015625,96.420532226562,4.));
#7256 = VECTOR('',#7257,1.);
#7257 = DIRECTION('',(0.,0.,1.));
#7258 = DEFINITIONAL_REPRESENTATION('',(#7259),#7263);
#7259 = LINE('',#7260,#7261);
#7260 = CARTESIAN_POINT('',(0.,-0.6));
#7261 = VECTOR('',#7262,1.);
#7262 = DIRECTION('',(1.,0.));
#7263 = ( GEOMETRIC_REPRESENTATION_CONTEXT(2) 
PARAMETRIC_REPRESENTATION_CONTEXT() REPRESENTATION_CONTEXT('2D SPACE',''
  ) );
#7264 = ORIENTED_EDGE('',*,*,#7265,.T.);
#7265 = EDGE_CURVE('',#7236,#7266,#7268,.T.);
#7266 = VERTEX_POINT('',#7267);
#7267 = CARTESIAN_POINT('',(0.797607421875,96.189819335938,3.4));
#7268 = SURFACE_CURVE('',#7269,(#7273,#7280),.PCURVE_S1.);
#7269 = B_SPLINE_CURVE_WITH_KNOTS('',2,(#7270,#7271,#7272),
  .UNSPECIFIED.,.F.,.F.,(3,3),(0.,1.),.PIECEWISE_BEZIER_KNOTS.);
#7270 = CARTESIAN_POINT('',(1.232666015625,96.420532226562,3.4));
#7271 = CARTESIAN_POINT('',(0.960205078125,96.420532226562,3.4));
#7272 = CARTESIAN_POINT('',(0.797607421875,96.189819335938,3.4));
#7273 = PCURVE('',#4335,#7274);
#7274 = DEFINITIONAL_REPRESENTATION('',(#7275),#7279);
#7275 = B_SPLINE_CURVE_WITH_KNOTS('',2,(#7276,#7277,#7278),
  .UNSPECIFIED.,.F.,.F.,(3,3),(0.,1.),.PIECEWISE_BEZIER_KNOTS.);
#7276 = CARTESIAN_POINT('',(1.232666015625,2.906982421875));
#7277 = CARTESIAN_POINT('',(0.960205078125,2.906982421875));
#7278 = CARTESIAN_POINT('',(0.797607421875,2.67626953125));
#7279 = ( GEOMETRIC_REPRESENTATION_CONTEXT(2) 
PARAMETRIC_REPRESENTATION_CONTEXT() REPRESENTATION_CONTEXT('2D SPACE',''
  ) );
#7280 = PCURVE('',#7281,#7288);
#7281 = SURFACE_OF_LINEAR_EXTRUSION('',#7282,#7286);
#7282 = B_SPLINE_CURVE_WITH_KNOTS('',2,(#7283,#7284,#7285),
  .UNSPECIFIED.,.F.,.F.,(3,3),(0.,1.),.PIECEWISE_BEZIER_KNOTS.);
#7283 = CARTESIAN_POINT('',(1.232666015625,96.420532226562,4.));
#7284 = CARTESIAN_POINT('',(0.960205078125,96.420532226562,4.));
#7285 = CARTESIAN_POINT('',(0.797607421875,96.189819335938,4.));
#7286 = VECTOR('',#7287,1.);
#7287 = DIRECTION('',(0.,0.,1.));
#7288 = DEFINITIONAL_REPRESENTATION('',(#7289),#7293);
#7289 = LINE('',#7290,#7291);
#7290 = CARTESIAN_POINT('',(0.,-0.6));
#7291 = VECTOR('',#7292,1.);
#7292 = DIRECTION('',(1.,0.));
#7293 = ( GEOMETRIC_REPRESENTATION_CONTEXT(2) 
PARAMETRIC_REPRESENTATION_CONTEXT() REPRESENTATION_CONTEXT('2D SPACE',''
  ) );
#7294 = ORIENTED_EDGE('',*,*,#7295,.T.);
#7295 = EDGE_CURVE('',#7266,#7084,#7296,.T.);
#7296 = SURFACE_CURVE('',#7297,(#7301,#7308),.PCURVE_S1.);
#7297 = B_SPLINE_CURVE_WITH_KNOTS('',2,(#7298,#7299,#7300),
  .UNSPECIFIED.,.F.,.F.,(3,3),(0.,1.),.PIECEWISE_BEZIER_KNOTS.);
#7298 = CARTESIAN_POINT('',(0.797607421875,96.189819335938,3.4));
#7299 = CARTESIAN_POINT('',(0.59326171875,95.895385742188,3.4));
#7300 = CARTESIAN_POINT('',(0.59326171875,95.102172851562,3.4));
#7301 = PCURVE('',#4335,#7302);
#7302 = DEFINITIONAL_REPRESENTATION('',(#7303),#7307);
#7303 = B_SPLINE_CURVE_WITH_KNOTS('',2,(#7304,#7305,#7306),
  .UNSPECIFIED.,.F.,.F.,(3,3),(0.,1.),.PIECEWISE_BEZIER_KNOTS.);
#7304 = CARTESIAN_POINT('',(0.797607421875,2.67626953125));
#7305 = CARTESIAN_POINT('',(0.59326171875,2.3818359375));
#7306 = CARTESIAN_POINT('',(0.59326171875,1.588623046875));
#7307 = ( GEOMETRIC_REPRESENTATION_CONTEXT(2) 
PARAMETRIC_REPRESENTATION_CONTEXT() REPRESENTATION_CONTEXT('2D SPACE',''
  ) );
#7308 = PCURVE('',#7309,#7316);
#7309 = SURFACE_OF_LINEAR_EXTRUSION('',#7310,#7314);
#7310 = B_SPLINE_CURVE_WITH_KNOTS('',2,(#7311,#7312,#7313),
  .UNSPECIFIED.,.F.,.F.,(3,3),(0.,1.),.PIECEWISE_BEZIER_KNOTS.);
#7311 = CARTESIAN_POINT('',(0.797607421875,96.189819335938,4.));
#7312 = CARTESIAN_POINT('',(0.59326171875,95.895385742188,4.));
#7313 = CARTESIAN_POINT('',(0.59326171875,95.102172851562,4.));
#7314 = VECTOR('',#7315,1.);
#7315 = DIRECTION('',(0.,0.,1.));
#7316 = DEFINITIONAL_REPRESENTATION('',(#7317),#7321);
#7317 = LINE('',#7318,#7319);
#7318 = CARTESIAN_POINT('',(0.,-0.6));
#7319 = VECTOR('',#7320,1.);
#7320 = DIRECTION('',(1.,0.));
#7321 = ( GEOMETRIC_REPRESENTATION_CONTEXT(2) 
PARAMETRIC_REPRESENTATION_CONTEXT() REPRESENTATION_CONTEXT('2D SPACE',''
  ) );
#7322 = ADVANCED_FACE('',(#7323),#4928,.T.);
#7323 = FACE_BOUND('',#7324,.F.);
#7324 = EDGE_LOOP('',(#7325,#7326,#7327,#7328,#7329,#7330,#7331,#7332,
    #7333));
#7325 = ORIENTED_EDGE('',*,*,#5309,.T.);
#7326 = ORIENTED_EDGE('',*,*,#5282,.T.);
#7327 = ORIENTED_EDGE('',*,*,#5233,.T.);
#7328 = ORIENTED_EDGE('',*,*,#5184,.T.);
#7329 = ORIENTED_EDGE('',*,*,#5135,.T.);
#7330 = ORIENTED_EDGE('',*,*,#5086,.T.);
#7331 = ORIENTED_EDGE('',*,*,#5037,.T.);
#7332 = ORIENTED_EDGE('',*,*,#4988,.T.);
#7333 = ORIENTED_EDGE('',*,*,#4912,.T.);
#7334 = ADVANCED_FACE('',(#7335,#7348),#5374,.T.);
#7335 = FACE_BOUND('',#7336,.F.);
#7336 = EDGE_LOOP('',(#7337,#7338,#7339,#7340,#7341,#7342,#7343,#7344,
    #7345,#7346,#7347));
#7337 = ORIENTED_EDGE('',*,*,#5853,.T.);
#7338 = ORIENTED_EDGE('',*,*,#5826,.T.);
#7339 = ORIENTED_EDGE('',*,*,#5777,.T.);
#7340 = ORIENTED_EDGE('',*,*,#5728,.T.);
#7341 = ORIENTED_EDGE('',*,*,#5679,.T.);
#7342 = ORIENTED_EDGE('',*,*,#5630,.T.);
#7343 = ORIENTED_EDGE('',*,*,#5581,.T.);
#7344 = ORIENTED_EDGE('',*,*,#5532,.T.);
#7345 = ORIENTED_EDGE('',*,*,#5483,.T.);
#7346 = ORIENTED_EDGE('',*,*,#5434,.T.);
#7347 = ORIENTED_EDGE('',*,*,#5358,.T.);
#7348 = FACE_BOUND('',#7349,.F.);
#7349 = EDGE_LOOP('',(#7350,#7380,#7408));
#7350 = ORIENTED_EDGE('',*,*,#7351,.T.);
#7351 = EDGE_CURVE('',#7352,#7354,#7356,.T.);
#7352 = VERTEX_POINT('',#7353);
#7353 = CARTESIAN_POINT('',(-0.805297851562,153.64733886718,3.4));
#7354 = VERTEX_POINT('',#7355);
#7355 = CARTESIAN_POINT('',(0.203247070312,153.64733886718,3.4));
#7356 = SURFACE_CURVE('',#7357,(#7361,#7368),.PCURVE_S1.);
#7357 = LINE('',#7358,#7359);
#7358 = CARTESIAN_POINT('',(-0.805297851562,153.64733886718,3.4));
#7359 = VECTOR('',#7360,1.);
#7360 = DIRECTION('',(1.,0.,0.));
#7361 = PCURVE('',#5374,#7362);
#7362 = DEFINITIONAL_REPRESENTATION('',(#7363),#7367);
#7363 = LINE('',#7364,#7365);
#7364 = CARTESIAN_POINT('',(0.446044921875,1.1337890625));
#7365 = VECTOR('',#7366,1.);
#7366 = DIRECTION('',(1.,0.));
#7367 = ( GEOMETRIC_REPRESENTATION_CONTEXT(2) 
PARAMETRIC_REPRESENTATION_CONTEXT() REPRESENTATION_CONTEXT('2D SPACE',''
  ) );
#7368 = PCURVE('',#7369,#7374);
#7369 = PLANE('',#7370);
#7370 = AXIS2_PLACEMENT_3D('',#7371,#7372,#7373);
#7371 = CARTESIAN_POINT('',(-0.805297851562,153.64733886718,4.));
#7372 = DIRECTION('',(0.,-1.,0.));
#7373 = DIRECTION('',(1.,0.,0.));
#7374 = DEFINITIONAL_REPRESENTATION('',(#7375),#7379);
#7375 = LINE('',#7376,#7377);
#7376 = CARTESIAN_POINT('',(0.,-0.6));
#7377 = VECTOR('',#7378,1.);
#7378 = DIRECTION('',(1.,0.));
#7379 = ( GEOMETRIC_REPRESENTATION_CONTEXT(2) 
PARAMETRIC_REPRESENTATION_CONTEXT() REPRESENTATION_CONTEXT('2D SPACE',''
  ) );
#7380 = ORIENTED_EDGE('',*,*,#7381,.T.);
#7381 = EDGE_CURVE('',#7354,#7382,#7384,.T.);
#7382 = VERTEX_POINT('',#7383);
#7383 = CARTESIAN_POINT('',(0.203247070312,155.09973144531,3.4));
#7384 = SURFACE_CURVE('',#7385,(#7389,#7396),.PCURVE_S1.);
#7385 = LINE('',#7386,#7387);
#7386 = CARTESIAN_POINT('',(0.203247070312,153.64733886718,3.4));
#7387 = VECTOR('',#7388,1.);
#7388 = DIRECTION('',(0.,1.,0.));
#7389 = PCURVE('',#5374,#7390);
#7390 = DEFINITIONAL_REPRESENTATION('',(#7391),#7395);
#7391 = LINE('',#7392,#7393);
#7392 = CARTESIAN_POINT('',(1.45458984375,1.1337890625));
#7393 = VECTOR('',#7394,1.);
#7394 = DIRECTION('',(0.,1.));
#7395 = ( GEOMETRIC_REPRESENTATION_CONTEXT(2) 
PARAMETRIC_REPRESENTATION_CONTEXT() REPRESENTATION_CONTEXT('2D SPACE',''
  ) );
#7396 = PCURVE('',#7397,#7402);
#7397 = PLANE('',#7398);
#7398 = AXIS2_PLACEMENT_3D('',#7399,#7400,#7401);
#7399 = CARTESIAN_POINT('',(0.203247070312,153.64733886718,4.));
#7400 = DIRECTION('',(1.,0.,0.));
#7401 = DIRECTION('',(-0.,1.,0.));
#7402 = DEFINITIONAL_REPRESENTATION('',(#7403),#7407);
#7403 = LINE('',#7404,#7405);
#7404 = CARTESIAN_POINT('',(0.,-0.6));
#7405 = VECTOR('',#7406,1.);
#7406 = DIRECTION('',(1.,0.));
#7407 = ( GEOMETRIC_REPRESENTATION_CONTEXT(2) 
PARAMETRIC_REPRESENTATION_CONTEXT() REPRESENTATION_CONTEXT('2D SPACE',''
  ) );
#7408 = ORIENTED_EDGE('',*,*,#7409,.T.);
#7409 = EDGE_CURVE('',#7382,#7352,#7410,.T.);
#7410 = SURFACE_CURVE('',#7411,(#7415,#7422),.PCURVE_S1.);
#7411 = LINE('',#7412,#7413);
#7412 = CARTESIAN_POINT('',(0.203247070312,155.09973144531,3.4));
#7413 = VECTOR('',#7414,1.);
#7414 = DIRECTION('',(-0.570372521864,-0.82138613715,0.));
#7415 = PCURVE('',#5374,#7416);
#7416 = DEFINITIONAL_REPRESENTATION('',(#7417),#7421);
#7417 = LINE('',#7418,#7419);
#7418 = CARTESIAN_POINT('',(1.45458984375,2.586181640625));
#7419 = VECTOR('',#7420,1.);
#7420 = DIRECTION('',(-0.570372521864,-0.82138613715));
#7421 = ( GEOMETRIC_REPRESENTATION_CONTEXT(2) 
PARAMETRIC_REPRESENTATION_CONTEXT() REPRESENTATION_CONTEXT('2D SPACE',''
  ) );
#7422 = PCURVE('',#7423,#7428);
#7423 = PLANE('',#7424);
#7424 = AXIS2_PLACEMENT_3D('',#7425,#7426,#7427);
#7425 = CARTESIAN_POINT('',(0.203247070312,155.09973144531,4.));
#7426 = DIRECTION('',(-0.82138613715,0.570372521864,0.));
#7427 = DIRECTION('',(-0.570372521864,-0.82138613715,0.));
#7428 = DEFINITIONAL_REPRESENTATION('',(#7429),#7433);
#7429 = LINE('',#7430,#7431);
#7430 = CARTESIAN_POINT('',(-0.,-0.6));
#7431 = VECTOR('',#7432,1.);
#7432 = DIRECTION('',(1.,0.));
#7433 = ( GEOMETRIC_REPRESENTATION_CONTEXT(2) 
PARAMETRIC_REPRESENTATION_CONTEXT() REPRESENTATION_CONTEXT('2D SPACE',''
  ) );
#7434 = ADVANCED_FACE('',(#7435,#7449),#5968,.T.);
#7435 = FACE_BOUND('',#7436,.F.);
#7436 = EDGE_LOOP('',(#7437,#7438,#7439,#7440,#7441,#7442,#7443,#7444,
    #7445,#7446,#7447,#7448));
#7437 = ORIENTED_EDGE('',*,*,#6496,.T.);
#7438 = ORIENTED_EDGE('',*,*,#6469,.T.);
#7439 = ORIENTED_EDGE('',*,*,#6420,.T.);
#7440 = ORIENTED_EDGE('',*,*,#6371,.T.);
#7441 = ORIENTED_EDGE('',*,*,#6322,.T.);
#7442 = ORIENTED_EDGE('',*,*,#6273,.T.);
#7443 = ORIENTED_EDGE('',*,*,#6224,.T.);
#7444 = ORIENTED_EDGE('',*,*,#6175,.T.);
#7445 = ORIENTED_EDGE('',*,*,#6126,.T.);
#7446 = ORIENTED_EDGE('',*,*,#6077,.T.);
#7447 = ORIENTED_EDGE('',*,*,#6028,.T.);
#7448 = ORIENTED_EDGE('',*,*,#5952,.T.);
#7449 = FACE_BOUND('',#7450,.F.);
#7450 = EDGE_LOOP('',(#7451,#7483,#7513,#7543,#7573,#7603,#7633,#7663));
#7451 = ORIENTED_EDGE('',*,*,#7452,.T.);
#7452 = EDGE_CURVE('',#7453,#7455,#7457,.T.);
#7453 = VERTEX_POINT('',#7454);
#7454 = CARTESIAN_POINT('',(1.844604492188,154.10217285156,3.4));
#7455 = VERTEX_POINT('',#7456);
#7456 = CARTESIAN_POINT('',(2.0302734375,153.04638671875,3.4));
#7457 = SURFACE_CURVE('',#7458,(#7462,#7469),.PCURVE_S1.);
#7458 = B_SPLINE_CURVE_WITH_KNOTS('',2,(#7459,#7460,#7461),
  .UNSPECIFIED.,.F.,.F.,(3,3),(0.,1.),.PIECEWISE_BEZIER_KNOTS.);
#7459 = CARTESIAN_POINT('',(1.844604492188,154.10217285156,3.4));
#7460 = CARTESIAN_POINT('',(1.844604492188,153.30895996093,3.4));
#7461 = CARTESIAN_POINT('',(2.0302734375,153.04638671875,3.4));
#7462 = PCURVE('',#5968,#7463);
#7463 = DEFINITIONAL_REPRESENTATION('',(#7464),#7468);
#7464 = B_SPLINE_CURVE_WITH_KNOTS('',2,(#7465,#7466,#7467),
  .UNSPECIFIED.,.F.,.F.,(3,3),(0.,1.),.PIECEWISE_BEZIER_KNOTS.);
#7465 = CARTESIAN_POINT('',(0.59326171875,1.588623046875));
#7466 = CARTESIAN_POINT('',(0.59326171875,0.79541015625));
#7467 = CARTESIAN_POINT('',(0.778930664062,0.532836914062));
#7468 = ( GEOMETRIC_REPRESENTATION_CONTEXT(2) 
PARAMETRIC_REPRESENTATION_CONTEXT() REPRESENTATION_CONTEXT('2D SPACE',''
  ) );
#7469 = PCURVE('',#7470,#7477);
#7470 = SURFACE_OF_LINEAR_EXTRUSION('',#7471,#7475);
#7471 = B_SPLINE_CURVE_WITH_KNOTS('',2,(#7472,#7473,#7474),
  .UNSPECIFIED.,.F.,.F.,(3,3),(0.,1.),.PIECEWISE_BEZIER_KNOTS.);
#7472 = CARTESIAN_POINT('',(1.844604492188,154.10217285156,4.));
#7473 = CARTESIAN_POINT('',(1.844604492188,153.30895996093,4.));
#7474 = CARTESIAN_POINT('',(2.0302734375,153.04638671875,4.));
#7475 = VECTOR('',#7476,1.);
#7476 = DIRECTION('',(0.,0.,1.));
#7477 = DEFINITIONAL_REPRESENTATION('',(#7478),#7482);
#7478 = LINE('',#7479,#7480);
#7479 = CARTESIAN_POINT('',(0.,-0.6));
#7480 = VECTOR('',#7481,1.);
#7481 = DIRECTION('',(1.,0.));
#7482 = ( GEOMETRIC_REPRESENTATION_CONTEXT(2) 
PARAMETRIC_REPRESENTATION_CONTEXT() REPRESENTATION_CONTEXT('2D SPACE',''
  ) );
#7483 = ORIENTED_EDGE('',*,*,#7484,.T.);
#7484 = EDGE_CURVE('',#7455,#7485,#7487,.T.);
#7485 = VERTEX_POINT('',#7486);
#7486 = CARTESIAN_POINT('',(2.488403320312,152.78381347656,3.4));
#7487 = SURFACE_CURVE('',#7488,(#7492,#7499),.PCURVE_S1.);
#7488 = B_SPLINE_CURVE_WITH_KNOTS('',2,(#7489,#7490,#7491),
  .UNSPECIFIED.,.F.,.F.,(3,3),(0.,1.),.PIECEWISE_BEZIER_KNOTS.);
#7489 = CARTESIAN_POINT('',(2.0302734375,153.04638671875,3.4));
#7490 = CARTESIAN_POINT('',(2.215942382812,152.78381347656,3.4));
#7491 = CARTESIAN_POINT('',(2.488403320312,152.78381347656,3.4));
#7492 = PCURVE('',#5968,#7493);
#7493 = DEFINITIONAL_REPRESENTATION('',(#7494),#7498);
#7494 = B_SPLINE_CURVE_WITH_KNOTS('',2,(#7495,#7496,#7497),
  .UNSPECIFIED.,.F.,.F.,(3,3),(0.,1.),.PIECEWISE_BEZIER_KNOTS.);
#7495 = CARTESIAN_POINT('',(0.778930664062,0.532836914062));
#7496 = CARTESIAN_POINT('',(0.964599609375,0.270263671875));
#7497 = CARTESIAN_POINT('',(1.237060546875,0.270263671875));
#7498 = ( GEOMETRIC_REPRESENTATION_CONTEXT(2) 
PARAMETRIC_REPRESENTATION_CONTEXT() REPRESENTATION_CONTEXT('2D SPACE',''
  ) );
#7499 = PCURVE('',#7500,#7507);
#7500 = SURFACE_OF_LINEAR_EXTRUSION('',#7501,#7505);
#7501 = B_SPLINE_CURVE_WITH_KNOTS('',2,(#7502,#7503,#7504),
  .UNSPECIFIED.,.F.,.F.,(3,3),(0.,1.),.PIECEWISE_BEZIER_KNOTS.);
#7502 = CARTESIAN_POINT('',(2.0302734375,153.04638671875,4.));
#7503 = CARTESIAN_POINT('',(2.215942382812,152.78381347656,4.));
#7504 = CARTESIAN_POINT('',(2.488403320312,152.78381347656,4.));
#7505 = VECTOR('',#7506,1.);
#7506 = DIRECTION('',(0.,0.,1.));
#7507 = DEFINITIONAL_REPRESENTATION('',(#7508),#7512);
#7508 = LINE('',#7509,#7510);
#7509 = CARTESIAN_POINT('',(0.,-0.6));
#7510 = VECTOR('',#7511,1.);
#7511 = DIRECTION('',(1.,0.));
#7512 = ( GEOMETRIC_REPRESENTATION_CONTEXT(2) 
PARAMETRIC_REPRESENTATION_CONTEXT() REPRESENTATION_CONTEXT('2D SPACE',''
  ) );
#7513 = ORIENTED_EDGE('',*,*,#7514,.T.);
#7514 = EDGE_CURVE('',#7485,#7515,#7517,.T.);
#7515 = VERTEX_POINT('',#7516);
#7516 = CARTESIAN_POINT('',(2.946533203125,153.04748535156,3.4));
#7517 = SURFACE_CURVE('',#7518,(#7522,#7529),.PCURVE_S1.);
#7518 = B_SPLINE_CURVE_WITH_KNOTS('',2,(#7519,#7520,#7521),
  .UNSPECIFIED.,.F.,.F.,(3,3),(0.,1.),.PIECEWISE_BEZIER_KNOTS.);
#7519 = CARTESIAN_POINT('',(2.488403320312,152.78381347656,3.4));
#7520 = CARTESIAN_POINT('',(2.760864257812,152.78381347656,3.4));
#7521 = CARTESIAN_POINT('',(2.946533203125,153.04748535156,3.4));
#7522 = PCURVE('',#5968,#7523);
#7523 = DEFINITIONAL_REPRESENTATION('',(#7524),#7528);
#7524 = B_SPLINE_CURVE_WITH_KNOTS('',2,(#7525,#7526,#7527),
  .UNSPECIFIED.,.F.,.F.,(3,3),(0.,1.),.PIECEWISE_BEZIER_KNOTS.);
#7525 = CARTESIAN_POINT('',(1.237060546875,0.270263671875));
#7526 = CARTESIAN_POINT('',(1.509521484375,0.270263671875));
#7527 = CARTESIAN_POINT('',(1.695190429688,0.533935546875));
#7528 = ( GEOMETRIC_REPRESENTATION_CONTEXT(2) 
PARAMETRIC_REPRESENTATION_CONTEXT() REPRESENTATION_CONTEXT('2D SPACE',''
  ) );
#7529 = PCURVE('',#7530,#7537);
#7530 = SURFACE_OF_LINEAR_EXTRUSION('',#7531,#7535);
#7531 = B_SPLINE_CURVE_WITH_KNOTS('',2,(#7532,#7533,#7534),
  .UNSPECIFIED.,.F.,.F.,(3,3),(0.,1.),.PIECEWISE_BEZIER_KNOTS.);
#7532 = CARTESIAN_POINT('',(2.488403320312,152.78381347656,4.));
#7533 = CARTESIAN_POINT('',(2.760864257812,152.78381347656,4.));
#7534 = CARTESIAN_POINT('',(2.946533203125,153.04748535156,4.));
#7535 = VECTOR('',#7536,1.);
#7536 = DIRECTION('',(0.,0.,1.));
#7537 = DEFINITIONAL_REPRESENTATION('',(#7538),#7542);
#7538 = LINE('',#7539,#7540);
#7539 = CARTESIAN_POINT('',(0.,-0.6));
#7540 = VECTOR('',#7541,1.);
#7541 = DIRECTION('',(1.,0.));
#7542 = ( GEOMETRIC_REPRESENTATION_CONTEXT(2) 
PARAMETRIC_REPRESENTATION_CONTEXT() REPRESENTATION_CONTEXT('2D SPACE',''
  ) );
#7543 = ORIENTED_EDGE('',*,*,#7544,.T.);
#7544 = EDGE_CURVE('',#7515,#7545,#7547,.T.);
#7545 = VERTEX_POINT('',#7546);
#7546 = CARTESIAN_POINT('',(3.132202148438,154.10217285156,3.4));
#7547 = SURFACE_CURVE('',#7548,(#7552,#7559),.PCURVE_S1.);
#7548 = B_SPLINE_CURVE_WITH_KNOTS('',2,(#7549,#7550,#7551),
  .UNSPECIFIED.,.F.,.F.,(3,3),(0.,1.),.PIECEWISE_BEZIER_KNOTS.);
#7549 = CARTESIAN_POINT('',(2.946533203125,153.04748535156,3.4));
#7550 = CARTESIAN_POINT('',(3.132202148438,153.31115722656,3.4));
#7551 = CARTESIAN_POINT('',(3.132202148438,154.10217285156,3.4));
#7552 = PCURVE('',#5968,#7553);
#7553 = DEFINITIONAL_REPRESENTATION('',(#7554),#7558);
#7554 = B_SPLINE_CURVE_WITH_KNOTS('',2,(#7555,#7556,#7557),
  .UNSPECIFIED.,.F.,.F.,(3,3),(0.,1.),.PIECEWISE_BEZIER_KNOTS.);
#7555 = CARTESIAN_POINT('',(1.695190429688,0.533935546875));
#7556 = CARTESIAN_POINT('',(1.880859375,0.797607421875));
#7557 = CARTESIAN_POINT('',(1.880859375,1.588623046875));
#7558 = ( GEOMETRIC_REPRESENTATION_CONTEXT(2) 
PARAMETRIC_REPRESENTATION_CONTEXT() REPRESENTATION_CONTEXT('2D SPACE',''
  ) );
#7559 = PCURVE('',#7560,#7567);
#7560 = SURFACE_OF_LINEAR_EXTRUSION('',#7561,#7565);
#7561 = B_SPLINE_CURVE_WITH_KNOTS('',2,(#7562,#7563,#7564),
  .UNSPECIFIED.,.F.,.F.,(3,3),(0.,1.),.PIECEWISE_BEZIER_KNOTS.);
#7562 = CARTESIAN_POINT('',(2.946533203125,153.04748535156,4.));
#7563 = CARTESIAN_POINT('',(3.132202148438,153.31115722656,4.));
#7564 = CARTESIAN_POINT('',(3.132202148438,154.10217285156,4.));
#7565 = VECTOR('',#7566,1.);
#7566 = DIRECTION('',(0.,0.,1.));
#7567 = DEFINITIONAL_REPRESENTATION('',(#7568),#7572);
#7568 = LINE('',#7569,#7570);
#7569 = CARTESIAN_POINT('',(0.,-0.6));
#7570 = VECTOR('',#7571,1.);
#7571 = DIRECTION('',(1.,0.));
#7572 = ( GEOMETRIC_REPRESENTATION_CONTEXT(2) 
PARAMETRIC_REPRESENTATION_CONTEXT() REPRESENTATION_CONTEXT('2D SPACE',''
  ) );
#7573 = ORIENTED_EDGE('',*,*,#7574,.T.);
#7574 = EDGE_CURVE('',#7545,#7575,#7577,.T.);
#7575 = VERTEX_POINT('',#7576);
#7576 = CARTESIAN_POINT('',(2.946533203125,155.15905761718,3.4));
#7577 = SURFACE_CURVE('',#7578,(#7582,#7589),.PCURVE_S1.);
#7578 = B_SPLINE_CURVE_WITH_KNOTS('',2,(#7579,#7580,#7581),
  .UNSPECIFIED.,.F.,.F.,(3,3),(0.,1.),.PIECEWISE_BEZIER_KNOTS.);
#7579 = CARTESIAN_POINT('',(3.132202148438,154.10217285156,3.4));
#7580 = CARTESIAN_POINT('',(3.132202148438,154.89758300781,3.4));
#7581 = CARTESIAN_POINT('',(2.946533203125,155.15905761718,3.4));
#7582 = PCURVE('',#5968,#7583);
#7583 = DEFINITIONAL_REPRESENTATION('',(#7584),#7588);
#7584 = B_SPLINE_CURVE_WITH_KNOTS('',2,(#7585,#7586,#7587),
  .UNSPECIFIED.,.F.,.F.,(3,3),(0.,1.),.PIECEWISE_BEZIER_KNOTS.);
#7585 = CARTESIAN_POINT('',(1.880859375,1.588623046875));
#7586 = CARTESIAN_POINT('',(1.880859375,2.384033203125));
#7587 = CARTESIAN_POINT('',(1.695190429688,2.6455078125));
#7588 = ( GEOMETRIC_REPRESENTATION_CONTEXT(2) 
PARAMETRIC_REPRESENTATION_CONTEXT() REPRESENTATION_CONTEXT('2D SPACE',''
  ) );
#7589 = PCURVE('',#7590,#7597);
#7590 = SURFACE_OF_LINEAR_EXTRUSION('',#7591,#7595);
#7591 = B_SPLINE_CURVE_WITH_KNOTS('',2,(#7592,#7593,#7594),
  .UNSPECIFIED.,.F.,.F.,(3,3),(0.,1.),.PIECEWISE_BEZIER_KNOTS.);
#7592 = CARTESIAN_POINT('',(3.132202148438,154.10217285156,4.));
#7593 = CARTESIAN_POINT('',(3.132202148438,154.89758300781,4.));
#7594 = CARTESIAN_POINT('',(2.946533203125,155.15905761718,4.));
#7595 = VECTOR('',#7596,1.);
#7596 = DIRECTION('',(0.,0.,1.));
#7597 = DEFINITIONAL_REPRESENTATION('',(#7598),#7602);
#7598 = LINE('',#7599,#7600);
#7599 = CARTESIAN_POINT('',(0.,-0.6));
#7600 = VECTOR('',#7601,1.);
#7601 = DIRECTION('',(1.,0.));
#7602 = ( GEOMETRIC_REPRESENTATION_CONTEXT(2) 
PARAMETRIC_REPRESENTATION_CONTEXT() REPRESENTATION_CONTEXT('2D SPACE',''
  ) );
#7603 = ORIENTED_EDGE('',*,*,#7604,.T.);
#7604 = EDGE_CURVE('',#7575,#7605,#7607,.T.);
#7605 = VERTEX_POINT('',#7606);
#7606 = CARTESIAN_POINT('',(2.484008789062,155.42053222656,3.4));
#7607 = SURFACE_CURVE('',#7608,(#7612,#7619),.PCURVE_S1.);
#7608 = B_SPLINE_CURVE_WITH_KNOTS('',2,(#7609,#7610,#7611),
  .UNSPECIFIED.,.F.,.F.,(3,3),(0.,1.),.PIECEWISE_BEZIER_KNOTS.);
#7609 = CARTESIAN_POINT('',(2.946533203125,155.15905761718,3.4));
#7610 = CARTESIAN_POINT('',(2.760864257812,155.42053222656,3.4));
#7611 = CARTESIAN_POINT('',(2.484008789062,155.42053222656,3.4));
#7612 = PCURVE('',#5968,#7613);
#7613 = DEFINITIONAL_REPRESENTATION('',(#7614),#7618);
#7614 = B_SPLINE_CURVE_WITH_KNOTS('',2,(#7615,#7616,#7617),
  .UNSPECIFIED.,.F.,.F.,(3,3),(0.,1.),.PIECEWISE_BEZIER_KNOTS.);
#7615 = CARTESIAN_POINT('',(1.695190429688,2.6455078125));
#7616 = CARTESIAN_POINT('',(1.509521484375,2.906982421875));
#7617 = CARTESIAN_POINT('',(1.232666015625,2.906982421875));
#7618 = ( GEOMETRIC_REPRESENTATION_CONTEXT(2) 
PARAMETRIC_REPRESENTATION_CONTEXT() REPRESENTATION_CONTEXT('2D SPACE',''
  ) );
#7619 = PCURVE('',#7620,#7627);
#7620 = SURFACE_OF_LINEAR_EXTRUSION('',#7621,#7625);
#7621 = B_SPLINE_CURVE_WITH_KNOTS('',2,(#7622,#7623,#7624),
  .UNSPECIFIED.,.F.,.F.,(3,3),(0.,1.),.PIECEWISE_BEZIER_KNOTS.);
#7622 = CARTESIAN_POINT('',(2.946533203125,155.15905761718,4.));
#7623 = CARTESIAN_POINT('',(2.760864257812,155.42053222656,4.));
#7624 = CARTESIAN_POINT('',(2.484008789062,155.42053222656,4.));
#7625 = VECTOR('',#7626,1.);
#7626 = DIRECTION('',(0.,0.,1.));
#7627 = DEFINITIONAL_REPRESENTATION('',(#7628),#7632);
#7628 = LINE('',#7629,#7630);
#7629 = CARTESIAN_POINT('',(0.,-0.6));
#7630 = VECTOR('',#7631,1.);
#7631 = DIRECTION('',(1.,0.));
#7632 = ( GEOMETRIC_REPRESENTATION_CONTEXT(2) 
PARAMETRIC_REPRESENTATION_CONTEXT() REPRESENTATION_CONTEXT('2D SPACE',''
  ) );
#7633 = ORIENTED_EDGE('',*,*,#7634,.T.);
#7634 = EDGE_CURVE('',#7605,#7635,#7637,.T.);
#7635 = VERTEX_POINT('',#7636);
#7636 = CARTESIAN_POINT('',(2.048950195312,155.18981933593,3.4));
#7637 = SURFACE_CURVE('',#7638,(#7642,#7649),.PCURVE_S1.);
#7638 = B_SPLINE_CURVE_WITH_KNOTS('',2,(#7639,#7640,#7641),
  .UNSPECIFIED.,.F.,.F.,(3,3),(0.,1.),.PIECEWISE_BEZIER_KNOTS.);
#7639 = CARTESIAN_POINT('',(2.484008789062,155.42053222656,3.4));
#7640 = CARTESIAN_POINT('',(2.211547851562,155.42053222656,3.4));
#7641 = CARTESIAN_POINT('',(2.048950195312,155.18981933593,3.4));
#7642 = PCURVE('',#5968,#7643);
#7643 = DEFINITIONAL_REPRESENTATION('',(#7644),#7648);
#7644 = B_SPLINE_CURVE_WITH_KNOTS('',2,(#7645,#7646,#7647),
  .UNSPECIFIED.,.F.,.F.,(3,3),(0.,1.),.PIECEWISE_BEZIER_KNOTS.);
#7645 = CARTESIAN_POINT('',(1.232666015625,2.906982421875));
#7646 = CARTESIAN_POINT('',(0.960205078125,2.906982421875));
#7647 = CARTESIAN_POINT('',(0.797607421875,2.67626953125));
#7648 = ( GEOMETRIC_REPRESENTATION_CONTEXT(2) 
PARAMETRIC_REPRESENTATION_CONTEXT() REPRESENTATION_CONTEXT('2D SPACE',''
  ) );
#7649 = PCURVE('',#7650,#7657);
#7650 = SURFACE_OF_LINEAR_EXTRUSION('',#7651,#7655);
#7651 = B_SPLINE_CURVE_WITH_KNOTS('',2,(#7652,#7653,#7654),
  .UNSPECIFIED.,.F.,.F.,(3,3),(0.,1.),.PIECEWISE_BEZIER_KNOTS.);
#7652 = CARTESIAN_POINT('',(2.484008789062,155.42053222656,4.));
#7653 = CARTESIAN_POINT('',(2.211547851562,155.42053222656,4.));
#7654 = CARTESIAN_POINT('',(2.048950195312,155.18981933593,4.));
#7655 = VECTOR('',#7656,1.);
#7656 = DIRECTION('',(0.,0.,1.));
#7657 = DEFINITIONAL_REPRESENTATION('',(#7658),#7662);
#7658 = LINE('',#7659,#7660);
#7659 = CARTESIAN_POINT('',(0.,-0.6));
#7660 = VECTOR('',#7661,1.);
#7661 = DIRECTION('',(1.,0.));
#7662 = ( GEOMETRIC_REPRESENTATION_CONTEXT(2) 
PARAMETRIC_REPRESENTATION_CONTEXT() REPRESENTATION_CONTEXT('2D SPACE',''
  ) );
#7663 = ORIENTED_EDGE('',*,*,#7664,.T.);
#7664 = EDGE_CURVE('',#7635,#7453,#7665,.T.);
#7665 = SURFACE_CURVE('',#7666,(#7670,#7677),.PCURVE_S1.);
#7666 = B_SPLINE_CURVE_WITH_KNOTS('',2,(#7667,#7668,#7669),
  .UNSPECIFIED.,.F.,.F.,(3,3),(0.,1.),.PIECEWISE_BEZIER_KNOTS.);
#7667 = CARTESIAN_POINT('',(2.048950195312,155.18981933593,3.4));
#7668 = CARTESIAN_POINT('',(1.844604492188,154.89538574218,3.4));
#7669 = CARTESIAN_POINT('',(1.844604492188,154.10217285156,3.4));
#7670 = PCURVE('',#5968,#7671);
#7671 = DEFINITIONAL_REPRESENTATION('',(#7672),#7676);
#7672 = B_SPLINE_CURVE_WITH_KNOTS('',2,(#7673,#7674,#7675),
  .UNSPECIFIED.,.F.,.F.,(3,3),(0.,1.),.PIECEWISE_BEZIER_KNOTS.);
#7673 = CARTESIAN_POINT('',(0.797607421875,2.67626953125));
#7674 = CARTESIAN_POINT('',(0.59326171875,2.3818359375));
#7675 = CARTESIAN_POINT('',(0.59326171875,1.588623046875));
#7676 = ( GEOMETRIC_REPRESENTATION_CONTEXT(2) 
PARAMETRIC_REPRESENTATION_CONTEXT() REPRESENTATION_CONTEXT('2D SPACE',''
  ) );
#7677 = PCURVE('',#7678,#7685);
#7678 = SURFACE_OF_LINEAR_EXTRUSION('',#7679,#7683);
#7679 = B_SPLINE_CURVE_WITH_KNOTS('',2,(#7680,#7681,#7682),
  .UNSPECIFIED.,.F.,.F.,(3,3),(0.,1.),.PIECEWISE_BEZIER_KNOTS.);
#7680 = CARTESIAN_POINT('',(2.048950195312,155.18981933593,4.));
#7681 = CARTESIAN_POINT('',(1.844604492188,154.89538574218,4.));
#7682 = CARTESIAN_POINT('',(1.844604492188,154.10217285156,4.));
#7683 = VECTOR('',#7684,1.);
#7684 = DIRECTION('',(0.,0.,1.));
#7685 = DEFINITIONAL_REPRESENTATION('',(#7686),#7690);
#7686 = LINE('',#7687,#7688);
#7687 = CARTESIAN_POINT('',(0.,-0.6));
#7688 = VECTOR('',#7689,1.);
#7689 = DIRECTION('',(1.,0.));
#7690 = ( GEOMETRIC_REPRESENTATION_CONTEXT(2) 
PARAMETRIC_REPRESENTATION_CONTEXT() REPRESENTATION_CONTEXT('2D SPACE',''
  ) );
#7691 = ADVANCED_FACE('',(#7692),#6572,.T.);
#7692 = FACE_BOUND('',#7693,.T.);
#7693 = EDGE_LOOP('',(#7694,#7717,#7718,#7741));
#7694 = ORIENTED_EDGE('',*,*,#7695,.T.);
#7695 = EDGE_CURVE('',#7696,#6555,#7698,.T.);
#7696 = VERTEX_POINT('',#7697);
#7697 = CARTESIAN_POINT('',(-1.786376953125,95.930541992188,4.));
#7698 = SURFACE_CURVE('',#7699,(#7703,#7710),.PCURVE_S1.);
#7699 = LINE('',#7700,#7701);
#7700 = CARTESIAN_POINT('',(-1.786376953125,95.930541992188,4.));
#7701 = VECTOR('',#7702,1.);
#7702 = DIRECTION('',(-0.,-0.,-1.));
#7703 = PCURVE('',#6572,#7704);
#7704 = DEFINITIONAL_REPRESENTATION('',(#7705),#7709);
#7705 = LINE('',#7706,#7707);
#7706 = CARTESIAN_POINT('',(0.,0.));
#7707 = VECTOR('',#7708,1.);
#7708 = DIRECTION('',(0.,-1.));
#7709 = ( GEOMETRIC_REPRESENTATION_CONTEXT(2) 
PARAMETRIC_REPRESENTATION_CONTEXT() REPRESENTATION_CONTEXT('2D SPACE',''
  ) );
#7710 = PCURVE('',#6780,#7711);
#7711 = DEFINITIONAL_REPRESENTATION('',(#7712),#7716);
#7712 = LINE('',#7713,#7714);
#7713 = CARTESIAN_POINT('',(1.,0.));
#7714 = VECTOR('',#7715,1.);
#7715 = DIRECTION('',(0.,-1.));
#7716 = ( GEOMETRIC_REPRESENTATION_CONTEXT(2) 
PARAMETRIC_REPRESENTATION_CONTEXT() REPRESENTATION_CONTEXT('2D SPACE',''
  ) );
#7717 = ORIENTED_EDGE('',*,*,#6554,.T.);
#7718 = ORIENTED_EDGE('',*,*,#7719,.F.);
#7719 = EDGE_CURVE('',#7720,#6557,#7722,.T.);
#7720 = VERTEX_POINT('',#7721);
#7721 = CARTESIAN_POINT('',(-1.63916015625,95.557006835938,4.));
#7722 = SURFACE_CURVE('',#7723,(#7727,#7734),.PCURVE_S1.);
#7723 = LINE('',#7724,#7725);
#7724 = CARTESIAN_POINT('',(-1.63916015625,95.557006835938,4.));
#7725 = VECTOR('',#7726,1.);
#7726 = DIRECTION('',(-0.,-0.,-1.));
#7727 = PCURVE('',#6572,#7728);
#7728 = DEFINITIONAL_REPRESENTATION('',(#7729),#7733);
#7729 = LINE('',#7730,#7731);
#7730 = CARTESIAN_POINT('',(1.,0.));
#7731 = VECTOR('',#7732,1.);
#7732 = DIRECTION('',(0.,-1.));
#7733 = ( GEOMETRIC_REPRESENTATION_CONTEXT(2) 
PARAMETRIC_REPRESENTATION_CONTEXT() REPRESENTATION_CONTEXT('2D SPACE',''
  ) );
#7734 = PCURVE('',#6602,#7735);
#7735 = DEFINITIONAL_REPRESENTATION('',(#7736),#7740);
#7736 = LINE('',#7737,#7738);
#7737 = CARTESIAN_POINT('',(0.,0.));
#7738 = VECTOR('',#7739,1.);
#7739 = DIRECTION('',(0.,-1.));
#7740 = ( GEOMETRIC_REPRESENTATION_CONTEXT(2) 
PARAMETRIC_REPRESENTATION_CONTEXT() REPRESENTATION_CONTEXT('2D SPACE',''
  ) );
#7741 = ORIENTED_EDGE('',*,*,#7742,.F.);
#7742 = EDGE_CURVE('',#7696,#7720,#7743,.T.);
#7743 = SURFACE_CURVE('',#7744,(#7748,#7755),.PCURVE_S1.);
#7744 = B_SPLINE_CURVE_WITH_KNOTS('',2,(#7745,#7746,#7747),
  .UNSPECIFIED.,.F.,.F.,(3,3),(0.,1.),.PIECEWISE_BEZIER_KNOTS.);
#7745 = CARTESIAN_POINT('',(-1.786376953125,95.930541992188,4.));
#7746 = CARTESIAN_POINT('',(-1.786376953125,95.702026367188,4.));
#7747 = CARTESIAN_POINT('',(-1.63916015625,95.557006835938,4.));
#7748 = PCURVE('',#6572,#7749);
#7749 = DEFINITIONAL_REPRESENTATION('',(#7750),#7754);
#7750 = LINE('',#7751,#7752);
#7751 = CARTESIAN_POINT('',(0.,0.));
#7752 = VECTOR('',#7753,1.);
#7753 = DIRECTION('',(1.,0.));
#7754 = ( GEOMETRIC_REPRESENTATION_CONTEXT(2) 
PARAMETRIC_REPRESENTATION_CONTEXT() REPRESENTATION_CONTEXT('2D SPACE',''
  ) );
#7755 = PCURVE('',#7756,#7761);
#7756 = PLANE('',#7757);
#7757 = AXIS2_PLACEMENT_3D('',#7758,#7759,#7760);
#7758 = CARTESIAN_POINT('',(-1.358555489328E-09,111.5,4.));
#7759 = DIRECTION('',(0.,0.,1.));
#7760 = DIRECTION('',(1.,0.,-0.));
#7761 = DEFINITIONAL_REPRESENTATION('',(#7762),#7766);
#7762 = B_SPLINE_CURVE_WITH_KNOTS('',2,(#7763,#7764,#7765),
  .UNSPECIFIED.,.F.,.F.,(3,3),(0.,1.),.PIECEWISE_BEZIER_KNOTS.);
#7763 = CARTESIAN_POINT('',(-1.786376951766,-15.56945800781));
#7764 = CARTESIAN_POINT('',(-1.786376951766,-15.79797363281));
#7765 = CARTESIAN_POINT('',(-1.639160154891,-15.94299316406));
#7766 = ( GEOMETRIC_REPRESENTATION_CONTEXT(2) 
PARAMETRIC_REPRESENTATION_CONTEXT() REPRESENTATION_CONTEXT('2D SPACE',''
  ) );
#7767 = ADVANCED_FACE('',(#7768),#6602,.T.);
#7768 = FACE_BOUND('',#7769,.T.);
#7769 = EDGE_LOOP('',(#7770,#7771,#7772,#7795));
#7770 = ORIENTED_EDGE('',*,*,#7719,.T.);
#7771 = ORIENTED_EDGE('',*,*,#6586,.T.);
#7772 = ORIENTED_EDGE('',*,*,#7773,.F.);
#7773 = EDGE_CURVE('',#7774,#6587,#7776,.T.);
#7774 = VERTEX_POINT('',#7775);
#7775 = CARTESIAN_POINT('',(-1.2568359375,95.411987304688,4.));
#7776 = SURFACE_CURVE('',#7777,(#7781,#7788),.PCURVE_S1.);
#7777 = LINE('',#7778,#7779);
#7778 = CARTESIAN_POINT('',(-1.2568359375,95.411987304688,4.));
#7779 = VECTOR('',#7780,1.);
#7780 = DIRECTION('',(-0.,-0.,-1.));
#7781 = PCURVE('',#6602,#7782);
#7782 = DEFINITIONAL_REPRESENTATION('',(#7783),#7787);
#7783 = LINE('',#7784,#7785);
#7784 = CARTESIAN_POINT('',(1.,0.));
#7785 = VECTOR('',#7786,1.);
#7786 = DIRECTION('',(0.,-1.));
#7787 = ( GEOMETRIC_REPRESENTATION_CONTEXT(2) 
PARAMETRIC_REPRESENTATION_CONTEXT() REPRESENTATION_CONTEXT('2D SPACE',''
  ) );
#7788 = PCURVE('',#6632,#7789);
#7789 = DEFINITIONAL_REPRESENTATION('',(#7790),#7794);
#7790 = LINE('',#7791,#7792);
#7791 = CARTESIAN_POINT('',(0.,0.));
#7792 = VECTOR('',#7793,1.);
#7793 = DIRECTION('',(0.,-1.));
#7794 = ( GEOMETRIC_REPRESENTATION_CONTEXT(2) 
PARAMETRIC_REPRESENTATION_CONTEXT() REPRESENTATION_CONTEXT('2D SPACE',''
  ) );
#7795 = ORIENTED_EDGE('',*,*,#7796,.F.);
#7796 = EDGE_CURVE('',#7720,#7774,#7797,.T.);
#7797 = SURFACE_CURVE('',#7798,(#7802,#7809),.PCURVE_S1.);
#7798 = B_SPLINE_CURVE_WITH_KNOTS('',2,(#7799,#7800,#7801),
  .UNSPECIFIED.,.F.,.F.,(3,3),(0.,1.),.PIECEWISE_BEZIER_KNOTS.);
#7799 = CARTESIAN_POINT('',(-1.63916015625,95.557006835938,4.));
#7800 = CARTESIAN_POINT('',(-1.491943359375,95.411987304688,4.));
#7801 = CARTESIAN_POINT('',(-1.2568359375,95.411987304688,4.));
#7802 = PCURVE('',#6602,#7803);
#7803 = DEFINITIONAL_REPRESENTATION('',(#7804),#7808);
#7804 = LINE('',#7805,#7806);
#7805 = CARTESIAN_POINT('',(0.,0.));
#7806 = VECTOR('',#7807,1.);
#7807 = DIRECTION('',(1.,0.));
#7808 = ( GEOMETRIC_REPRESENTATION_CONTEXT(2) 
PARAMETRIC_REPRESENTATION_CONTEXT() REPRESENTATION_CONTEXT('2D SPACE',''
  ) );
#7809 = PCURVE('',#7756,#7810);
#7810 = DEFINITIONAL_REPRESENTATION('',(#7811),#7815);
#7811 = B_SPLINE_CURVE_WITH_KNOTS('',2,(#7812,#7813,#7814),
  .UNSPECIFIED.,.F.,.F.,(3,3),(0.,1.),.PIECEWISE_BEZIER_KNOTS.);
#7812 = CARTESIAN_POINT('',(-1.639160154891,-15.94299316406));
#7813 = CARTESIAN_POINT('',(-1.491943358016,-16.08801269531));
#7814 = CARTESIAN_POINT('',(-1.256835936141,-16.08801269531));
#7815 = ( GEOMETRIC_REPRESENTATION_CONTEXT(2) 
PARAMETRIC_REPRESENTATION_CONTEXT() REPRESENTATION_CONTEXT('2D SPACE',''
  ) );
#7816 = ADVANCED_FACE('',(#7817),#6632,.T.);
#7817 = FACE_BOUND('',#7818,.T.);
#7818 = EDGE_LOOP('',(#7819,#7820,#7821,#7844));
#7819 = ORIENTED_EDGE('',*,*,#7773,.T.);
#7820 = ORIENTED_EDGE('',*,*,#6616,.T.);
#7821 = ORIENTED_EDGE('',*,*,#7822,.F.);
#7822 = EDGE_CURVE('',#7823,#6617,#7825,.T.);
#7823 = VERTEX_POINT('',#7824);
#7824 = CARTESIAN_POINT('',(-0.882202148438,95.555908203125,4.));
#7825 = SURFACE_CURVE('',#7826,(#7830,#7837),.PCURVE_S1.);
#7826 = LINE('',#7827,#7828);
#7827 = CARTESIAN_POINT('',(-0.882202148438,95.555908203125,4.));
#7828 = VECTOR('',#7829,1.);
#7829 = DIRECTION('',(-0.,-0.,-1.));
#7830 = PCURVE('',#6632,#7831);
#7831 = DEFINITIONAL_REPRESENTATION('',(#7832),#7836);
#7832 = LINE('',#7833,#7834);
#7833 = CARTESIAN_POINT('',(1.,0.));
#7834 = VECTOR('',#7835,1.);
#7835 = DIRECTION('',(0.,-1.));
#7836 = ( GEOMETRIC_REPRESENTATION_CONTEXT(2) 
PARAMETRIC_REPRESENTATION_CONTEXT() REPRESENTATION_CONTEXT('2D SPACE',''
  ) );
#7837 = PCURVE('',#6662,#7838);
#7838 = DEFINITIONAL_REPRESENTATION('',(#7839),#7843);
#7839 = LINE('',#7840,#7841);
#7840 = CARTESIAN_POINT('',(0.,0.));
#7841 = VECTOR('',#7842,1.);
#7842 = DIRECTION('',(0.,-1.));
#7843 = ( GEOMETRIC_REPRESENTATION_CONTEXT(2) 
PARAMETRIC_REPRESENTATION_CONTEXT() REPRESENTATION_CONTEXT('2D SPACE',''
  ) );
#7844 = ORIENTED_EDGE('',*,*,#7845,.F.);
#7845 = EDGE_CURVE('',#7774,#7823,#7846,.T.);
#7846 = SURFACE_CURVE('',#7847,(#7851,#7858),.PCURVE_S1.);
#7847 = B_SPLINE_CURVE_WITH_KNOTS('',2,(#7848,#7849,#7850),
  .UNSPECIFIED.,.F.,.F.,(3,3),(0.,1.),.PIECEWISE_BEZIER_KNOTS.);
#7848 = CARTESIAN_POINT('',(-1.2568359375,95.411987304688,4.));
#7849 = CARTESIAN_POINT('',(-1.0283203125,95.411987304688,4.));
#7850 = CARTESIAN_POINT('',(-0.882202148438,95.555908203125,4.));
#7851 = PCURVE('',#6632,#7852);
#7852 = DEFINITIONAL_REPRESENTATION('',(#7853),#7857);
#7853 = LINE('',#7854,#7855);
#7854 = CARTESIAN_POINT('',(0.,0.));
#7855 = VECTOR('',#7856,1.);
#7856 = DIRECTION('',(1.,0.));
#7857 = ( GEOMETRIC_REPRESENTATION_CONTEXT(2) 
PARAMETRIC_REPRESENTATION_CONTEXT() REPRESENTATION_CONTEXT('2D SPACE',''
  ) );
#7858 = PCURVE('',#7756,#7859);
#7859 = DEFINITIONAL_REPRESENTATION('',(#7860),#7864);
#7860 = B_SPLINE_CURVE_WITH_KNOTS('',2,(#7861,#7862,#7863),
  .UNSPECIFIED.,.F.,.F.,(3,3),(0.,1.),.PIECEWISE_BEZIER_KNOTS.);
#7861 = CARTESIAN_POINT('',(-1.256835936141,-16.08801269531));
#7862 = CARTESIAN_POINT('',(-1.028320311141,-16.08801269531));
#7863 = CARTESIAN_POINT('',(-0.882202147079,-15.94409179687));
#7864 = ( GEOMETRIC_REPRESENTATION_CONTEXT(2) 
PARAMETRIC_REPRESENTATION_CONTEXT() REPRESENTATION_CONTEXT('2D SPACE',''
  ) );
#7865 = ADVANCED_FACE('',(#7866),#6662,.T.);
#7866 = FACE_BOUND('',#7867,.T.);
#7867 = EDGE_LOOP('',(#7868,#7869,#7870,#7893));
#7868 = ORIENTED_EDGE('',*,*,#7822,.T.);
#7869 = ORIENTED_EDGE('',*,*,#6646,.T.);
#7870 = ORIENTED_EDGE('',*,*,#7871,.F.);
#7871 = EDGE_CURVE('',#7872,#6647,#7874,.T.);
#7872 = VERTEX_POINT('',#7873);
#7873 = CARTESIAN_POINT('',(-0.736083984375,95.908569335938,4.));
#7874 = SURFACE_CURVE('',#7875,(#7879,#7886),.PCURVE_S1.);
#7875 = LINE('',#7876,#7877);
#7876 = CARTESIAN_POINT('',(-0.736083984375,95.908569335938,4.));
#7877 = VECTOR('',#7878,1.);
#7878 = DIRECTION('',(-0.,-0.,-1.));
#7879 = PCURVE('',#6662,#7880);
#7880 = DEFINITIONAL_REPRESENTATION('',(#7881),#7885);
#7881 = LINE('',#7882,#7883);
#7882 = CARTESIAN_POINT('',(1.,0.));
#7883 = VECTOR('',#7884,1.);
#7884 = DIRECTION('',(0.,-1.));
#7885 = ( GEOMETRIC_REPRESENTATION_CONTEXT(2) 
PARAMETRIC_REPRESENTATION_CONTEXT() REPRESENTATION_CONTEXT('2D SPACE',''
  ) );
#7886 = PCURVE('',#6692,#7887);
#7887 = DEFINITIONAL_REPRESENTATION('',(#7888),#7892);
#7888 = LINE('',#7889,#7890);
#7889 = CARTESIAN_POINT('',(0.,0.));
#7890 = VECTOR('',#7891,1.);
#7891 = DIRECTION('',(0.,-1.));
#7892 = ( GEOMETRIC_REPRESENTATION_CONTEXT(2) 
PARAMETRIC_REPRESENTATION_CONTEXT() REPRESENTATION_CONTEXT('2D SPACE',''
  ) );
#7893 = ORIENTED_EDGE('',*,*,#7894,.F.);
#7894 = EDGE_CURVE('',#7823,#7872,#7895,.T.);
#7895 = SURFACE_CURVE('',#7896,(#7900,#7907),.PCURVE_S1.);
#7896 = B_SPLINE_CURVE_WITH_KNOTS('',2,(#7897,#7898,#7899),
  .UNSPECIFIED.,.F.,.F.,(3,3),(0.,1.),.PIECEWISE_BEZIER_KNOTS.);
#7897 = CARTESIAN_POINT('',(-0.882202148438,95.555908203125,4.));
#7898 = CARTESIAN_POINT('',(-0.736083984375,95.699829101562,4.));
#7899 = CARTESIAN_POINT('',(-0.736083984375,95.908569335938,4.));
#7900 = PCURVE('',#6662,#7901);
#7901 = DEFINITIONAL_REPRESENTATION('',(#7902),#7906);
#7902 = LINE('',#7903,#7904);
#7903 = CARTESIAN_POINT('',(0.,0.));
#7904 = VECTOR('',#7905,1.);
#7905 = DIRECTION('',(1.,0.));
#7906 = ( GEOMETRIC_REPRESENTATION_CONTEXT(2) 
PARAMETRIC_REPRESENTATION_CONTEXT() REPRESENTATION_CONTEXT('2D SPACE',''
  ) );
#7907 = PCURVE('',#7756,#7908);
#7908 = DEFINITIONAL_REPRESENTATION('',(#7909),#7913);
#7909 = B_SPLINE_CURVE_WITH_KNOTS('',2,(#7910,#7911,#7912),
  .UNSPECIFIED.,.F.,.F.,(3,3),(0.,1.),.PIECEWISE_BEZIER_KNOTS.);
#7910 = CARTESIAN_POINT('',(-0.882202147079,-15.94409179687));
#7911 = CARTESIAN_POINT('',(-0.736083983016,-15.80017089843));
#7912 = CARTESIAN_POINT('',(-0.736083983016,-15.59143066406));
#7913 = ( GEOMETRIC_REPRESENTATION_CONTEXT(2) 
PARAMETRIC_REPRESENTATION_CONTEXT() REPRESENTATION_CONTEXT('2D SPACE',''
  ) );
#7914 = ADVANCED_FACE('',(#7915),#6692,.T.);
#7915 = FACE_BOUND('',#7916,.T.);
#7916 = EDGE_LOOP('',(#7917,#7918,#7919,#7942));
#7917 = ORIENTED_EDGE('',*,*,#7871,.T.);
#7918 = ORIENTED_EDGE('',*,*,#6676,.T.);
#7919 = ORIENTED_EDGE('',*,*,#7920,.F.);
#7920 = EDGE_CURVE('',#7921,#6677,#7923,.T.);
#7921 = VERTEX_POINT('',#7922);
#7922 = CARTESIAN_POINT('',(-0.886596679688,96.2744140625,4.));
#7923 = SURFACE_CURVE('',#7924,(#7928,#7935),.PCURVE_S1.);
#7924 = LINE('',#7925,#7926);
#7925 = CARTESIAN_POINT('',(-0.886596679688,96.2744140625,4.));
#7926 = VECTOR('',#7927,1.);
#7927 = DIRECTION('',(-0.,-0.,-1.));
#7928 = PCURVE('',#6692,#7929);
#7929 = DEFINITIONAL_REPRESENTATION('',(#7930),#7934);
#7930 = LINE('',#7931,#7932);
#7931 = CARTESIAN_POINT('',(1.,0.));
#7932 = VECTOR('',#7933,1.);
#7933 = DIRECTION('',(0.,-1.));
#7934 = ( GEOMETRIC_REPRESENTATION_CONTEXT(2) 
PARAMETRIC_REPRESENTATION_CONTEXT() REPRESENTATION_CONTEXT('2D SPACE',''
  ) );
#7935 = PCURVE('',#6722,#7936);
#7936 = DEFINITIONAL_REPRESENTATION('',(#7937),#7941);
#7937 = LINE('',#7938,#7939);
#7938 = CARTESIAN_POINT('',(0.,0.));
#7939 = VECTOR('',#7940,1.);
#7940 = DIRECTION('',(0.,-1.));
#7941 = ( GEOMETRIC_REPRESENTATION_CONTEXT(2) 
PARAMETRIC_REPRESENTATION_CONTEXT() REPRESENTATION_CONTEXT('2D SPACE',''
  ) );
#7942 = ORIENTED_EDGE('',*,*,#7943,.F.);
#7943 = EDGE_CURVE('',#7872,#7921,#7944,.T.);
#7944 = SURFACE_CURVE('',#7945,(#7949,#7956),.PCURVE_S1.);
#7945 = B_SPLINE_CURVE_WITH_KNOTS('',2,(#7946,#7947,#7948),
  .UNSPECIFIED.,.F.,.F.,(3,3),(0.,1.),.PIECEWISE_BEZIER_KNOTS.);
#7946 = CARTESIAN_POINT('',(-0.736083984375,95.908569335938,4.));
#7947 = CARTESIAN_POINT('',(-0.736083984375,96.126098632812,4.));
#7948 = CARTESIAN_POINT('',(-0.886596679688,96.2744140625,4.));
#7949 = PCURVE('',#6692,#7950);
#7950 = DEFINITIONAL_REPRESENTATION('',(#7951),#7955);
#7951 = LINE('',#7952,#7953);
#7952 = CARTESIAN_POINT('',(0.,0.));
#7953 = VECTOR('',#7954,1.);
#7954 = DIRECTION('',(1.,0.));
#7955 = ( GEOMETRIC_REPRESENTATION_CONTEXT(2) 
PARAMETRIC_REPRESENTATION_CONTEXT() REPRESENTATION_CONTEXT('2D SPACE',''
  ) );
#7956 = PCURVE('',#7756,#7957);
#7957 = DEFINITIONAL_REPRESENTATION('',(#7958),#7962);
#7958 = B_SPLINE_CURVE_WITH_KNOTS('',2,(#7959,#7960,#7961),
  .UNSPECIFIED.,.F.,.F.,(3,3),(0.,1.),.PIECEWISE_BEZIER_KNOTS.);
#7959 = CARTESIAN_POINT('',(-0.736083983016,-15.59143066406));
#7960 = CARTESIAN_POINT('',(-0.736083983016,-15.37390136718));
#7961 = CARTESIAN_POINT('',(-0.886596678329,-15.2255859375));
#7962 = ( GEOMETRIC_REPRESENTATION_CONTEXT(2) 
PARAMETRIC_REPRESENTATION_CONTEXT() REPRESENTATION_CONTEXT('2D SPACE',''
  ) );
#7963 = ADVANCED_FACE('',(#7964),#6722,.T.);
#7964 = FACE_BOUND('',#7965,.T.);
#7965 = EDGE_LOOP('',(#7966,#7967,#7968,#7991));
#7966 = ORIENTED_EDGE('',*,*,#7920,.T.);
#7967 = ORIENTED_EDGE('',*,*,#6706,.T.);
#7968 = ORIENTED_EDGE('',*,*,#7969,.F.);
#7969 = EDGE_CURVE('',#7970,#6707,#7972,.T.);
#7970 = VERTEX_POINT('',#7971);
#7971 = CARTESIAN_POINT('',(-1.26123046875,96.422729492188,4.));
#7972 = SURFACE_CURVE('',#7973,(#7977,#7984),.PCURVE_S1.);
#7973 = LINE('',#7974,#7975);
#7974 = CARTESIAN_POINT('',(-1.26123046875,96.422729492188,4.));
#7975 = VECTOR('',#7976,1.);
#7976 = DIRECTION('',(-0.,-0.,-1.));
#7977 = PCURVE('',#6722,#7978);
#7978 = DEFINITIONAL_REPRESENTATION('',(#7979),#7983);
#7979 = LINE('',#7980,#7981);
#7980 = CARTESIAN_POINT('',(1.,0.));
#7981 = VECTOR('',#7982,1.);
#7982 = DIRECTION('',(0.,-1.));
#7983 = ( GEOMETRIC_REPRESENTATION_CONTEXT(2) 
PARAMETRIC_REPRESENTATION_CONTEXT() REPRESENTATION_CONTEXT('2D SPACE',''
  ) );
#7984 = PCURVE('',#6752,#7985);
#7985 = DEFINITIONAL_REPRESENTATION('',(#7986),#7990);
#7986 = LINE('',#7987,#7988);
#7987 = CARTESIAN_POINT('',(0.,0.));
#7988 = VECTOR('',#7989,1.);
#7989 = DIRECTION('',(0.,-1.));
#7990 = ( GEOMETRIC_REPRESENTATION_CONTEXT(2) 
PARAMETRIC_REPRESENTATION_CONTEXT() REPRESENTATION_CONTEXT('2D SPACE',''
  ) );
#7991 = ORIENTED_EDGE('',*,*,#7992,.F.);
#7992 = EDGE_CURVE('',#7921,#7970,#7993,.T.);
#7993 = SURFACE_CURVE('',#7994,(#7998,#8005),.PCURVE_S1.);
#7994 = B_SPLINE_CURVE_WITH_KNOTS('',2,(#7995,#7996,#7997),
  .UNSPECIFIED.,.F.,.F.,(3,3),(0.,1.),.PIECEWISE_BEZIER_KNOTS.);
#7995 = CARTESIAN_POINT('',(-0.886596679688,96.2744140625,4.));
#7996 = CARTESIAN_POINT('',(-1.037109375,96.422729492188,4.));
#7997 = CARTESIAN_POINT('',(-1.26123046875,96.422729492188,4.));
#7998 = PCURVE('',#6722,#7999);
#7999 = DEFINITIONAL_REPRESENTATION('',(#8000),#8004);
#8000 = LINE('',#8001,#8002);
#8001 = CARTESIAN_POINT('',(0.,0.));
#8002 = VECTOR('',#8003,1.);
#8003 = DIRECTION('',(1.,0.));
#8004 = ( GEOMETRIC_REPRESENTATION_CONTEXT(2) 
PARAMETRIC_REPRESENTATION_CONTEXT() REPRESENTATION_CONTEXT('2D SPACE',''
  ) );
#8005 = PCURVE('',#7756,#8006);
#8006 = DEFINITIONAL_REPRESENTATION('',(#8007),#8011);
#8007 = B_SPLINE_CURVE_WITH_KNOTS('',2,(#8008,#8009,#8010),
  .UNSPECIFIED.,.F.,.F.,(3,3),(0.,1.),.PIECEWISE_BEZIER_KNOTS.);
#8008 = CARTESIAN_POINT('',(-0.886596678329,-15.2255859375));
#8009 = CARTESIAN_POINT('',(-1.037109373641,-15.07727050781));
#8010 = CARTESIAN_POINT('',(-1.261230467391,-15.07727050781));
#8011 = ( GEOMETRIC_REPRESENTATION_CONTEXT(2) 
PARAMETRIC_REPRESENTATION_CONTEXT() REPRESENTATION_CONTEXT('2D SPACE',''
  ) );
#8012 = ADVANCED_FACE('',(#8013),#6752,.T.);
#8013 = FACE_BOUND('',#8014,.T.);
#8014 = EDGE_LOOP('',(#8015,#8016,#8017,#8040));
#8015 = ORIENTED_EDGE('',*,*,#7969,.T.);
#8016 = ORIENTED_EDGE('',*,*,#6736,.T.);
#8017 = ORIENTED_EDGE('',*,*,#8018,.F.);
#8018 = EDGE_CURVE('',#8019,#6737,#8021,.T.);
#8019 = VERTEX_POINT('',#8020);
#8020 = CARTESIAN_POINT('',(-1.636962890625,96.277709960938,4.));
#8021 = SURFACE_CURVE('',#8022,(#8026,#8033),.PCURVE_S1.);
#8022 = LINE('',#8023,#8024);
#8023 = CARTESIAN_POINT('',(-1.636962890625,96.277709960938,4.));
#8024 = VECTOR('',#8025,1.);
#8025 = DIRECTION('',(-0.,-0.,-1.));
#8026 = PCURVE('',#6752,#8027);
#8027 = DEFINITIONAL_REPRESENTATION('',(#8028),#8032);
#8028 = LINE('',#8029,#8030);
#8029 = CARTESIAN_POINT('',(1.,0.));
#8030 = VECTOR('',#8031,1.);
#8031 = DIRECTION('',(0.,-1.));
#8032 = ( GEOMETRIC_REPRESENTATION_CONTEXT(2) 
PARAMETRIC_REPRESENTATION_CONTEXT() REPRESENTATION_CONTEXT('2D SPACE',''
  ) );
#8033 = PCURVE('',#6780,#8034);
#8034 = DEFINITIONAL_REPRESENTATION('',(#8035),#8039);
#8035 = LINE('',#8036,#8037);
#8036 = CARTESIAN_POINT('',(0.,0.));
#8037 = VECTOR('',#8038,1.);
#8038 = DIRECTION('',(0.,-1.));
#8039 = ( GEOMETRIC_REPRESENTATION_CONTEXT(2) 
PARAMETRIC_REPRESENTATION_CONTEXT() REPRESENTATION_CONTEXT('2D SPACE',''
  ) );
#8040 = ORIENTED_EDGE('',*,*,#8041,.F.);
#8041 = EDGE_CURVE('',#7970,#8019,#8042,.T.);
#8042 = SURFACE_CURVE('',#8043,(#8047,#8054),.PCURVE_S1.);
#8043 = B_SPLINE_CURVE_WITH_KNOTS('',2,(#8044,#8045,#8046),
  .UNSPECIFIED.,.F.,.F.,(3,3),(0.,1.),.PIECEWISE_BEZIER_KNOTS.);
#8044 = CARTESIAN_POINT('',(-1.26123046875,96.422729492188,4.));
#8045 = CARTESIAN_POINT('',(-1.487548828125,96.422729492188,4.));
#8046 = CARTESIAN_POINT('',(-1.636962890625,96.277709960938,4.));
#8047 = PCURVE('',#6752,#8048);
#8048 = DEFINITIONAL_REPRESENTATION('',(#8049),#8053);
#8049 = LINE('',#8050,#8051);
#8050 = CARTESIAN_POINT('',(0.,0.));
#8051 = VECTOR('',#8052,1.);
#8052 = DIRECTION('',(1.,0.));
#8053 = ( GEOMETRIC_REPRESENTATION_CONTEXT(2) 
PARAMETRIC_REPRESENTATION_CONTEXT() REPRESENTATION_CONTEXT('2D SPACE',''
  ) );
#8054 = PCURVE('',#7756,#8055);
#8055 = DEFINITIONAL_REPRESENTATION('',(#8056),#8060);
#8056 = B_SPLINE_CURVE_WITH_KNOTS('',2,(#8057,#8058,#8059),
  .UNSPECIFIED.,.F.,.F.,(3,3),(0.,1.),.PIECEWISE_BEZIER_KNOTS.);
#8057 = CARTESIAN_POINT('',(-1.261230467391,-15.07727050781));
#8058 = CARTESIAN_POINT('',(-1.487548826766,-15.07727050781));
#8059 = CARTESIAN_POINT('',(-1.636962889266,-15.22229003906));
#8060 = ( GEOMETRIC_REPRESENTATION_CONTEXT(2) 
PARAMETRIC_REPRESENTATION_CONTEXT() REPRESENTATION_CONTEXT('2D SPACE',''
  ) );
#8061 = ADVANCED_FACE('',(#8062),#6780,.T.);
#8062 = FACE_BOUND('',#8063,.T.);
#8063 = EDGE_LOOP('',(#8064,#8065,#8066,#8067));
#8064 = ORIENTED_EDGE('',*,*,#8018,.T.);
#8065 = ORIENTED_EDGE('',*,*,#6766,.T.);
#8066 = ORIENTED_EDGE('',*,*,#7695,.F.);
#8067 = ORIENTED_EDGE('',*,*,#8068,.F.);
#8068 = EDGE_CURVE('',#8019,#7696,#8069,.T.);
#8069 = SURFACE_CURVE('',#8070,(#8074,#8081),.PCURVE_S1.);
#8070 = B_SPLINE_CURVE_WITH_KNOTS('',2,(#8071,#8072,#8073),
  .UNSPECIFIED.,.F.,.F.,(3,3),(0.,1.),.PIECEWISE_BEZIER_KNOTS.);
#8071 = CARTESIAN_POINT('',(-1.636962890625,96.277709960938,4.));
#8072 = CARTESIAN_POINT('',(-1.786376953125,96.132690429688,4.));
#8073 = CARTESIAN_POINT('',(-1.786376953125,95.930541992188,4.));
#8074 = PCURVE('',#6780,#8075);
#8075 = DEFINITIONAL_REPRESENTATION('',(#8076),#8080);
#8076 = LINE('',#8077,#8078);
#8077 = CARTESIAN_POINT('',(0.,0.));
#8078 = VECTOR('',#8079,1.);
#8079 = DIRECTION('',(1.,0.));
#8080 = ( GEOMETRIC_REPRESENTATION_CONTEXT(2) 
PARAMETRIC_REPRESENTATION_CONTEXT() REPRESENTATION_CONTEXT('2D SPACE',''
  ) );
#8081 = PCURVE('',#7756,#8082);
#8082 = DEFINITIONAL_REPRESENTATION('',(#8083),#8087);
#8083 = B_SPLINE_CURVE_WITH_KNOTS('',2,(#8084,#8085,#8086),
  .UNSPECIFIED.,.F.,.F.,(3,3),(0.,1.),.PIECEWISE_BEZIER_KNOTS.);
#8084 = CARTESIAN_POINT('',(-1.636962889266,-15.22229003906));
#8085 = CARTESIAN_POINT('',(-1.786376951766,-15.36730957031));
#8086 = CARTESIAN_POINT('',(-1.786376951766,-15.56945800781));
#8087 = ( GEOMETRIC_REPRESENTATION_CONTEXT(2) 
PARAMETRIC_REPRESENTATION_CONTEXT() REPRESENTATION_CONTEXT('2D SPACE',''
  ) );
#8088 = ADVANCED_FACE('',(#8089),#6814,.T.);
#8089 = FACE_BOUND('',#8090,.T.);
#8090 = EDGE_LOOP('',(#8091,#8114,#8115,#8138));
#8091 = ORIENTED_EDGE('',*,*,#8092,.T.);
#8092 = EDGE_CURVE('',#8093,#6797,#8095,.T.);
#8093 = VERTEX_POINT('',#8094);
#8094 = CARTESIAN_POINT('',(-1.913818359375,94.442993164062,4.));
#8095 = SURFACE_CURVE('',#8096,(#8100,#8107),.PCURVE_S1.);
#8096 = LINE('',#8097,#8098);
#8097 = CARTESIAN_POINT('',(-1.913818359375,94.442993164062,4.));
#8098 = VECTOR('',#8099,1.);
#8099 = DIRECTION('',(-0.,-0.,-1.));
#8100 = PCURVE('',#6814,#8101);
#8101 = DEFINITIONAL_REPRESENTATION('',(#8102),#8106);
#8102 = LINE('',#8103,#8104);
#8103 = CARTESIAN_POINT('',(0.,0.));
#8104 = VECTOR('',#8105,1.);
#8105 = DIRECTION('',(0.,-1.));
#8106 = ( GEOMETRIC_REPRESENTATION_CONTEXT(2) 
PARAMETRIC_REPRESENTATION_CONTEXT() REPRESENTATION_CONTEXT('2D SPACE',''
  ) );
#8107 = PCURVE('',#7052,#8108);
#8108 = DEFINITIONAL_REPRESENTATION('',(#8109),#8113);
#8109 = LINE('',#8110,#8111);
#8110 = CARTESIAN_POINT('',(1.,0.));
#8111 = VECTOR('',#8112,1.);
#8112 = DIRECTION('',(0.,-1.));
#8113 = ( GEOMETRIC_REPRESENTATION_CONTEXT(2) 
PARAMETRIC_REPRESENTATION_CONTEXT() REPRESENTATION_CONTEXT('2D SPACE',''
  ) );
#8114 = ORIENTED_EDGE('',*,*,#6796,.T.);
#8115 = ORIENTED_EDGE('',*,*,#8116,.F.);
#8116 = EDGE_CURVE('',#8117,#6799,#8119,.T.);
#8117 = VERTEX_POINT('',#8118);
#8118 = CARTESIAN_POINT('',(-1.833618164062,94.115600585938,4.));
#8119 = SURFACE_CURVE('',#8120,(#8124,#8131),.PCURVE_S1.);
#8120 = LINE('',#8121,#8122);
#8121 = CARTESIAN_POINT('',(-1.833618164062,94.115600585938,4.));
#8122 = VECTOR('',#8123,1.);
#8123 = DIRECTION('',(-0.,-0.,-1.));
#8124 = PCURVE('',#6814,#8125);
#8125 = DEFINITIONAL_REPRESENTATION('',(#8126),#8130);
#8126 = LINE('',#8127,#8128);
#8127 = CARTESIAN_POINT('',(1.,0.));
#8128 = VECTOR('',#8129,1.);
#8129 = DIRECTION('',(0.,-1.));
#8130 = ( GEOMETRIC_REPRESENTATION_CONTEXT(2) 
PARAMETRIC_REPRESENTATION_CONTEXT() REPRESENTATION_CONTEXT('2D SPACE',''
  ) );
#8131 = PCURVE('',#6844,#8132);
#8132 = DEFINITIONAL_REPRESENTATION('',(#8133),#8137);
#8133 = LINE('',#8134,#8135);
#8134 = CARTESIAN_POINT('',(0.,0.));
#8135 = VECTOR('',#8136,1.);
#8136 = DIRECTION('',(0.,-1.));
#8137 = ( GEOMETRIC_REPRESENTATION_CONTEXT(2) 
PARAMETRIC_REPRESENTATION_CONTEXT() REPRESENTATION_CONTEXT('2D SPACE',''
  ) );
#8138 = ORIENTED_EDGE('',*,*,#8139,.F.);
#8139 = EDGE_CURVE('',#8093,#8117,#8140,.T.);
#8140 = SURFACE_CURVE('',#8141,(#8145,#8152),.PCURVE_S1.);
#8141 = B_SPLINE_CURVE_WITH_KNOTS('',2,(#8142,#8143,#8144),
  .UNSPECIFIED.,.F.,.F.,(3,3),(0.,1.),.PIECEWISE_BEZIER_KNOTS.);
#8142 = CARTESIAN_POINT('',(-1.913818359375,94.442993164062,4.));
#8143 = CARTESIAN_POINT('',(-1.913818359375,94.273803710938,4.));
#8144 = CARTESIAN_POINT('',(-1.833618164062,94.115600585938,4.));
#8145 = PCURVE('',#6814,#8146);
#8146 = DEFINITIONAL_REPRESENTATION('',(#8147),#8151);
#8147 = LINE('',#8148,#8149);
#8148 = CARTESIAN_POINT('',(0.,0.));
#8149 = VECTOR('',#8150,1.);
#8150 = DIRECTION('',(1.,0.));
#8151 = ( GEOMETRIC_REPRESENTATION_CONTEXT(2) 
PARAMETRIC_REPRESENTATION_CONTEXT() REPRESENTATION_CONTEXT('2D SPACE',''
  ) );
#8152 = PCURVE('',#8153,#8158);
#8153 = PLANE('',#8154);
#8154 = AXIS2_PLACEMENT_3D('',#8155,#8156,#8157);
#8155 = CARTESIAN_POINT('',(-1.358555489328E-09,111.5,4.));
#8156 = DIRECTION('',(0.,0.,1.));
#8157 = DIRECTION('',(1.,0.,-0.));
#8158 = DEFINITIONAL_REPRESENTATION('',(#8159),#8163);
#8159 = B_SPLINE_CURVE_WITH_KNOTS('',2,(#8160,#8161,#8162),
  .UNSPECIFIED.,.F.,.F.,(3,3),(0.,1.),.PIECEWISE_BEZIER_KNOTS.);
#8160 = CARTESIAN_POINT('',(-1.913818358016,-17.05700683593));
#8161 = CARTESIAN_POINT('',(-1.913818358016,-17.22619628906));
#8162 = CARTESIAN_POINT('',(-1.833618162704,-17.38439941406));
#8163 = ( GEOMETRIC_REPRESENTATION_CONTEXT(2) 
PARAMETRIC_REPRESENTATION_CONTEXT() REPRESENTATION_CONTEXT('2D SPACE',''
  ) );
#8164 = ADVANCED_FACE('',(#8165),#6844,.T.);
#8165 = FACE_BOUND('',#8166,.T.);
#8166 = EDGE_LOOP('',(#8167,#8168,#8169,#8192));
#8167 = ORIENTED_EDGE('',*,*,#8116,.T.);
#8168 = ORIENTED_EDGE('',*,*,#6828,.T.);
#8169 = ORIENTED_EDGE('',*,*,#8170,.F.);
#8170 = EDGE_CURVE('',#8171,#6829,#8173,.T.);
#8171 = VERTEX_POINT('',#8172);
#8172 = CARTESIAN_POINT('',(-1.59521484375,93.87060546875,4.));
#8173 = SURFACE_CURVE('',#8174,(#8178,#8185),.PCURVE_S1.);
#8174 = LINE('',#8175,#8176);
#8175 = CARTESIAN_POINT('',(-1.59521484375,93.87060546875,4.));
#8176 = VECTOR('',#8177,1.);
#8177 = DIRECTION('',(-0.,-0.,-1.));
#8178 = PCURVE('',#6844,#8179);
#8179 = DEFINITIONAL_REPRESENTATION('',(#8180),#8184);
#8180 = LINE('',#8181,#8182);
#8181 = CARTESIAN_POINT('',(1.,0.));
#8182 = VECTOR('',#8183,1.);
#8183 = DIRECTION('',(0.,-1.));
#8184 = ( GEOMETRIC_REPRESENTATION_CONTEXT(2) 
PARAMETRIC_REPRESENTATION_CONTEXT() REPRESENTATION_CONTEXT('2D SPACE',''
  ) );
#8185 = PCURVE('',#6874,#8186);
#8186 = DEFINITIONAL_REPRESENTATION('',(#8187),#8191);
#8187 = LINE('',#8188,#8189);
#8188 = CARTESIAN_POINT('',(0.,0.));
#8189 = VECTOR('',#8190,1.);
#8190 = DIRECTION('',(0.,-1.));
#8191 = ( GEOMETRIC_REPRESENTATION_CONTEXT(2) 
PARAMETRIC_REPRESENTATION_CONTEXT() REPRESENTATION_CONTEXT('2D SPACE',''
  ) );
#8192 = ORIENTED_EDGE('',*,*,#8193,.F.);
#8193 = EDGE_CURVE('',#8117,#8171,#8194,.T.);
#8194 = SURFACE_CURVE('',#8195,(#8199,#8206),.PCURVE_S1.);
#8195 = B_SPLINE_CURVE_WITH_KNOTS('',2,(#8196,#8197,#8198),
  .UNSPECIFIED.,.F.,.F.,(3,3),(0.,1.),.PIECEWISE_BEZIER_KNOTS.);
#8196 = CARTESIAN_POINT('',(-1.833618164062,94.115600585938,4.));
#8197 = CARTESIAN_POINT('',(-1.75341796875,93.957397460938,4.));
#8198 = CARTESIAN_POINT('',(-1.59521484375,93.87060546875,4.));
#8199 = PCURVE('',#6844,#8200);
#8200 = DEFINITIONAL_REPRESENTATION('',(#8201),#8205);
#8201 = LINE('',#8202,#8203);
#8202 = CARTESIAN_POINT('',(0.,0.));
#8203 = VECTOR('',#8204,1.);
#8204 = DIRECTION('',(1.,0.));
#8205 = ( GEOMETRIC_REPRESENTATION_CONTEXT(2) 
PARAMETRIC_REPRESENTATION_CONTEXT() REPRESENTATION_CONTEXT('2D SPACE',''
  ) );
#8206 = PCURVE('',#8153,#8207);
#8207 = DEFINITIONAL_REPRESENTATION('',(#8208),#8212);
#8208 = B_SPLINE_CURVE_WITH_KNOTS('',2,(#8209,#8210,#8211),
  .UNSPECIFIED.,.F.,.F.,(3,3),(0.,1.),.PIECEWISE_BEZIER_KNOTS.);
#8209 = CARTESIAN_POINT('',(-1.833618162704,-17.38439941406));
#8210 = CARTESIAN_POINT('',(-1.753417967391,-17.54260253906));
#8211 = CARTESIAN_POINT('',(-1.595214842391,-17.62939453125));
#8212 = ( GEOMETRIC_REPRESENTATION_CONTEXT(2) 
PARAMETRIC_REPRESENTATION_CONTEXT() REPRESENTATION_CONTEXT('2D SPACE',''
  ) );
#8213 = ADVANCED_FACE('',(#8214),#6874,.T.);
#8214 = FACE_BOUND('',#8215,.T.);
#8215 = EDGE_LOOP('',(#8216,#8217,#8218,#8241));
#8216 = ORIENTED_EDGE('',*,*,#8170,.T.);
#8217 = ORIENTED_EDGE('',*,*,#6858,.T.);
#8218 = ORIENTED_EDGE('',*,*,#8219,.F.);
#8219 = EDGE_CURVE('',#8220,#6859,#8222,.T.);
#8220 = VERTEX_POINT('',#8221);
#8221 = CARTESIAN_POINT('',(-1.254638671875,93.783813476562,4.));
#8222 = SURFACE_CURVE('',#8223,(#8227,#8234),.PCURVE_S1.);
#8223 = LINE('',#8224,#8225);
#8224 = CARTESIAN_POINT('',(-1.254638671875,93.783813476562,4.));
#8225 = VECTOR('',#8226,1.);
#8226 = DIRECTION('',(-0.,-0.,-1.));
#8227 = PCURVE('',#6874,#8228);
#8228 = DEFINITIONAL_REPRESENTATION('',(#8229),#8233);
#8229 = LINE('',#8230,#8231);
#8230 = CARTESIAN_POINT('',(1.,0.));
#8231 = VECTOR('',#8232,1.);
#8232 = DIRECTION('',(0.,-1.));
#8233 = ( GEOMETRIC_REPRESENTATION_CONTEXT(2) 
PARAMETRIC_REPRESENTATION_CONTEXT() REPRESENTATION_CONTEXT('2D SPACE',''
  ) );
#8234 = PCURVE('',#6904,#8235);
#8235 = DEFINITIONAL_REPRESENTATION('',(#8236),#8240);
#8236 = LINE('',#8237,#8238);
#8237 = CARTESIAN_POINT('',(0.,0.));
#8238 = VECTOR('',#8239,1.);
#8239 = DIRECTION('',(0.,-1.));
#8240 = ( GEOMETRIC_REPRESENTATION_CONTEXT(2) 
PARAMETRIC_REPRESENTATION_CONTEXT() REPRESENTATION_CONTEXT('2D SPACE',''
  ) );
#8241 = ORIENTED_EDGE('',*,*,#8242,.F.);
#8242 = EDGE_CURVE('',#8171,#8220,#8243,.T.);
#8243 = SURFACE_CURVE('',#8244,(#8248,#8255),.PCURVE_S1.);
#8244 = B_SPLINE_CURVE_WITH_KNOTS('',2,(#8245,#8246,#8247),
  .UNSPECIFIED.,.F.,.F.,(3,3),(0.,1.),.PIECEWISE_BEZIER_KNOTS.);
#8245 = CARTESIAN_POINT('',(-1.59521484375,93.87060546875,4.));
#8246 = CARTESIAN_POINT('',(-1.43701171875,93.783813476562,4.));
#8247 = CARTESIAN_POINT('',(-1.254638671875,93.783813476562,4.));
#8248 = PCURVE('',#6874,#8249);
#8249 = DEFINITIONAL_REPRESENTATION('',(#8250),#8254);
#8250 = LINE('',#8251,#8252);
#8251 = CARTESIAN_POINT('',(0.,0.));
#8252 = VECTOR('',#8253,1.);
#8253 = DIRECTION('',(1.,0.));
#8254 = ( GEOMETRIC_REPRESENTATION_CONTEXT(2) 
PARAMETRIC_REPRESENTATION_CONTEXT() REPRESENTATION_CONTEXT('2D SPACE',''
  ) );
#8255 = PCURVE('',#8153,#8256);
#8256 = DEFINITIONAL_REPRESENTATION('',(#8257),#8261);
#8257 = B_SPLINE_CURVE_WITH_KNOTS('',2,(#8258,#8259,#8260),
  .UNSPECIFIED.,.F.,.F.,(3,3),(0.,1.),.PIECEWISE_BEZIER_KNOTS.);
#8258 = CARTESIAN_POINT('',(-1.595214842391,-17.62939453125));
#8259 = CARTESIAN_POINT('',(-1.437011717391,-17.71618652343));
#8260 = CARTESIAN_POINT('',(-1.254638670516,-17.71618652343));
#8261 = ( GEOMETRIC_REPRESENTATION_CONTEXT(2) 
PARAMETRIC_REPRESENTATION_CONTEXT() REPRESENTATION_CONTEXT('2D SPACE',''
  ) );
#8262 = ADVANCED_FACE('',(#8263),#6904,.T.);
#8263 = FACE_BOUND('',#8264,.T.);
#8264 = EDGE_LOOP('',(#8265,#8266,#8267,#8290));
#8265 = ORIENTED_EDGE('',*,*,#8219,.T.);
#8266 = ORIENTED_EDGE('',*,*,#6888,.T.);
#8267 = ORIENTED_EDGE('',*,*,#8268,.F.);
#8268 = EDGE_CURVE('',#8269,#6889,#8271,.T.);
#8269 = VERTEX_POINT('',#8270);
#8270 = CARTESIAN_POINT('',(-0.78662109375,93.966186523438,4.));
#8271 = SURFACE_CURVE('',#8272,(#8276,#8283),.PCURVE_S1.);
#8272 = LINE('',#8273,#8274);
#8273 = CARTESIAN_POINT('',(-0.78662109375,93.966186523438,4.));
#8274 = VECTOR('',#8275,1.);
#8275 = DIRECTION('',(-0.,-0.,-1.));
#8276 = PCURVE('',#6904,#8277);
#8277 = DEFINITIONAL_REPRESENTATION('',(#8278),#8282);
#8278 = LINE('',#8279,#8280);
#8279 = CARTESIAN_POINT('',(1.,0.));
#8280 = VECTOR('',#8281,1.);
#8281 = DIRECTION('',(0.,-1.));
#8282 = ( GEOMETRIC_REPRESENTATION_CONTEXT(2) 
PARAMETRIC_REPRESENTATION_CONTEXT() REPRESENTATION_CONTEXT('2D SPACE',''
  ) );
#8283 = PCURVE('',#6934,#8284);
#8284 = DEFINITIONAL_REPRESENTATION('',(#8285),#8289);
#8285 = LINE('',#8286,#8287);
#8286 = CARTESIAN_POINT('',(0.,0.));
#8287 = VECTOR('',#8288,1.);
#8288 = DIRECTION('',(0.,-1.));
#8289 = ( GEOMETRIC_REPRESENTATION_CONTEXT(2) 
PARAMETRIC_REPRESENTATION_CONTEXT() REPRESENTATION_CONTEXT('2D SPACE',''
  ) );
#8290 = ORIENTED_EDGE('',*,*,#8291,.F.);
#8291 = EDGE_CURVE('',#8220,#8269,#8292,.T.);
#8292 = SURFACE_CURVE('',#8293,(#8297,#8304),.PCURVE_S1.);
#8293 = B_SPLINE_CURVE_WITH_KNOTS('',2,(#8294,#8295,#8296),
  .UNSPECIFIED.,.F.,.F.,(3,3),(0.,1.),.PIECEWISE_BEZIER_KNOTS.);
#8294 = CARTESIAN_POINT('',(-1.254638671875,93.783813476562,4.));
#8295 = CARTESIAN_POINT('',(-0.97119140625,93.783813476562,4.));
#8296 = CARTESIAN_POINT('',(-0.78662109375,93.966186523438,4.));
#8297 = PCURVE('',#6904,#8298);
#8298 = DEFINITIONAL_REPRESENTATION('',(#8299),#8303);
#8299 = LINE('',#8300,#8301);
#8300 = CARTESIAN_POINT('',(0.,0.));
#8301 = VECTOR('',#8302,1.);
#8302 = DIRECTION('',(1.,0.));
#8303 = ( GEOMETRIC_REPRESENTATION_CONTEXT(2) 
PARAMETRIC_REPRESENTATION_CONTEXT() REPRESENTATION_CONTEXT('2D SPACE',''
  ) );
#8304 = PCURVE('',#8153,#8305);
#8305 = DEFINITIONAL_REPRESENTATION('',(#8306),#8310);
#8306 = B_SPLINE_CURVE_WITH_KNOTS('',2,(#8307,#8308,#8309),
  .UNSPECIFIED.,.F.,.F.,(3,3),(0.,1.),.PIECEWISE_BEZIER_KNOTS.);
#8307 = CARTESIAN_POINT('',(-1.254638670516,-17.71618652343));
#8308 = CARTESIAN_POINT('',(-0.971191404891,-17.71618652343));
#8309 = CARTESIAN_POINT('',(-0.786621092391,-17.53381347656));
#8310 = ( GEOMETRIC_REPRESENTATION_CONTEXT(2) 
PARAMETRIC_REPRESENTATION_CONTEXT() REPRESENTATION_CONTEXT('2D SPACE',''
  ) );
#8311 = ADVANCED_FACE('',(#8312),#6934,.T.);
#8312 = FACE_BOUND('',#8313,.T.);
#8313 = EDGE_LOOP('',(#8314,#8315,#8316,#8339));
#8314 = ORIENTED_EDGE('',*,*,#8268,.T.);
#8315 = ORIENTED_EDGE('',*,*,#6918,.T.);
#8316 = ORIENTED_EDGE('',*,*,#8317,.F.);
#8317 = EDGE_CURVE('',#8318,#6919,#8320,.T.);
#8318 = VERTEX_POINT('',#8319);
#8319 = CARTESIAN_POINT('',(-0.60205078125,94.429809570312,4.));
#8320 = SURFACE_CURVE('',#8321,(#8325,#8332),.PCURVE_S1.);
#8321 = LINE('',#8322,#8323);
#8322 = CARTESIAN_POINT('',(-0.60205078125,94.429809570312,4.));
#8323 = VECTOR('',#8324,1.);
#8324 = DIRECTION('',(-0.,-0.,-1.));
#8325 = PCURVE('',#6934,#8326);
#8326 = DEFINITIONAL_REPRESENTATION('',(#8327),#8331);
#8327 = LINE('',#8328,#8329);
#8328 = CARTESIAN_POINT('',(1.,0.));
#8329 = VECTOR('',#8330,1.);
#8330 = DIRECTION('',(0.,-1.));
#8331 = ( GEOMETRIC_REPRESENTATION_CONTEXT(2) 
PARAMETRIC_REPRESENTATION_CONTEXT() REPRESENTATION_CONTEXT('2D SPACE',''
  ) );
#8332 = PCURVE('',#6964,#8333);
#8333 = DEFINITIONAL_REPRESENTATION('',(#8334),#8338);
#8334 = LINE('',#8335,#8336);
#8335 = CARTESIAN_POINT('',(0.,0.));
#8336 = VECTOR('',#8337,1.);
#8337 = DIRECTION('',(0.,-1.));
#8338 = ( GEOMETRIC_REPRESENTATION_CONTEXT(2) 
PARAMETRIC_REPRESENTATION_CONTEXT() REPRESENTATION_CONTEXT('2D SPACE',''
  ) );
#8339 = ORIENTED_EDGE('',*,*,#8340,.F.);
#8340 = EDGE_CURVE('',#8269,#8318,#8341,.T.);
#8341 = SURFACE_CURVE('',#8342,(#8346,#8353),.PCURVE_S1.);
#8342 = B_SPLINE_CURVE_WITH_KNOTS('',2,(#8343,#8344,#8345),
  .UNSPECIFIED.,.F.,.F.,(3,3),(0.,1.),.PIECEWISE_BEZIER_KNOTS.);
#8343 = CARTESIAN_POINT('',(-0.78662109375,93.966186523438,4.));
#8344 = CARTESIAN_POINT('',(-0.60205078125,94.148559570312,4.));
#8345 = CARTESIAN_POINT('',(-0.60205078125,94.429809570312,4.));
#8346 = PCURVE('',#6934,#8347);
#8347 = DEFINITIONAL_REPRESENTATION('',(#8348),#8352);
#8348 = LINE('',#8349,#8350);
#8349 = CARTESIAN_POINT('',(0.,0.));
#8350 = VECTOR('',#8351,1.);
#8351 = DIRECTION('',(1.,0.));
#8352 = ( GEOMETRIC_REPRESENTATION_CONTEXT(2) 
PARAMETRIC_REPRESENTATION_CONTEXT() REPRESENTATION_CONTEXT('2D SPACE',''
  ) );
#8353 = PCURVE('',#8153,#8354);
#8354 = DEFINITIONAL_REPRESENTATION('',(#8355),#8359);
#8355 = B_SPLINE_CURVE_WITH_KNOTS('',2,(#8356,#8357,#8358),
  .UNSPECIFIED.,.F.,.F.,(3,3),(0.,1.),.PIECEWISE_BEZIER_KNOTS.);
#8356 = CARTESIAN_POINT('',(-0.786621092391,-17.53381347656));
#8357 = CARTESIAN_POINT('',(-0.602050779891,-17.35144042968));
#8358 = CARTESIAN_POINT('',(-0.602050779891,-17.07019042968));
#8359 = ( GEOMETRIC_REPRESENTATION_CONTEXT(2) 
PARAMETRIC_REPRESENTATION_CONTEXT() REPRESENTATION_CONTEXT('2D SPACE',''
  ) );
#8360 = ADVANCED_FACE('',(#8361),#6964,.T.);
#8361 = FACE_BOUND('',#8362,.T.);
#8362 = EDGE_LOOP('',(#8363,#8364,#8365,#8388));
#8363 = ORIENTED_EDGE('',*,*,#8317,.T.);
#8364 = ORIENTED_EDGE('',*,*,#6948,.T.);
#8365 = ORIENTED_EDGE('',*,*,#8366,.F.);
#8366 = EDGE_CURVE('',#8367,#6949,#8369,.T.);
#8367 = VERTEX_POINT('',#8368);
#8368 = CARTESIAN_POINT('',(-0.792114257812,94.902221679688,4.));
#8369 = SURFACE_CURVE('',#8370,(#8374,#8381),.PCURVE_S1.);
#8370 = LINE('',#8371,#8372);
#8371 = CARTESIAN_POINT('',(-0.792114257812,94.902221679688,4.));
#8372 = VECTOR('',#8373,1.);
#8373 = DIRECTION('',(-0.,-0.,-1.));
#8374 = PCURVE('',#6964,#8375);
#8375 = DEFINITIONAL_REPRESENTATION('',(#8376),#8380);
#8376 = LINE('',#8377,#8378);
#8377 = CARTESIAN_POINT('',(1.,0.));
#8378 = VECTOR('',#8379,1.);
#8379 = DIRECTION('',(0.,-1.));
#8380 = ( GEOMETRIC_REPRESENTATION_CONTEXT(2) 
PARAMETRIC_REPRESENTATION_CONTEXT() REPRESENTATION_CONTEXT('2D SPACE',''
  ) );
#8381 = PCURVE('',#6994,#8382);
#8382 = DEFINITIONAL_REPRESENTATION('',(#8383),#8387);
#8383 = LINE('',#8384,#8385);
#8384 = CARTESIAN_POINT('',(0.,0.));
#8385 = VECTOR('',#8386,1.);
#8386 = DIRECTION('',(0.,-1.));
#8387 = ( GEOMETRIC_REPRESENTATION_CONTEXT(2) 
PARAMETRIC_REPRESENTATION_CONTEXT() REPRESENTATION_CONTEXT('2D SPACE',''
  ) );
#8388 = ORIENTED_EDGE('',*,*,#8389,.F.);
#8389 = EDGE_CURVE('',#8318,#8367,#8390,.T.);
#8390 = SURFACE_CURVE('',#8391,(#8395,#8402),.PCURVE_S1.);
#8391 = B_SPLINE_CURVE_WITH_KNOTS('',2,(#8392,#8393,#8394),
  .UNSPECIFIED.,.F.,.F.,(3,3),(0.,1.),.PIECEWISE_BEZIER_KNOTS.);
#8392 = CARTESIAN_POINT('',(-0.60205078125,94.429809570312,4.));
#8393 = CARTESIAN_POINT('',(-0.60205078125,94.715454101562,4.));
#8394 = CARTESIAN_POINT('',(-0.792114257812,94.902221679688,4.));
#8395 = PCURVE('',#6964,#8396);
#8396 = DEFINITIONAL_REPRESENTATION('',(#8397),#8401);
#8397 = LINE('',#8398,#8399);
#8398 = CARTESIAN_POINT('',(0.,0.));
#8399 = VECTOR('',#8400,1.);
#8400 = DIRECTION('',(1.,0.));
#8401 = ( GEOMETRIC_REPRESENTATION_CONTEXT(2) 
PARAMETRIC_REPRESENTATION_CONTEXT() REPRESENTATION_CONTEXT('2D SPACE',''
  ) );
#8402 = PCURVE('',#8153,#8403);
#8403 = DEFINITIONAL_REPRESENTATION('',(#8404),#8408);
#8404 = B_SPLINE_CURVE_WITH_KNOTS('',2,(#8405,#8406,#8407),
  .UNSPECIFIED.,.F.,.F.,(3,3),(0.,1.),.PIECEWISE_BEZIER_KNOTS.);
#8405 = CARTESIAN_POINT('',(-0.602050779891,-17.07019042968));
#8406 = CARTESIAN_POINT('',(-0.602050779891,-16.78454589843));
#8407 = CARTESIAN_POINT('',(-0.792114256454,-16.59777832031));
#8408 = ( GEOMETRIC_REPRESENTATION_CONTEXT(2) 
PARAMETRIC_REPRESENTATION_CONTEXT() REPRESENTATION_CONTEXT('2D SPACE',''
  ) );
#8409 = ADVANCED_FACE('',(#8410),#6994,.T.);
#8410 = FACE_BOUND('',#8411,.T.);
#8411 = EDGE_LOOP('',(#8412,#8413,#8414,#8437));
#8412 = ORIENTED_EDGE('',*,*,#8366,.T.);
#8413 = ORIENTED_EDGE('',*,*,#6978,.T.);
#8414 = ORIENTED_EDGE('',*,*,#8415,.F.);
#8415 = EDGE_CURVE('',#8416,#6979,#8418,.T.);
#8416 = VERTEX_POINT('',#8417);
#8417 = CARTESIAN_POINT('',(-1.267822265625,95.088989257812,4.));
#8418 = SURFACE_CURVE('',#8419,(#8423,#8430),.PCURVE_S1.);
#8419 = LINE('',#8420,#8421);
#8420 = CARTESIAN_POINT('',(-1.267822265625,95.088989257812,4.));
#8421 = VECTOR('',#8422,1.);
#8422 = DIRECTION('',(-0.,-0.,-1.));
#8423 = PCURVE('',#6994,#8424);
#8424 = DEFINITIONAL_REPRESENTATION('',(#8425),#8429);
#8425 = LINE('',#8426,#8427);
#8426 = CARTESIAN_POINT('',(1.,0.));
#8427 = VECTOR('',#8428,1.);
#8428 = DIRECTION('',(0.,-1.));
#8429 = ( GEOMETRIC_REPRESENTATION_CONTEXT(2) 
PARAMETRIC_REPRESENTATION_CONTEXT() REPRESENTATION_CONTEXT('2D SPACE',''
  ) );
#8430 = PCURVE('',#7024,#8431);
#8431 = DEFINITIONAL_REPRESENTATION('',(#8432),#8436);
#8432 = LINE('',#8433,#8434);
#8433 = CARTESIAN_POINT('',(0.,0.));
#8434 = VECTOR('',#8435,1.);
#8435 = DIRECTION('',(0.,-1.));
#8436 = ( GEOMETRIC_REPRESENTATION_CONTEXT(2) 
PARAMETRIC_REPRESENTATION_CONTEXT() REPRESENTATION_CONTEXT('2D SPACE',''
  ) );
#8437 = ORIENTED_EDGE('',*,*,#8438,.F.);
#8438 = EDGE_CURVE('',#8367,#8416,#8439,.T.);
#8439 = SURFACE_CURVE('',#8440,(#8444,#8451),.PCURVE_S1.);
#8440 = B_SPLINE_CURVE_WITH_KNOTS('',2,(#8441,#8442,#8443),
  .UNSPECIFIED.,.F.,.F.,(3,3),(0.,1.),.PIECEWISE_BEZIER_KNOTS.);
#8441 = CARTESIAN_POINT('',(-0.792114257812,94.902221679688,4.));
#8442 = CARTESIAN_POINT('',(-0.982177734375,95.088989257812,4.));
#8443 = CARTESIAN_POINT('',(-1.267822265625,95.088989257812,4.));
#8444 = PCURVE('',#6994,#8445);
#8445 = DEFINITIONAL_REPRESENTATION('',(#8446),#8450);
#8446 = LINE('',#8447,#8448);
#8447 = CARTESIAN_POINT('',(0.,0.));
#8448 = VECTOR('',#8449,1.);
#8449 = DIRECTION('',(1.,0.));
#8450 = ( GEOMETRIC_REPRESENTATION_CONTEXT(2) 
PARAMETRIC_REPRESENTATION_CONTEXT() REPRESENTATION_CONTEXT('2D SPACE',''
  ) );
#8451 = PCURVE('',#8153,#8452);
#8452 = DEFINITIONAL_REPRESENTATION('',(#8453),#8457);
#8453 = B_SPLINE_CURVE_WITH_KNOTS('',2,(#8454,#8455,#8456),
  .UNSPECIFIED.,.F.,.F.,(3,3),(0.,1.),.PIECEWISE_BEZIER_KNOTS.);
#8454 = CARTESIAN_POINT('',(-0.792114256454,-16.59777832031));
#8455 = CARTESIAN_POINT('',(-0.982177733016,-16.41101074218));
#8456 = CARTESIAN_POINT('',(-1.267822264266,-16.41101074218));
#8457 = ( GEOMETRIC_REPRESENTATION_CONTEXT(2) 
PARAMETRIC_REPRESENTATION_CONTEXT() REPRESENTATION_CONTEXT('2D SPACE',''
  ) );
#8458 = ADVANCED_FACE('',(#8459),#7024,.T.);
#8459 = FACE_BOUND('',#8460,.T.);
#8460 = EDGE_LOOP('',(#8461,#8462,#8463,#8486));
#8461 = ORIENTED_EDGE('',*,*,#8415,.T.);
#8462 = ORIENTED_EDGE('',*,*,#7008,.T.);
#8463 = ORIENTED_EDGE('',*,*,#8464,.F.);
#8464 = EDGE_CURVE('',#8465,#7009,#8467,.T.);
#8465 = VERTEX_POINT('',#8466);
#8466 = CARTESIAN_POINT('',(-1.730346679688,94.904418945312,4.));
#8467 = SURFACE_CURVE('',#8468,(#8472,#8479),.PCURVE_S1.);
#8468 = LINE('',#8469,#8470);
#8469 = CARTESIAN_POINT('',(-1.730346679688,94.904418945312,4.));
#8470 = VECTOR('',#8471,1.);
#8471 = DIRECTION('',(-0.,-0.,-1.));
#8472 = PCURVE('',#7024,#8473);
#8473 = DEFINITIONAL_REPRESENTATION('',(#8474),#8478);
#8474 = LINE('',#8475,#8476);
#8475 = CARTESIAN_POINT('',(1.,0.));
#8476 = VECTOR('',#8477,1.);
#8477 = DIRECTION('',(0.,-1.));
#8478 = ( GEOMETRIC_REPRESENTATION_CONTEXT(2) 
PARAMETRIC_REPRESENTATION_CONTEXT() REPRESENTATION_CONTEXT('2D SPACE',''
  ) );
#8479 = PCURVE('',#7052,#8480);
#8480 = DEFINITIONAL_REPRESENTATION('',(#8481),#8485);
#8481 = LINE('',#8482,#8483);
#8482 = CARTESIAN_POINT('',(0.,0.));
#8483 = VECTOR('',#8484,1.);
#8484 = DIRECTION('',(0.,-1.));
#8485 = ( GEOMETRIC_REPRESENTATION_CONTEXT(2) 
PARAMETRIC_REPRESENTATION_CONTEXT() REPRESENTATION_CONTEXT('2D SPACE',''
  ) );
#8486 = ORIENTED_EDGE('',*,*,#8487,.F.);
#8487 = EDGE_CURVE('',#8416,#8465,#8488,.T.);
#8488 = SURFACE_CURVE('',#8489,(#8493,#8500),.PCURVE_S1.);
#8489 = B_SPLINE_CURVE_WITH_KNOTS('',2,(#8490,#8491,#8492),
  .UNSPECIFIED.,.F.,.F.,(3,3),(0.,1.),.PIECEWISE_BEZIER_KNOTS.);
#8490 = CARTESIAN_POINT('',(-1.267822265625,95.088989257812,4.));
#8491 = CARTESIAN_POINT('',(-1.546875,95.088989257812,4.));
#8492 = CARTESIAN_POINT('',(-1.730346679688,94.904418945312,4.));
#8493 = PCURVE('',#7024,#8494);
#8494 = DEFINITIONAL_REPRESENTATION('',(#8495),#8499);
#8495 = LINE('',#8496,#8497);
#8496 = CARTESIAN_POINT('',(0.,0.));
#8497 = VECTOR('',#8498,1.);
#8498 = DIRECTION('',(1.,0.));
#8499 = ( GEOMETRIC_REPRESENTATION_CONTEXT(2) 
PARAMETRIC_REPRESENTATION_CONTEXT() REPRESENTATION_CONTEXT('2D SPACE',''
  ) );
#8500 = PCURVE('',#8153,#8501);
#8501 = DEFINITIONAL_REPRESENTATION('',(#8502),#8506);
#8502 = B_SPLINE_CURVE_WITH_KNOTS('',2,(#8503,#8504,#8505),
  .UNSPECIFIED.,.F.,.F.,(3,3),(0.,1.),.PIECEWISE_BEZIER_KNOTS.);
#8503 = CARTESIAN_POINT('',(-1.267822264266,-16.41101074218));
#8504 = CARTESIAN_POINT('',(-1.546874998641,-16.41101074218));
#8505 = CARTESIAN_POINT('',(-1.730346678329,-16.59558105468));
#8506 = ( GEOMETRIC_REPRESENTATION_CONTEXT(2) 
PARAMETRIC_REPRESENTATION_CONTEXT() REPRESENTATION_CONTEXT('2D SPACE',''
  ) );
#8507 = ADVANCED_FACE('',(#8508),#7052,.T.);
#8508 = FACE_BOUND('',#8509,.T.);
#8509 = EDGE_LOOP('',(#8510,#8511,#8512,#8513));
#8510 = ORIENTED_EDGE('',*,*,#8464,.T.);
#8511 = ORIENTED_EDGE('',*,*,#7038,.T.);
#8512 = ORIENTED_EDGE('',*,*,#8092,.F.);
#8513 = ORIENTED_EDGE('',*,*,#8514,.F.);
#8514 = EDGE_CURVE('',#8465,#8093,#8515,.T.);
#8515 = SURFACE_CURVE('',#8516,(#8520,#8527),.PCURVE_S1.);
#8516 = B_SPLINE_CURVE_WITH_KNOTS('',2,(#8517,#8518,#8519),
  .UNSPECIFIED.,.F.,.F.,(3,3),(0.,1.),.PIECEWISE_BEZIER_KNOTS.);
#8517 = CARTESIAN_POINT('',(-1.730346679688,94.904418945312,4.));
#8518 = CARTESIAN_POINT('',(-1.913818359375,94.719848632812,4.));
#8519 = CARTESIAN_POINT('',(-1.913818359375,94.442993164062,4.));
#8520 = PCURVE('',#7052,#8521);
#8521 = DEFINITIONAL_REPRESENTATION('',(#8522),#8526);
#8522 = LINE('',#8523,#8524);
#8523 = CARTESIAN_POINT('',(0.,0.));
#8524 = VECTOR('',#8525,1.);
#8525 = DIRECTION('',(1.,0.));
#8526 = ( GEOMETRIC_REPRESENTATION_CONTEXT(2) 
PARAMETRIC_REPRESENTATION_CONTEXT() REPRESENTATION_CONTEXT('2D SPACE',''
  ) );
#8527 = PCURVE('',#8153,#8528);
#8528 = DEFINITIONAL_REPRESENTATION('',(#8529),#8533);
#8529 = B_SPLINE_CURVE_WITH_KNOTS('',2,(#8530,#8531,#8532),
  .UNSPECIFIED.,.F.,.F.,(3,3),(0.,1.),.PIECEWISE_BEZIER_KNOTS.);
#8530 = CARTESIAN_POINT('',(-1.730346678329,-16.59558105468));
#8531 = CARTESIAN_POINT('',(-1.913818358016,-16.78015136718));
#8532 = CARTESIAN_POINT('',(-1.913818358016,-17.05700683593));
#8533 = ( GEOMETRIC_REPRESENTATION_CONTEXT(2) 
PARAMETRIC_REPRESENTATION_CONTEXT() REPRESENTATION_CONTEXT('2D SPACE',''
  ) );
#8534 = ADVANCED_FACE('',(#8535),#7101,.T.);
#8535 = FACE_BOUND('',#8536,.T.);
#8536 = EDGE_LOOP('',(#8537,#8560,#8561,#8584));
#8537 = ORIENTED_EDGE('',*,*,#8538,.T.);
#8538 = EDGE_CURVE('',#8539,#7084,#8541,.T.);
#8539 = VERTEX_POINT('',#8540);
#8540 = CARTESIAN_POINT('',(0.59326171875,95.102172851562,4.));
#8541 = SURFACE_CURVE('',#8542,(#8546,#8553),.PCURVE_S1.);
#8542 = LINE('',#8543,#8544);
#8543 = CARTESIAN_POINT('',(0.59326171875,95.102172851562,4.));
#8544 = VECTOR('',#8545,1.);
#8545 = DIRECTION('',(-0.,-0.,-1.));
#8546 = PCURVE('',#7101,#8547);
#8547 = DEFINITIONAL_REPRESENTATION('',(#8548),#8552);
#8548 = LINE('',#8549,#8550);
#8549 = CARTESIAN_POINT('',(0.,0.));
#8550 = VECTOR('',#8551,1.);
#8551 = DIRECTION('',(0.,-1.));
#8552 = ( GEOMETRIC_REPRESENTATION_CONTEXT(2) 
PARAMETRIC_REPRESENTATION_CONTEXT() REPRESENTATION_CONTEXT('2D SPACE',''
  ) );
#8553 = PCURVE('',#7309,#8554);
#8554 = DEFINITIONAL_REPRESENTATION('',(#8555),#8559);
#8555 = LINE('',#8556,#8557);
#8556 = CARTESIAN_POINT('',(1.,0.));
#8557 = VECTOR('',#8558,1.);
#8558 = DIRECTION('',(0.,-1.));
#8559 = ( GEOMETRIC_REPRESENTATION_CONTEXT(2) 
PARAMETRIC_REPRESENTATION_CONTEXT() REPRESENTATION_CONTEXT('2D SPACE',''
  ) );
#8560 = ORIENTED_EDGE('',*,*,#7083,.T.);
#8561 = ORIENTED_EDGE('',*,*,#8562,.F.);
#8562 = EDGE_CURVE('',#8563,#7086,#8565,.T.);
#8563 = VERTEX_POINT('',#8564);
#8564 = CARTESIAN_POINT('',(0.778930664062,94.04638671875,4.));
#8565 = SURFACE_CURVE('',#8566,(#8570,#8577),.PCURVE_S1.);
#8566 = LINE('',#8567,#8568);
#8567 = CARTESIAN_POINT('',(0.778930664062,94.04638671875,4.));
#8568 = VECTOR('',#8569,1.);
#8569 = DIRECTION('',(-0.,-0.,-1.));
#8570 = PCURVE('',#7101,#8571);
#8571 = DEFINITIONAL_REPRESENTATION('',(#8572),#8576);
#8572 = LINE('',#8573,#8574);
#8573 = CARTESIAN_POINT('',(1.,0.));
#8574 = VECTOR('',#8575,1.);
#8575 = DIRECTION('',(0.,-1.));
#8576 = ( GEOMETRIC_REPRESENTATION_CONTEXT(2) 
PARAMETRIC_REPRESENTATION_CONTEXT() REPRESENTATION_CONTEXT('2D SPACE',''
  ) );
#8577 = PCURVE('',#7131,#8578);
#8578 = DEFINITIONAL_REPRESENTATION('',(#8579),#8583);
#8579 = LINE('',#8580,#8581);
#8580 = CARTESIAN_POINT('',(0.,0.));
#8581 = VECTOR('',#8582,1.);
#8582 = DIRECTION('',(0.,-1.));
#8583 = ( GEOMETRIC_REPRESENTATION_CONTEXT(2) 
PARAMETRIC_REPRESENTATION_CONTEXT() REPRESENTATION_CONTEXT('2D SPACE',''
  ) );
#8584 = ORIENTED_EDGE('',*,*,#8585,.F.);
#8585 = EDGE_CURVE('',#8539,#8563,#8586,.T.);
#8586 = SURFACE_CURVE('',#8587,(#8591,#8598),.PCURVE_S1.);
#8587 = B_SPLINE_CURVE_WITH_KNOTS('',2,(#8588,#8589,#8590),
  .UNSPECIFIED.,.F.,.F.,(3,3),(0.,1.),.PIECEWISE_BEZIER_KNOTS.);
#8588 = CARTESIAN_POINT('',(0.59326171875,95.102172851562,4.));
#8589 = CARTESIAN_POINT('',(0.59326171875,94.308959960938,4.));
#8590 = CARTESIAN_POINT('',(0.778930664062,94.04638671875,4.));
#8591 = PCURVE('',#7101,#8592);
#8592 = DEFINITIONAL_REPRESENTATION('',(#8593),#8597);
#8593 = LINE('',#8594,#8595);
#8594 = CARTESIAN_POINT('',(0.,0.));
#8595 = VECTOR('',#8596,1.);
#8596 = DIRECTION('',(1.,0.));
#8597 = ( GEOMETRIC_REPRESENTATION_CONTEXT(2) 
PARAMETRIC_REPRESENTATION_CONTEXT() REPRESENTATION_CONTEXT('2D SPACE',''
  ) );
#8598 = PCURVE('',#8599,#8604);
#8599 = PLANE('',#8600);
#8600 = AXIS2_PLACEMENT_3D('',#8601,#8602,#8603);
#8601 = CARTESIAN_POINT('',(-1.358555489328E-09,111.5,4.));
#8602 = DIRECTION('',(0.,0.,1.));
#8603 = DIRECTION('',(1.,0.,-0.));
#8604 = DEFINITIONAL_REPRESENTATION('',(#8605),#8609);
#8605 = B_SPLINE_CURVE_WITH_KNOTS('',2,(#8606,#8607,#8608),
  .UNSPECIFIED.,.F.,.F.,(3,3),(0.,1.),.PIECEWISE_BEZIER_KNOTS.);
#8606 = CARTESIAN_POINT('',(0.593261720109,-16.39782714843));
#8607 = CARTESIAN_POINT('',(0.593261720109,-17.19104003906));
#8608 = CARTESIAN_POINT('',(0.778930665421,-17.45361328125));
#8609 = ( GEOMETRIC_REPRESENTATION_CONTEXT(2) 
PARAMETRIC_REPRESENTATION_CONTEXT() REPRESENTATION_CONTEXT('2D SPACE',''
  ) );
#8610 = ADVANCED_FACE('',(#8611),#7131,.T.);
#8611 = FACE_BOUND('',#8612,.T.);
#8612 = EDGE_LOOP('',(#8613,#8614,#8615,#8638));
#8613 = ORIENTED_EDGE('',*,*,#8562,.T.);
#8614 = ORIENTED_EDGE('',*,*,#7115,.T.);
#8615 = ORIENTED_EDGE('',*,*,#8616,.F.);
#8616 = EDGE_CURVE('',#8617,#7116,#8619,.T.);
#8617 = VERTEX_POINT('',#8618);
#8618 = CARTESIAN_POINT('',(1.237060546875,93.783813476562,4.));
#8619 = SURFACE_CURVE('',#8620,(#8624,#8631),.PCURVE_S1.);
#8620 = LINE('',#8621,#8622);
#8621 = CARTESIAN_POINT('',(1.237060546875,93.783813476562,4.));
#8622 = VECTOR('',#8623,1.);
#8623 = DIRECTION('',(-0.,-0.,-1.));
#8624 = PCURVE('',#7131,#8625);
#8625 = DEFINITIONAL_REPRESENTATION('',(#8626),#8630);
#8626 = LINE('',#8627,#8628);
#8627 = CARTESIAN_POINT('',(1.,0.));
#8628 = VECTOR('',#8629,1.);
#8629 = DIRECTION('',(0.,-1.));
#8630 = ( GEOMETRIC_REPRESENTATION_CONTEXT(2) 
PARAMETRIC_REPRESENTATION_CONTEXT() REPRESENTATION_CONTEXT('2D SPACE',''
  ) );
#8631 = PCURVE('',#7161,#8632);
#8632 = DEFINITIONAL_REPRESENTATION('',(#8633),#8637);
#8633 = LINE('',#8634,#8635);
#8634 = CARTESIAN_POINT('',(0.,0.));
#8635 = VECTOR('',#8636,1.);
#8636 = DIRECTION('',(0.,-1.));
#8637 = ( GEOMETRIC_REPRESENTATION_CONTEXT(2) 
PARAMETRIC_REPRESENTATION_CONTEXT() REPRESENTATION_CONTEXT('2D SPACE',''
  ) );
#8638 = ORIENTED_EDGE('',*,*,#8639,.F.);
#8639 = EDGE_CURVE('',#8563,#8617,#8640,.T.);
#8640 = SURFACE_CURVE('',#8641,(#8645,#8652),.PCURVE_S1.);
#8641 = B_SPLINE_CURVE_WITH_KNOTS('',2,(#8642,#8643,#8644),
  .UNSPECIFIED.,.F.,.F.,(3,3),(0.,1.),.PIECEWISE_BEZIER_KNOTS.);
#8642 = CARTESIAN_POINT('',(0.778930664062,94.04638671875,4.));
#8643 = CARTESIAN_POINT('',(0.964599609375,93.783813476562,4.));
#8644 = CARTESIAN_POINT('',(1.237060546875,93.783813476562,4.));
#8645 = PCURVE('',#7131,#8646);
#8646 = DEFINITIONAL_REPRESENTATION('',(#8647),#8651);
#8647 = LINE('',#8648,#8649);
#8648 = CARTESIAN_POINT('',(0.,0.));
#8649 = VECTOR('',#8650,1.);
#8650 = DIRECTION('',(1.,0.));
#8651 = ( GEOMETRIC_REPRESENTATION_CONTEXT(2) 
PARAMETRIC_REPRESENTATION_CONTEXT() REPRESENTATION_CONTEXT('2D SPACE',''
  ) );
#8652 = PCURVE('',#8599,#8653);
#8653 = DEFINITIONAL_REPRESENTATION('',(#8654),#8658);
#8654 = B_SPLINE_CURVE_WITH_KNOTS('',2,(#8655,#8656,#8657),
  .UNSPECIFIED.,.F.,.F.,(3,3),(0.,1.),.PIECEWISE_BEZIER_KNOTS.);
#8655 = CARTESIAN_POINT('',(0.778930665421,-17.45361328125));
#8656 = CARTESIAN_POINT('',(0.964599610734,-17.71618652343));
#8657 = CARTESIAN_POINT('',(1.237060548234,-17.71618652343));
#8658 = ( GEOMETRIC_REPRESENTATION_CONTEXT(2) 
PARAMETRIC_REPRESENTATION_CONTEXT() REPRESENTATION_CONTEXT('2D SPACE',''
  ) );
#8659 = ADVANCED_FACE('',(#8660),#7161,.T.);
#8660 = FACE_BOUND('',#8661,.T.);
#8661 = EDGE_LOOP('',(#8662,#8663,#8664,#8687));
#8662 = ORIENTED_EDGE('',*,*,#8616,.T.);
#8663 = ORIENTED_EDGE('',*,*,#7145,.T.);
#8664 = ORIENTED_EDGE('',*,*,#8665,.F.);
#8665 = EDGE_CURVE('',#8666,#7146,#8668,.T.);
#8666 = VERTEX_POINT('',#8667);
#8667 = CARTESIAN_POINT('',(1.695190429688,94.047485351562,4.));
#8668 = SURFACE_CURVE('',#8669,(#8673,#8680),.PCURVE_S1.);
#8669 = LINE('',#8670,#8671);
#8670 = CARTESIAN_POINT('',(1.695190429688,94.047485351562,4.));
#8671 = VECTOR('',#8672,1.);
#8672 = DIRECTION('',(-0.,-0.,-1.));
#8673 = PCURVE('',#7161,#8674);
#8674 = DEFINITIONAL_REPRESENTATION('',(#8675),#8679);
#8675 = LINE('',#8676,#8677);
#8676 = CARTESIAN_POINT('',(1.,0.));
#8677 = VECTOR('',#8678,1.);
#8678 = DIRECTION('',(0.,-1.));
#8679 = ( GEOMETRIC_REPRESENTATION_CONTEXT(2) 
PARAMETRIC_REPRESENTATION_CONTEXT() REPRESENTATION_CONTEXT('2D SPACE',''
  ) );
#8680 = PCURVE('',#7191,#8681);
#8681 = DEFINITIONAL_REPRESENTATION('',(#8682),#8686);
#8682 = LINE('',#8683,#8684);
#8683 = CARTESIAN_POINT('',(0.,0.));
#8684 = VECTOR('',#8685,1.);
#8685 = DIRECTION('',(0.,-1.));
#8686 = ( GEOMETRIC_REPRESENTATION_CONTEXT(2) 
PARAMETRIC_REPRESENTATION_CONTEXT() REPRESENTATION_CONTEXT('2D SPACE',''
  ) );
#8687 = ORIENTED_EDGE('',*,*,#8688,.F.);
#8688 = EDGE_CURVE('',#8617,#8666,#8689,.T.);
#8689 = SURFACE_CURVE('',#8690,(#8694,#8701),.PCURVE_S1.);
#8690 = B_SPLINE_CURVE_WITH_KNOTS('',2,(#8691,#8692,#8693),
  .UNSPECIFIED.,.F.,.F.,(3,3),(0.,1.),.PIECEWISE_BEZIER_KNOTS.);
#8691 = CARTESIAN_POINT('',(1.237060546875,93.783813476562,4.));
#8692 = CARTESIAN_POINT('',(1.509521484375,93.783813476562,4.));
#8693 = CARTESIAN_POINT('',(1.695190429688,94.047485351562,4.));
#8694 = PCURVE('',#7161,#8695);
#8695 = DEFINITIONAL_REPRESENTATION('',(#8696),#8700);
#8696 = LINE('',#8697,#8698);
#8697 = CARTESIAN_POINT('',(0.,0.));
#8698 = VECTOR('',#8699,1.);
#8699 = DIRECTION('',(1.,0.));
#8700 = ( GEOMETRIC_REPRESENTATION_CONTEXT(2) 
PARAMETRIC_REPRESENTATION_CONTEXT() REPRESENTATION_CONTEXT('2D SPACE',''
  ) );
#8701 = PCURVE('',#8599,#8702);
#8702 = DEFINITIONAL_REPRESENTATION('',(#8703),#8707);
#8703 = B_SPLINE_CURVE_WITH_KNOTS('',2,(#8704,#8705,#8706),
  .UNSPECIFIED.,.F.,.F.,(3,3),(0.,1.),.PIECEWISE_BEZIER_KNOTS.);
#8704 = CARTESIAN_POINT('',(1.237060548234,-17.71618652343));
#8705 = CARTESIAN_POINT('',(1.509521485734,-17.71618652343));
#8706 = CARTESIAN_POINT('',(1.695190431046,-17.45251464843));
#8707 = ( GEOMETRIC_REPRESENTATION_CONTEXT(2) 
PARAMETRIC_REPRESENTATION_CONTEXT() REPRESENTATION_CONTEXT('2D SPACE',''
  ) );
#8708 = ADVANCED_FACE('',(#8709),#7191,.T.);
#8709 = FACE_BOUND('',#8710,.T.);
#8710 = EDGE_LOOP('',(#8711,#8712,#8713,#8736));
#8711 = ORIENTED_EDGE('',*,*,#8665,.T.);
#8712 = ORIENTED_EDGE('',*,*,#7175,.T.);
#8713 = ORIENTED_EDGE('',*,*,#8714,.F.);
#8714 = EDGE_CURVE('',#8715,#7176,#8717,.T.);
#8715 = VERTEX_POINT('',#8716);
#8716 = CARTESIAN_POINT('',(1.880859375,95.102172851562,4.));
#8717 = SURFACE_CURVE('',#8718,(#8722,#8729),.PCURVE_S1.);
#8718 = LINE('',#8719,#8720);
#8719 = CARTESIAN_POINT('',(1.880859375,95.102172851562,4.));
#8720 = VECTOR('',#8721,1.);
#8721 = DIRECTION('',(-0.,-0.,-1.));
#8722 = PCURVE('',#7191,#8723);
#8723 = DEFINITIONAL_REPRESENTATION('',(#8724),#8728);
#8724 = LINE('',#8725,#8726);
#8725 = CARTESIAN_POINT('',(1.,0.));
#8726 = VECTOR('',#8727,1.);
#8727 = DIRECTION('',(0.,-1.));
#8728 = ( GEOMETRIC_REPRESENTATION_CONTEXT(2) 
PARAMETRIC_REPRESENTATION_CONTEXT() REPRESENTATION_CONTEXT('2D SPACE',''
  ) );
#8729 = PCURVE('',#7221,#8730);
#8730 = DEFINITIONAL_REPRESENTATION('',(#8731),#8735);
#8731 = LINE('',#8732,#8733);
#8732 = CARTESIAN_POINT('',(0.,0.));
#8733 = VECTOR('',#8734,1.);
#8734 = DIRECTION('',(0.,-1.));
#8735 = ( GEOMETRIC_REPRESENTATION_CONTEXT(2) 
PARAMETRIC_REPRESENTATION_CONTEXT() REPRESENTATION_CONTEXT('2D SPACE',''
  ) );
#8736 = ORIENTED_EDGE('',*,*,#8737,.F.);
#8737 = EDGE_CURVE('',#8666,#8715,#8738,.T.);
#8738 = SURFACE_CURVE('',#8739,(#8743,#8750),.PCURVE_S1.);
#8739 = B_SPLINE_CURVE_WITH_KNOTS('',2,(#8740,#8741,#8742),
  .UNSPECIFIED.,.F.,.F.,(3,3),(0.,1.),.PIECEWISE_BEZIER_KNOTS.);
#8740 = CARTESIAN_POINT('',(1.695190429688,94.047485351562,4.));
#8741 = CARTESIAN_POINT('',(1.880859375,94.311157226562,4.));
#8742 = CARTESIAN_POINT('',(1.880859375,95.102172851562,4.));
#8743 = PCURVE('',#7191,#8744);
#8744 = DEFINITIONAL_REPRESENTATION('',(#8745),#8749);
#8745 = LINE('',#8746,#8747);
#8746 = CARTESIAN_POINT('',(0.,0.));
#8747 = VECTOR('',#8748,1.);
#8748 = DIRECTION('',(1.,0.));
#8749 = ( GEOMETRIC_REPRESENTATION_CONTEXT(2) 
PARAMETRIC_REPRESENTATION_CONTEXT() REPRESENTATION_CONTEXT('2D SPACE',''
  ) );
#8750 = PCURVE('',#8599,#8751);
#8751 = DEFINITIONAL_REPRESENTATION('',(#8752),#8756);
#8752 = B_SPLINE_CURVE_WITH_KNOTS('',2,(#8753,#8754,#8755),
  .UNSPECIFIED.,.F.,.F.,(3,3),(0.,1.),.PIECEWISE_BEZIER_KNOTS.);
#8753 = CARTESIAN_POINT('',(1.695190431046,-17.45251464843));
#8754 = CARTESIAN_POINT('',(1.880859376359,-17.18884277343));
#8755 = CARTESIAN_POINT('',(1.880859376359,-16.39782714843));
#8756 = ( GEOMETRIC_REPRESENTATION_CONTEXT(2) 
PARAMETRIC_REPRESENTATION_CONTEXT() REPRESENTATION_CONTEXT('2D SPACE',''
  ) );
#8757 = ADVANCED_FACE('',(#8758),#7221,.T.);
#8758 = FACE_BOUND('',#8759,.T.);
#8759 = EDGE_LOOP('',(#8760,#8761,#8762,#8785));
#8760 = ORIENTED_EDGE('',*,*,#8714,.T.);
#8761 = ORIENTED_EDGE('',*,*,#7205,.T.);
#8762 = ORIENTED_EDGE('',*,*,#8763,.F.);
#8763 = EDGE_CURVE('',#8764,#7206,#8766,.T.);
#8764 = VERTEX_POINT('',#8765);
#8765 = CARTESIAN_POINT('',(1.695190429688,96.159057617188,4.));
#8766 = SURFACE_CURVE('',#8767,(#8771,#8778),.PCURVE_S1.);
#8767 = LINE('',#8768,#8769);
#8768 = CARTESIAN_POINT('',(1.695190429688,96.159057617188,4.));
#8769 = VECTOR('',#8770,1.);
#8770 = DIRECTION('',(-0.,-0.,-1.));
#8771 = PCURVE('',#7221,#8772);
#8772 = DEFINITIONAL_REPRESENTATION('',(#8773),#8777);
#8773 = LINE('',#8774,#8775);
#8774 = CARTESIAN_POINT('',(1.,0.));
#8775 = VECTOR('',#8776,1.);
#8776 = DIRECTION('',(0.,-1.));
#8777 = ( GEOMETRIC_REPRESENTATION_CONTEXT(2) 
PARAMETRIC_REPRESENTATION_CONTEXT() REPRESENTATION_CONTEXT('2D SPACE',''
  ) );
#8778 = PCURVE('',#7251,#8779);
#8779 = DEFINITIONAL_REPRESENTATION('',(#8780),#8784);
#8780 = LINE('',#8781,#8782);
#8781 = CARTESIAN_POINT('',(0.,0.));
#8782 = VECTOR('',#8783,1.);
#8783 = DIRECTION('',(0.,-1.));
#8784 = ( GEOMETRIC_REPRESENTATION_CONTEXT(2) 
PARAMETRIC_REPRESENTATION_CONTEXT() REPRESENTATION_CONTEXT('2D SPACE',''
  ) );
#8785 = ORIENTED_EDGE('',*,*,#8786,.F.);
#8786 = EDGE_CURVE('',#8715,#8764,#8787,.T.);
#8787 = SURFACE_CURVE('',#8788,(#8792,#8799),.PCURVE_S1.);
#8788 = B_SPLINE_CURVE_WITH_KNOTS('',2,(#8789,#8790,#8791),
  .UNSPECIFIED.,.F.,.F.,(3,3),(0.,1.),.PIECEWISE_BEZIER_KNOTS.);
#8789 = CARTESIAN_POINT('',(1.880859375,95.102172851562,4.));
#8790 = CARTESIAN_POINT('',(1.880859375,95.897583007812,4.));
#8791 = CARTESIAN_POINT('',(1.695190429688,96.159057617188,4.));
#8792 = PCURVE('',#7221,#8793);
#8793 = DEFINITIONAL_REPRESENTATION('',(#8794),#8798);
#8794 = LINE('',#8795,#8796);
#8795 = CARTESIAN_POINT('',(0.,0.));
#8796 = VECTOR('',#8797,1.);
#8797 = DIRECTION('',(1.,0.));
#8798 = ( GEOMETRIC_REPRESENTATION_CONTEXT(2) 
PARAMETRIC_REPRESENTATION_CONTEXT() REPRESENTATION_CONTEXT('2D SPACE',''
  ) );
#8799 = PCURVE('',#8599,#8800);
#8800 = DEFINITIONAL_REPRESENTATION('',(#8801),#8805);
#8801 = B_SPLINE_CURVE_WITH_KNOTS('',2,(#8802,#8803,#8804),
  .UNSPECIFIED.,.F.,.F.,(3,3),(0.,1.),.PIECEWISE_BEZIER_KNOTS.);
#8802 = CARTESIAN_POINT('',(1.880859376359,-16.39782714843));
#8803 = CARTESIAN_POINT('',(1.880859376359,-15.60241699218));
#8804 = CARTESIAN_POINT('',(1.695190431046,-15.34094238281));
#8805 = ( GEOMETRIC_REPRESENTATION_CONTEXT(2) 
PARAMETRIC_REPRESENTATION_CONTEXT() REPRESENTATION_CONTEXT('2D SPACE',''
  ) );
#8806 = ADVANCED_FACE('',(#8807),#7251,.T.);
#8807 = FACE_BOUND('',#8808,.T.);
#8808 = EDGE_LOOP('',(#8809,#8810,#8811,#8834));
#8809 = ORIENTED_EDGE('',*,*,#8763,.T.);
#8810 = ORIENTED_EDGE('',*,*,#7235,.T.);
#8811 = ORIENTED_EDGE('',*,*,#8812,.F.);
#8812 = EDGE_CURVE('',#8813,#7236,#8815,.T.);
#8813 = VERTEX_POINT('',#8814);
#8814 = CARTESIAN_POINT('',(1.232666015625,96.420532226562,4.));
#8815 = SURFACE_CURVE('',#8816,(#8820,#8827),.PCURVE_S1.);
#8816 = LINE('',#8817,#8818);
#8817 = CARTESIAN_POINT('',(1.232666015625,96.420532226562,4.));
#8818 = VECTOR('',#8819,1.);
#8819 = DIRECTION('',(-0.,-0.,-1.));
#8820 = PCURVE('',#7251,#8821);
#8821 = DEFINITIONAL_REPRESENTATION('',(#8822),#8826);
#8822 = LINE('',#8823,#8824);
#8823 = CARTESIAN_POINT('',(1.,0.));
#8824 = VECTOR('',#8825,1.);
#8825 = DIRECTION('',(0.,-1.));
#8826 = ( GEOMETRIC_REPRESENTATION_CONTEXT(2) 
PARAMETRIC_REPRESENTATION_CONTEXT() REPRESENTATION_CONTEXT('2D SPACE',''
  ) );
#8827 = PCURVE('',#7281,#8828);
#8828 = DEFINITIONAL_REPRESENTATION('',(#8829),#8833);
#8829 = LINE('',#8830,#8831);
#8830 = CARTESIAN_POINT('',(0.,0.));
#8831 = VECTOR('',#8832,1.);
#8832 = DIRECTION('',(0.,-1.));
#8833 = ( GEOMETRIC_REPRESENTATION_CONTEXT(2) 
PARAMETRIC_REPRESENTATION_CONTEXT() REPRESENTATION_CONTEXT('2D SPACE',''
  ) );
#8834 = ORIENTED_EDGE('',*,*,#8835,.F.);
#8835 = EDGE_CURVE('',#8764,#8813,#8836,.T.);
#8836 = SURFACE_CURVE('',#8837,(#8841,#8848),.PCURVE_S1.);
#8837 = B_SPLINE_CURVE_WITH_KNOTS('',2,(#8838,#8839,#8840),
  .UNSPECIFIED.,.F.,.F.,(3,3),(0.,1.),.PIECEWISE_BEZIER_KNOTS.);
#8838 = CARTESIAN_POINT('',(1.695190429688,96.159057617188,4.));
#8839 = CARTESIAN_POINT('',(1.509521484375,96.420532226562,4.));
#8840 = CARTESIAN_POINT('',(1.232666015625,96.420532226562,4.));
#8841 = PCURVE('',#7251,#8842);
#8842 = DEFINITIONAL_REPRESENTATION('',(#8843),#8847);
#8843 = LINE('',#8844,#8845);
#8844 = CARTESIAN_POINT('',(0.,0.));
#8845 = VECTOR('',#8846,1.);
#8846 = DIRECTION('',(1.,0.));
#8847 = ( GEOMETRIC_REPRESENTATION_CONTEXT(2) 
PARAMETRIC_REPRESENTATION_CONTEXT() REPRESENTATION_CONTEXT('2D SPACE',''
  ) );
#8848 = PCURVE('',#8599,#8849);
#8849 = DEFINITIONAL_REPRESENTATION('',(#8850),#8854);
#8850 = B_SPLINE_CURVE_WITH_KNOTS('',2,(#8851,#8852,#8853),
  .UNSPECIFIED.,.F.,.F.,(3,3),(0.,1.),.PIECEWISE_BEZIER_KNOTS.);
#8851 = CARTESIAN_POINT('',(1.695190431046,-15.34094238281));
#8852 = CARTESIAN_POINT('',(1.509521485734,-15.07946777343));
#8853 = CARTESIAN_POINT('',(1.232666016984,-15.07946777343));
#8854 = ( GEOMETRIC_REPRESENTATION_CONTEXT(2) 
PARAMETRIC_REPRESENTATION_CONTEXT() REPRESENTATION_CONTEXT('2D SPACE',''
  ) );
#8855 = ADVANCED_FACE('',(#8856),#7281,.T.);
#8856 = FACE_BOUND('',#8857,.T.);
#8857 = EDGE_LOOP('',(#8858,#8859,#8860,#8883));
#8858 = ORIENTED_EDGE('',*,*,#8812,.T.);
#8859 = ORIENTED_EDGE('',*,*,#7265,.T.);
#8860 = ORIENTED_EDGE('',*,*,#8861,.F.);
#8861 = EDGE_CURVE('',#8862,#7266,#8864,.T.);
#8862 = VERTEX_POINT('',#8863);
#8863 = CARTESIAN_POINT('',(0.797607421875,96.189819335938,4.));
#8864 = SURFACE_CURVE('',#8865,(#8869,#8876),.PCURVE_S1.);
#8865 = LINE('',#8866,#8867);
#8866 = CARTESIAN_POINT('',(0.797607421875,96.189819335938,4.));
#8867 = VECTOR('',#8868,1.);
#8868 = DIRECTION('',(-0.,-0.,-1.));
#8869 = PCURVE('',#7281,#8870);
#8870 = DEFINITIONAL_REPRESENTATION('',(#8871),#8875);
#8871 = LINE('',#8872,#8873);
#8872 = CARTESIAN_POINT('',(1.,0.));
#8873 = VECTOR('',#8874,1.);
#8874 = DIRECTION('',(0.,-1.));
#8875 = ( GEOMETRIC_REPRESENTATION_CONTEXT(2) 
PARAMETRIC_REPRESENTATION_CONTEXT() REPRESENTATION_CONTEXT('2D SPACE',''
  ) );
#8876 = PCURVE('',#7309,#8877);
#8877 = DEFINITIONAL_REPRESENTATION('',(#8878),#8882);
#8878 = LINE('',#8879,#8880);
#8879 = CARTESIAN_POINT('',(0.,0.));
#8880 = VECTOR('',#8881,1.);
#8881 = DIRECTION('',(0.,-1.));
#8882 = ( GEOMETRIC_REPRESENTATION_CONTEXT(2) 
PARAMETRIC_REPRESENTATION_CONTEXT() REPRESENTATION_CONTEXT('2D SPACE',''
  ) );
#8883 = ORIENTED_EDGE('',*,*,#8884,.F.);
#8884 = EDGE_CURVE('',#8813,#8862,#8885,.T.);
#8885 = SURFACE_CURVE('',#8886,(#8890,#8897),.PCURVE_S1.);
#8886 = B_SPLINE_CURVE_WITH_KNOTS('',2,(#8887,#8888,#8889),
  .UNSPECIFIED.,.F.,.F.,(3,3),(0.,1.),.PIECEWISE_BEZIER_KNOTS.);
#8887 = CARTESIAN_POINT('',(1.232666015625,96.420532226562,4.));
#8888 = CARTESIAN_POINT('',(0.960205078125,96.420532226562,4.));
#8889 = CARTESIAN_POINT('',(0.797607421875,96.189819335938,4.));
#8890 = PCURVE('',#7281,#8891);
#8891 = DEFINITIONAL_REPRESENTATION('',(#8892),#8896);
#8892 = LINE('',#8893,#8894);
#8893 = CARTESIAN_POINT('',(0.,0.));
#8894 = VECTOR('',#8895,1.);
#8895 = DIRECTION('',(1.,0.));
#8896 = ( GEOMETRIC_REPRESENTATION_CONTEXT(2) 
PARAMETRIC_REPRESENTATION_CONTEXT() REPRESENTATION_CONTEXT('2D SPACE',''
  ) );
#8897 = PCURVE('',#8599,#8898);
#8898 = DEFINITIONAL_REPRESENTATION('',(#8899),#8903);
#8899 = B_SPLINE_CURVE_WITH_KNOTS('',2,(#8900,#8901,#8902),
  .UNSPECIFIED.,.F.,.F.,(3,3),(0.,1.),.PIECEWISE_BEZIER_KNOTS.);
#8900 = CARTESIAN_POINT('',(1.232666016984,-15.07946777343));
#8901 = CARTESIAN_POINT('',(0.960205079484,-15.07946777343));
#8902 = CARTESIAN_POINT('',(0.797607423234,-15.31018066406));
#8903 = ( GEOMETRIC_REPRESENTATION_CONTEXT(2) 
PARAMETRIC_REPRESENTATION_CONTEXT() REPRESENTATION_CONTEXT('2D SPACE',''
  ) );
#8904 = ADVANCED_FACE('',(#8905),#7309,.T.);
#8905 = FACE_BOUND('',#8906,.T.);
#8906 = EDGE_LOOP('',(#8907,#8908,#8909,#8910));
#8907 = ORIENTED_EDGE('',*,*,#8861,.T.);
#8908 = ORIENTED_EDGE('',*,*,#7295,.T.);
#8909 = ORIENTED_EDGE('',*,*,#8538,.F.);
#8910 = ORIENTED_EDGE('',*,*,#8911,.F.);
#8911 = EDGE_CURVE('',#8862,#8539,#8912,.T.);
#8912 = SURFACE_CURVE('',#8913,(#8917,#8924),.PCURVE_S1.);
#8913 = B_SPLINE_CURVE_WITH_KNOTS('',2,(#8914,#8915,#8916),
  .UNSPECIFIED.,.F.,.F.,(3,3),(0.,1.),.PIECEWISE_BEZIER_KNOTS.);
#8914 = CARTESIAN_POINT('',(0.797607421875,96.189819335938,4.));
#8915 = CARTESIAN_POINT('',(0.59326171875,95.895385742188,4.));
#8916 = CARTESIAN_POINT('',(0.59326171875,95.102172851562,4.));
#8917 = PCURVE('',#7309,#8918);
#8918 = DEFINITIONAL_REPRESENTATION('',(#8919),#8923);
#8919 = LINE('',#8920,#8921);
#8920 = CARTESIAN_POINT('',(0.,0.));
#8921 = VECTOR('',#8922,1.);
#8922 = DIRECTION('',(1.,0.));
#8923 = ( GEOMETRIC_REPRESENTATION_CONTEXT(2) 
PARAMETRIC_REPRESENTATION_CONTEXT() REPRESENTATION_CONTEXT('2D SPACE',''
  ) );
#8924 = PCURVE('',#8599,#8925);
#8925 = DEFINITIONAL_REPRESENTATION('',(#8926),#8930);
#8926 = B_SPLINE_CURVE_WITH_KNOTS('',2,(#8927,#8928,#8929),
  .UNSPECIFIED.,.F.,.F.,(3,3),(0.,1.),.PIECEWISE_BEZIER_KNOTS.);
#8927 = CARTESIAN_POINT('',(0.797607423234,-15.31018066406));
#8928 = CARTESIAN_POINT('',(0.593261720109,-15.60461425781));
#8929 = CARTESIAN_POINT('',(0.593261720109,-16.39782714843));
#8930 = ( GEOMETRIC_REPRESENTATION_CONTEXT(2) 
PARAMETRIC_REPRESENTATION_CONTEXT() REPRESENTATION_CONTEXT('2D SPACE',''
  ) );
#8931 = ADVANCED_FACE('',(#8932),#7369,.T.);
#8932 = FACE_BOUND('',#8933,.T.);
#8933 = EDGE_LOOP('',(#8934,#8957,#8958,#8981));
#8934 = ORIENTED_EDGE('',*,*,#8935,.T.);
#8935 = EDGE_CURVE('',#8936,#7352,#8938,.T.);
#8936 = VERTEX_POINT('',#8937);
#8937 = CARTESIAN_POINT('',(-0.805297851562,153.64733886718,4.));
#8938 = SURFACE_CURVE('',#8939,(#8943,#8950),.PCURVE_S1.);
#8939 = LINE('',#8940,#8941);
#8940 = CARTESIAN_POINT('',(-0.805297851562,153.64733886718,4.));
#8941 = VECTOR('',#8942,1.);
#8942 = DIRECTION('',(-0.,-0.,-1.));
#8943 = PCURVE('',#7369,#8944);
#8944 = DEFINITIONAL_REPRESENTATION('',(#8945),#8949);
#8945 = LINE('',#8946,#8947);
#8946 = CARTESIAN_POINT('',(0.,0.));
#8947 = VECTOR('',#8948,1.);
#8948 = DIRECTION('',(0.,-1.));
#8949 = ( GEOMETRIC_REPRESENTATION_CONTEXT(2) 
PARAMETRIC_REPRESENTATION_CONTEXT() REPRESENTATION_CONTEXT('2D SPACE',''
  ) );
#8950 = PCURVE('',#7423,#8951);
#8951 = DEFINITIONAL_REPRESENTATION('',(#8952),#8956);
#8952 = LINE('',#8953,#8954);
#8953 = CARTESIAN_POINT('',(1.768221439875,0.));
#8954 = VECTOR('',#8955,1.);
#8955 = DIRECTION('',(0.,-1.));
#8956 = ( GEOMETRIC_REPRESENTATION_CONTEXT(2) 
PARAMETRIC_REPRESENTATION_CONTEXT() REPRESENTATION_CONTEXT('2D SPACE',''
  ) );
#8957 = ORIENTED_EDGE('',*,*,#7351,.T.);
#8958 = ORIENTED_EDGE('',*,*,#8959,.F.);
#8959 = EDGE_CURVE('',#8960,#7354,#8962,.T.);
#8960 = VERTEX_POINT('',#8961);
#8961 = CARTESIAN_POINT('',(0.203247070312,153.64733886718,4.));
#8962 = SURFACE_CURVE('',#8963,(#8967,#8974),.PCURVE_S1.);
#8963 = LINE('',#8964,#8965);
#8964 = CARTESIAN_POINT('',(0.203247070312,153.64733886718,4.));
#8965 = VECTOR('',#8966,1.);
#8966 = DIRECTION('',(-0.,-0.,-1.));
#8967 = PCURVE('',#7369,#8968);
#8968 = DEFINITIONAL_REPRESENTATION('',(#8969),#8973);
#8969 = LINE('',#8970,#8971);
#8970 = CARTESIAN_POINT('',(1.008544921875,0.));
#8971 = VECTOR('',#8972,1.);
#8972 = DIRECTION('',(0.,-1.));
#8973 = ( GEOMETRIC_REPRESENTATION_CONTEXT(2) 
PARAMETRIC_REPRESENTATION_CONTEXT() REPRESENTATION_CONTEXT('2D SPACE',''
  ) );
#8974 = PCURVE('',#7397,#8975);
#8975 = DEFINITIONAL_REPRESENTATION('',(#8976),#8980);
#8976 = LINE('',#8977,#8978);
#8977 = CARTESIAN_POINT('',(0.,0.));
#8978 = VECTOR('',#8979,1.);
#8979 = DIRECTION('',(0.,-1.));
#8980 = ( GEOMETRIC_REPRESENTATION_CONTEXT(2) 
PARAMETRIC_REPRESENTATION_CONTEXT() REPRESENTATION_CONTEXT('2D SPACE',''
  ) );
#8981 = ORIENTED_EDGE('',*,*,#8982,.F.);
#8982 = EDGE_CURVE('',#8936,#8960,#8983,.T.);
#8983 = SURFACE_CURVE('',#8984,(#8988,#8995),.PCURVE_S1.);
#8984 = LINE('',#8985,#8986);
#8985 = CARTESIAN_POINT('',(-0.805297851562,153.64733886718,4.));
#8986 = VECTOR('',#8987,1.);
#8987 = DIRECTION('',(1.,0.,0.));
#8988 = PCURVE('',#7369,#8989);
#8989 = DEFINITIONAL_REPRESENTATION('',(#8990),#8994);
#8990 = LINE('',#8991,#8992);
#8991 = CARTESIAN_POINT('',(0.,0.));
#8992 = VECTOR('',#8993,1.);
#8993 = DIRECTION('',(1.,0.));
#8994 = ( GEOMETRIC_REPRESENTATION_CONTEXT(2) 
PARAMETRIC_REPRESENTATION_CONTEXT() REPRESENTATION_CONTEXT('2D SPACE',''
  ) );
#8995 = PCURVE('',#8996,#9001);
#8996 = PLANE('',#8997);
#8997 = AXIS2_PLACEMENT_3D('',#8998,#8999,#9000);
#8998 = CARTESIAN_POINT('',(-1.358555489328E-09,111.5,4.));
#8999 = DIRECTION('',(0.,0.,1.));
#9000 = DIRECTION('',(1.,0.,-0.));
#9001 = DEFINITIONAL_REPRESENTATION('',(#9002),#9006);
#9002 = LINE('',#9003,#9004);
#9003 = CARTESIAN_POINT('',(-0.805297850204,42.147338867187));
#9004 = VECTOR('',#9005,1.);
#9005 = DIRECTION('',(1.,0.));
#9006 = ( GEOMETRIC_REPRESENTATION_CONTEXT(2) 
PARAMETRIC_REPRESENTATION_CONTEXT() REPRESENTATION_CONTEXT('2D SPACE',''
  ) );
#9007 = ADVANCED_FACE('',(#9008),#7397,.T.);
#9008 = FACE_BOUND('',#9009,.T.);
#9009 = EDGE_LOOP('',(#9010,#9011,#9012,#9035));
#9010 = ORIENTED_EDGE('',*,*,#8959,.T.);
#9011 = ORIENTED_EDGE('',*,*,#7381,.T.);
#9012 = ORIENTED_EDGE('',*,*,#9013,.F.);
#9013 = EDGE_CURVE('',#9014,#7382,#9016,.T.);
#9014 = VERTEX_POINT('',#9015);
#9015 = CARTESIAN_POINT('',(0.203247070312,155.09973144531,4.));
#9016 = SURFACE_CURVE('',#9017,(#9021,#9028),.PCURVE_S1.);
#9017 = LINE('',#9018,#9019);
#9018 = CARTESIAN_POINT('',(0.203247070312,155.09973144531,4.));
#9019 = VECTOR('',#9020,1.);
#9020 = DIRECTION('',(-0.,-0.,-1.));
#9021 = PCURVE('',#7397,#9022);
#9022 = DEFINITIONAL_REPRESENTATION('',(#9023),#9027);
#9023 = LINE('',#9024,#9025);
#9024 = CARTESIAN_POINT('',(1.452392578125,0.));
#9025 = VECTOR('',#9026,1.);
#9026 = DIRECTION('',(0.,-1.));
#9027 = ( GEOMETRIC_REPRESENTATION_CONTEXT(2) 
PARAMETRIC_REPRESENTATION_CONTEXT() REPRESENTATION_CONTEXT('2D SPACE',''
  ) );
#9028 = PCURVE('',#7423,#9029);
#9029 = DEFINITIONAL_REPRESENTATION('',(#9030),#9034);
#9030 = LINE('',#9031,#9032);
#9031 = CARTESIAN_POINT('',(0.,0.));
#9032 = VECTOR('',#9033,1.);
#9033 = DIRECTION('',(0.,-1.));
#9034 = ( GEOMETRIC_REPRESENTATION_CONTEXT(2) 
PARAMETRIC_REPRESENTATION_CONTEXT() REPRESENTATION_CONTEXT('2D SPACE',''
  ) );
#9035 = ORIENTED_EDGE('',*,*,#9036,.F.);
#9036 = EDGE_CURVE('',#8960,#9014,#9037,.T.);
#9037 = SURFACE_CURVE('',#9038,(#9042,#9049),.PCURVE_S1.);
#9038 = LINE('',#9039,#9040);
#9039 = CARTESIAN_POINT('',(0.203247070312,153.64733886718,4.));
#9040 = VECTOR('',#9041,1.);
#9041 = DIRECTION('',(0.,1.,0.));
#9042 = PCURVE('',#7397,#9043);
#9043 = DEFINITIONAL_REPRESENTATION('',(#9044),#9048);
#9044 = LINE('',#9045,#9046);
#9045 = CARTESIAN_POINT('',(0.,0.));
#9046 = VECTOR('',#9047,1.);
#9047 = DIRECTION('',(1.,0.));
#9048 = ( GEOMETRIC_REPRESENTATION_CONTEXT(2) 
PARAMETRIC_REPRESENTATION_CONTEXT() REPRESENTATION_CONTEXT('2D SPACE',''
  ) );
#9049 = PCURVE('',#8996,#9050);
#9050 = DEFINITIONAL_REPRESENTATION('',(#9051),#9055);
#9051 = LINE('',#9052,#9053);
#9052 = CARTESIAN_POINT('',(0.203247071671,42.147338867187));
#9053 = VECTOR('',#9054,1.);
#9054 = DIRECTION('',(0.,1.));
#9055 = ( GEOMETRIC_REPRESENTATION_CONTEXT(2) 
PARAMETRIC_REPRESENTATION_CONTEXT() REPRESENTATION_CONTEXT('2D SPACE',''
  ) );
#9056 = ADVANCED_FACE('',(#9057),#7423,.T.);
#9057 = FACE_BOUND('',#9058,.T.);
#9058 = EDGE_LOOP('',(#9059,#9060,#9061,#9062));
#9059 = ORIENTED_EDGE('',*,*,#9013,.T.);
#9060 = ORIENTED_EDGE('',*,*,#7409,.T.);
#9061 = ORIENTED_EDGE('',*,*,#8935,.F.);
#9062 = ORIENTED_EDGE('',*,*,#9063,.F.);
#9063 = EDGE_CURVE('',#9014,#8936,#9064,.T.);
#9064 = SURFACE_CURVE('',#9065,(#9069,#9076),.PCURVE_S1.);
#9065 = LINE('',#9066,#9067);
#9066 = CARTESIAN_POINT('',(0.203247070312,155.09973144531,4.));
#9067 = VECTOR('',#9068,1.);
#9068 = DIRECTION('',(-0.570372521864,-0.82138613715,0.));
#9069 = PCURVE('',#7423,#9070);
#9070 = DEFINITIONAL_REPRESENTATION('',(#9071),#9075);
#9071 = LINE('',#9072,#9073);
#9072 = CARTESIAN_POINT('',(0.,0.));
#9073 = VECTOR('',#9074,1.);
#9074 = DIRECTION('',(1.,0.));
#9075 = ( GEOMETRIC_REPRESENTATION_CONTEXT(2) 
PARAMETRIC_REPRESENTATION_CONTEXT() REPRESENTATION_CONTEXT('2D SPACE',''
  ) );
#9076 = PCURVE('',#8996,#9077);
#9077 = DEFINITIONAL_REPRESENTATION('',(#9078),#9082);
#9078 = LINE('',#9079,#9080);
#9079 = CARTESIAN_POINT('',(0.203247071671,43.599731445312));
#9080 = VECTOR('',#9081,1.);
#9081 = DIRECTION('',(-0.570372521864,-0.82138613715));
#9082 = ( GEOMETRIC_REPRESENTATION_CONTEXT(2) 
PARAMETRIC_REPRESENTATION_CONTEXT() REPRESENTATION_CONTEXT('2D SPACE',''
  ) );
#9083 = ADVANCED_FACE('',(#9084),#7470,.T.);
#9084 = FACE_BOUND('',#9085,.T.);
#9085 = EDGE_LOOP('',(#9086,#9109,#9110,#9133));
#9086 = ORIENTED_EDGE('',*,*,#9087,.T.);
#9087 = EDGE_CURVE('',#9088,#7453,#9090,.T.);
#9088 = VERTEX_POINT('',#9089);
#9089 = CARTESIAN_POINT('',(1.844604492188,154.10217285156,4.));
#9090 = SURFACE_CURVE('',#9091,(#9095,#9102),.PCURVE_S1.);
#9091 = LINE('',#9092,#9093);
#9092 = CARTESIAN_POINT('',(1.844604492188,154.10217285156,4.));
#9093 = VECTOR('',#9094,1.);
#9094 = DIRECTION('',(-0.,-0.,-1.));
#9095 = PCURVE('',#7470,#9096);
#9096 = DEFINITIONAL_REPRESENTATION('',(#9097),#9101);
#9097 = LINE('',#9098,#9099);
#9098 = CARTESIAN_POINT('',(0.,0.));
#9099 = VECTOR('',#9100,1.);
#9100 = DIRECTION('',(0.,-1.));
#9101 = ( GEOMETRIC_REPRESENTATION_CONTEXT(2) 
PARAMETRIC_REPRESENTATION_CONTEXT() REPRESENTATION_CONTEXT('2D SPACE',''
  ) );
#9102 = PCURVE('',#7678,#9103);
#9103 = DEFINITIONAL_REPRESENTATION('',(#9104),#9108);
#9104 = LINE('',#9105,#9106);
#9105 = CARTESIAN_POINT('',(1.,0.));
#9106 = VECTOR('',#9107,1.);
#9107 = DIRECTION('',(0.,-1.));
#9108 = ( GEOMETRIC_REPRESENTATION_CONTEXT(2) 
PARAMETRIC_REPRESENTATION_CONTEXT() REPRESENTATION_CONTEXT('2D SPACE',''
  ) );
#9109 = ORIENTED_EDGE('',*,*,#7452,.T.);
#9110 = ORIENTED_EDGE('',*,*,#9111,.F.);
#9111 = EDGE_CURVE('',#9112,#7455,#9114,.T.);
#9112 = VERTEX_POINT('',#9113);
#9113 = CARTESIAN_POINT('',(2.0302734375,153.04638671875,4.));
#9114 = SURFACE_CURVE('',#9115,(#9119,#9126),.PCURVE_S1.);
#9115 = LINE('',#9116,#9117);
#9116 = CARTESIAN_POINT('',(2.0302734375,153.04638671875,4.));
#9117 = VECTOR('',#9118,1.);
#9118 = DIRECTION('',(-0.,-0.,-1.));
#9119 = PCURVE('',#7470,#9120);
#9120 = DEFINITIONAL_REPRESENTATION('',(#9121),#9125);
#9121 = LINE('',#9122,#9123);
#9122 = CARTESIAN_POINT('',(1.,0.));
#9123 = VECTOR('',#9124,1.);
#9124 = DIRECTION('',(0.,-1.));
#9125 = ( GEOMETRIC_REPRESENTATION_CONTEXT(2) 
PARAMETRIC_REPRESENTATION_CONTEXT() REPRESENTATION_CONTEXT('2D SPACE',''
  ) );
#9126 = PCURVE('',#7500,#9127);
#9127 = DEFINITIONAL_REPRESENTATION('',(#9128),#9132);
#9128 = LINE('',#9129,#9130);
#9129 = CARTESIAN_POINT('',(0.,0.));
#9130 = VECTOR('',#9131,1.);
#9131 = DIRECTION('',(0.,-1.));
#9132 = ( GEOMETRIC_REPRESENTATION_CONTEXT(2) 
PARAMETRIC_REPRESENTATION_CONTEXT() REPRESENTATION_CONTEXT('2D SPACE',''
  ) );
#9133 = ORIENTED_EDGE('',*,*,#9134,.F.);
#9134 = EDGE_CURVE('',#9088,#9112,#9135,.T.);
#9135 = SURFACE_CURVE('',#9136,(#9140,#9147),.PCURVE_S1.);
#9136 = B_SPLINE_CURVE_WITH_KNOTS('',2,(#9137,#9138,#9139),
  .UNSPECIFIED.,.F.,.F.,(3,3),(0.,1.),.PIECEWISE_BEZIER_KNOTS.);
#9137 = CARTESIAN_POINT('',(1.844604492188,154.10217285156,4.));
#9138 = CARTESIAN_POINT('',(1.844604492188,153.30895996093,4.));
#9139 = CARTESIAN_POINT('',(2.0302734375,153.04638671875,4.));
#9140 = PCURVE('',#7470,#9141);
#9141 = DEFINITIONAL_REPRESENTATION('',(#9142),#9146);
#9142 = LINE('',#9143,#9144);
#9143 = CARTESIAN_POINT('',(0.,0.));
#9144 = VECTOR('',#9145,1.);
#9145 = DIRECTION('',(1.,0.));
#9146 = ( GEOMETRIC_REPRESENTATION_CONTEXT(2) 
PARAMETRIC_REPRESENTATION_CONTEXT() REPRESENTATION_CONTEXT('2D SPACE',''
  ) );
#9147 = PCURVE('',#9148,#9153);
#9148 = PLANE('',#9149);
#9149 = AXIS2_PLACEMENT_3D('',#9150,#9151,#9152);
#9150 = CARTESIAN_POINT('',(-1.358555489328E-09,111.5,4.));
#9151 = DIRECTION('',(0.,0.,1.));
#9152 = DIRECTION('',(1.,0.,-0.));
#9153 = DEFINITIONAL_REPRESENTATION('',(#9154),#9158);
#9154 = B_SPLINE_CURVE_WITH_KNOTS('',2,(#9155,#9156,#9157),
  .UNSPECIFIED.,.F.,.F.,(3,3),(0.,1.),.PIECEWISE_BEZIER_KNOTS.);
#9155 = CARTESIAN_POINT('',(1.844604493546,42.602172851562));
#9156 = CARTESIAN_POINT('',(1.844604493546,41.808959960937));
#9157 = CARTESIAN_POINT('',(2.030273438859,41.54638671875));
#9158 = ( GEOMETRIC_REPRESENTATION_CONTEXT(2) 
PARAMETRIC_REPRESENTATION_CONTEXT() REPRESENTATION_CONTEXT('2D SPACE',''
  ) );
#9159 = ADVANCED_FACE('',(#9160),#7500,.T.);
#9160 = FACE_BOUND('',#9161,.T.);
#9161 = EDGE_LOOP('',(#9162,#9163,#9164,#9187));
#9162 = ORIENTED_EDGE('',*,*,#9111,.T.);
#9163 = ORIENTED_EDGE('',*,*,#7484,.T.);
#9164 = ORIENTED_EDGE('',*,*,#9165,.F.);
#9165 = EDGE_CURVE('',#9166,#7485,#9168,.T.);
#9166 = VERTEX_POINT('',#9167);
#9167 = CARTESIAN_POINT('',(2.488403320312,152.78381347656,4.));
#9168 = SURFACE_CURVE('',#9169,(#9173,#9180),.PCURVE_S1.);
#9169 = LINE('',#9170,#9171);
#9170 = CARTESIAN_POINT('',(2.488403320312,152.78381347656,4.));
#9171 = VECTOR('',#9172,1.);
#9172 = DIRECTION('',(-0.,-0.,-1.));
#9173 = PCURVE('',#7500,#9174);
#9174 = DEFINITIONAL_REPRESENTATION('',(#9175),#9179);
#9175 = LINE('',#9176,#9177);
#9176 = CARTESIAN_POINT('',(1.,0.));
#9177 = VECTOR('',#9178,1.);
#9178 = DIRECTION('',(0.,-1.));
#9179 = ( GEOMETRIC_REPRESENTATION_CONTEXT(2) 
PARAMETRIC_REPRESENTATION_CONTEXT() REPRESENTATION_CONTEXT('2D SPACE',''
  ) );
#9180 = PCURVE('',#7530,#9181);
#9181 = DEFINITIONAL_REPRESENTATION('',(#9182),#9186);
#9182 = LINE('',#9183,#9184);
#9183 = CARTESIAN_POINT('',(0.,0.));
#9184 = VECTOR('',#9185,1.);
#9185 = DIRECTION('',(0.,-1.));
#9186 = ( GEOMETRIC_REPRESENTATION_CONTEXT(2) 
PARAMETRIC_REPRESENTATION_CONTEXT() REPRESENTATION_CONTEXT('2D SPACE',''
  ) );
#9187 = ORIENTED_EDGE('',*,*,#9188,.F.);
#9188 = EDGE_CURVE('',#9112,#9166,#9189,.T.);
#9189 = SURFACE_CURVE('',#9190,(#9194,#9201),.PCURVE_S1.);
#9190 = B_SPLINE_CURVE_WITH_KNOTS('',2,(#9191,#9192,#9193),
  .UNSPECIFIED.,.F.,.F.,(3,3),(0.,1.),.PIECEWISE_BEZIER_KNOTS.);
#9191 = CARTESIAN_POINT('',(2.0302734375,153.04638671875,4.));
#9192 = CARTESIAN_POINT('',(2.215942382812,152.78381347656,4.));
#9193 = CARTESIAN_POINT('',(2.488403320312,152.78381347656,4.));
#9194 = PCURVE('',#7500,#9195);
#9195 = DEFINITIONAL_REPRESENTATION('',(#9196),#9200);
#9196 = LINE('',#9197,#9198);
#9197 = CARTESIAN_POINT('',(0.,0.));
#9198 = VECTOR('',#9199,1.);
#9199 = DIRECTION('',(1.,0.));
#9200 = ( GEOMETRIC_REPRESENTATION_CONTEXT(2) 
PARAMETRIC_REPRESENTATION_CONTEXT() REPRESENTATION_CONTEXT('2D SPACE',''
  ) );
#9201 = PCURVE('',#9148,#9202);
#9202 = DEFINITIONAL_REPRESENTATION('',(#9203),#9207);
#9203 = B_SPLINE_CURVE_WITH_KNOTS('',2,(#9204,#9205,#9206),
  .UNSPECIFIED.,.F.,.F.,(3,3),(0.,1.),.PIECEWISE_BEZIER_KNOTS.);
#9204 = CARTESIAN_POINT('',(2.030273438859,41.54638671875));
#9205 = CARTESIAN_POINT('',(2.215942384171,41.283813476562));
#9206 = CARTESIAN_POINT('',(2.488403321671,41.283813476562));
#9207 = ( GEOMETRIC_REPRESENTATION_CONTEXT(2) 
PARAMETRIC_REPRESENTATION_CONTEXT() REPRESENTATION_CONTEXT('2D SPACE',''
  ) );
#9208 = ADVANCED_FACE('',(#9209),#7530,.T.);
#9209 = FACE_BOUND('',#9210,.T.);
#9210 = EDGE_LOOP('',(#9211,#9212,#9213,#9236));
#9211 = ORIENTED_EDGE('',*,*,#9165,.T.);
#9212 = ORIENTED_EDGE('',*,*,#7514,.T.);
#9213 = ORIENTED_EDGE('',*,*,#9214,.F.);
#9214 = EDGE_CURVE('',#9215,#7515,#9217,.T.);
#9215 = VERTEX_POINT('',#9216);
#9216 = CARTESIAN_POINT('',(2.946533203125,153.04748535156,4.));
#9217 = SURFACE_CURVE('',#9218,(#9222,#9229),.PCURVE_S1.);
#9218 = LINE('',#9219,#9220);
#9219 = CARTESIAN_POINT('',(2.946533203125,153.04748535156,4.));
#9220 = VECTOR('',#9221,1.);
#9221 = DIRECTION('',(-0.,-0.,-1.));
#9222 = PCURVE('',#7530,#9223);
#9223 = DEFINITIONAL_REPRESENTATION('',(#9224),#9228);
#9224 = LINE('',#9225,#9226);
#9225 = CARTESIAN_POINT('',(1.,0.));
#9226 = VECTOR('',#9227,1.);
#9227 = DIRECTION('',(0.,-1.));
#9228 = ( GEOMETRIC_REPRESENTATION_CONTEXT(2) 
PARAMETRIC_REPRESENTATION_CONTEXT() REPRESENTATION_CONTEXT('2D SPACE',''
  ) );
#9229 = PCURVE('',#7560,#9230);
#9230 = DEFINITIONAL_REPRESENTATION('',(#9231),#9235);
#9231 = LINE('',#9232,#9233);
#9232 = CARTESIAN_POINT('',(0.,0.));
#9233 = VECTOR('',#9234,1.);
#9234 = DIRECTION('',(0.,-1.));
#9235 = ( GEOMETRIC_REPRESENTATION_CONTEXT(2) 
PARAMETRIC_REPRESENTATION_CONTEXT() REPRESENTATION_CONTEXT('2D SPACE',''
  ) );
#9236 = ORIENTED_EDGE('',*,*,#9237,.F.);
#9237 = EDGE_CURVE('',#9166,#9215,#9238,.T.);
#9238 = SURFACE_CURVE('',#9239,(#9243,#9250),.PCURVE_S1.);
#9239 = B_SPLINE_CURVE_WITH_KNOTS('',2,(#9240,#9241,#9242),
  .UNSPECIFIED.,.F.,.F.,(3,3),(0.,1.),.PIECEWISE_BEZIER_KNOTS.);
#9240 = CARTESIAN_POINT('',(2.488403320312,152.78381347656,4.));
#9241 = CARTESIAN_POINT('',(2.760864257812,152.78381347656,4.));
#9242 = CARTESIAN_POINT('',(2.946533203125,153.04748535156,4.));
#9243 = PCURVE('',#7530,#9244);
#9244 = DEFINITIONAL_REPRESENTATION('',(#9245),#9249);
#9245 = LINE('',#9246,#9247);
#9246 = CARTESIAN_POINT('',(0.,0.));
#9247 = VECTOR('',#9248,1.);
#9248 = DIRECTION('',(1.,0.));
#9249 = ( GEOMETRIC_REPRESENTATION_CONTEXT(2) 
PARAMETRIC_REPRESENTATION_CONTEXT() REPRESENTATION_CONTEXT('2D SPACE',''
  ) );
#9250 = PCURVE('',#9148,#9251);
#9251 = DEFINITIONAL_REPRESENTATION('',(#9252),#9256);
#9252 = B_SPLINE_CURVE_WITH_KNOTS('',2,(#9253,#9254,#9255),
  .UNSPECIFIED.,.F.,.F.,(3,3),(0.,1.),.PIECEWISE_BEZIER_KNOTS.);
#9253 = CARTESIAN_POINT('',(2.488403321671,41.283813476562));
#9254 = CARTESIAN_POINT('',(2.760864259171,41.283813476562));
#9255 = CARTESIAN_POINT('',(2.946533204484,41.547485351562));
#9256 = ( GEOMETRIC_REPRESENTATION_CONTEXT(2) 
PARAMETRIC_REPRESENTATION_CONTEXT() REPRESENTATION_CONTEXT('2D SPACE',''
  ) );
#9257 = ADVANCED_FACE('',(#9258),#7560,.T.);
#9258 = FACE_BOUND('',#9259,.T.);
#9259 = EDGE_LOOP('',(#9260,#9261,#9262,#9285));
#9260 = ORIENTED_EDGE('',*,*,#9214,.T.);
#9261 = ORIENTED_EDGE('',*,*,#7544,.T.);
#9262 = ORIENTED_EDGE('',*,*,#9263,.F.);
#9263 = EDGE_CURVE('',#9264,#7545,#9266,.T.);
#9264 = VERTEX_POINT('',#9265);
#9265 = CARTESIAN_POINT('',(3.132202148438,154.10217285156,4.));
#9266 = SURFACE_CURVE('',#9267,(#9271,#9278),.PCURVE_S1.);
#9267 = LINE('',#9268,#9269);
#9268 = CARTESIAN_POINT('',(3.132202148438,154.10217285156,4.));
#9269 = VECTOR('',#9270,1.);
#9270 = DIRECTION('',(-0.,-0.,-1.));
#9271 = PCURVE('',#7560,#9272);
#9272 = DEFINITIONAL_REPRESENTATION('',(#9273),#9277);
#9273 = LINE('',#9274,#9275);
#9274 = CARTESIAN_POINT('',(1.,0.));
#9275 = VECTOR('',#9276,1.);
#9276 = DIRECTION('',(0.,-1.));
#9277 = ( GEOMETRIC_REPRESENTATION_CONTEXT(2) 
PARAMETRIC_REPRESENTATION_CONTEXT() REPRESENTATION_CONTEXT('2D SPACE',''
  ) );
#9278 = PCURVE('',#7590,#9279);
#9279 = DEFINITIONAL_REPRESENTATION('',(#9280),#9284);
#9280 = LINE('',#9281,#9282);
#9281 = CARTESIAN_POINT('',(0.,0.));
#9282 = VECTOR('',#9283,1.);
#9283 = DIRECTION('',(0.,-1.));
#9284 = ( GEOMETRIC_REPRESENTATION_CONTEXT(2) 
PARAMETRIC_REPRESENTATION_CONTEXT() REPRESENTATION_CONTEXT('2D SPACE',''
  ) );
#9285 = ORIENTED_EDGE('',*,*,#9286,.F.);
#9286 = EDGE_CURVE('',#9215,#9264,#9287,.T.);
#9287 = SURFACE_CURVE('',#9288,(#9292,#9299),.PCURVE_S1.);
#9288 = B_SPLINE_CURVE_WITH_KNOTS('',2,(#9289,#9290,#9291),
  .UNSPECIFIED.,.F.,.F.,(3,3),(0.,1.),.PIECEWISE_BEZIER_KNOTS.);
#9289 = CARTESIAN_POINT('',(2.946533203125,153.04748535156,4.));
#9290 = CARTESIAN_POINT('',(3.132202148438,153.31115722656,4.));
#9291 = CARTESIAN_POINT('',(3.132202148438,154.10217285156,4.));
#9292 = PCURVE('',#7560,#9293);
#9293 = DEFINITIONAL_REPRESENTATION('',(#9294),#9298);
#9294 = LINE('',#9295,#9296);
#9295 = CARTESIAN_POINT('',(0.,0.));
#9296 = VECTOR('',#9297,1.);
#9297 = DIRECTION('',(1.,0.));
#9298 = ( GEOMETRIC_REPRESENTATION_CONTEXT(2) 
PARAMETRIC_REPRESENTATION_CONTEXT() REPRESENTATION_CONTEXT('2D SPACE',''
  ) );
#9299 = PCURVE('',#9148,#9300);
#9300 = DEFINITIONAL_REPRESENTATION('',(#9301),#9305);
#9301 = B_SPLINE_CURVE_WITH_KNOTS('',2,(#9302,#9303,#9304),
  .UNSPECIFIED.,.F.,.F.,(3,3),(0.,1.),.PIECEWISE_BEZIER_KNOTS.);
#9302 = CARTESIAN_POINT('',(2.946533204484,41.547485351562));
#9303 = CARTESIAN_POINT('',(3.132202149796,41.811157226562));
#9304 = CARTESIAN_POINT('',(3.132202149796,42.602172851562));
#9305 = ( GEOMETRIC_REPRESENTATION_CONTEXT(2) 
PARAMETRIC_REPRESENTATION_CONTEXT() REPRESENTATION_CONTEXT('2D SPACE',''
  ) );
#9306 = ADVANCED_FACE('',(#9307),#7590,.T.);
#9307 = FACE_BOUND('',#9308,.T.);
#9308 = EDGE_LOOP('',(#9309,#9310,#9311,#9334));
#9309 = ORIENTED_EDGE('',*,*,#9263,.T.);
#9310 = ORIENTED_EDGE('',*,*,#7574,.T.);
#9311 = ORIENTED_EDGE('',*,*,#9312,.F.);
#9312 = EDGE_CURVE('',#9313,#7575,#9315,.T.);
#9313 = VERTEX_POINT('',#9314);
#9314 = CARTESIAN_POINT('',(2.946533203125,155.15905761718,4.));
#9315 = SURFACE_CURVE('',#9316,(#9320,#9327),.PCURVE_S1.);
#9316 = LINE('',#9317,#9318);
#9317 = CARTESIAN_POINT('',(2.946533203125,155.15905761718,4.));
#9318 = VECTOR('',#9319,1.);
#9319 = DIRECTION('',(-0.,-0.,-1.));
#9320 = PCURVE('',#7590,#9321);
#9321 = DEFINITIONAL_REPRESENTATION('',(#9322),#9326);
#9322 = LINE('',#9323,#9324);
#9323 = CARTESIAN_POINT('',(1.,0.));
#9324 = VECTOR('',#9325,1.);
#9325 = DIRECTION('',(0.,-1.));
#9326 = ( GEOMETRIC_REPRESENTATION_CONTEXT(2) 
PARAMETRIC_REPRESENTATION_CONTEXT() REPRESENTATION_CONTEXT('2D SPACE',''
  ) );
#9327 = PCURVE('',#7620,#9328);
#9328 = DEFINITIONAL_REPRESENTATION('',(#9329),#9333);
#9329 = LINE('',#9330,#9331);
#9330 = CARTESIAN_POINT('',(0.,0.));
#9331 = VECTOR('',#9332,1.);
#9332 = DIRECTION('',(0.,-1.));
#9333 = ( GEOMETRIC_REPRESENTATION_CONTEXT(2) 
PARAMETRIC_REPRESENTATION_CONTEXT() REPRESENTATION_CONTEXT('2D SPACE',''
  ) );
#9334 = ORIENTED_EDGE('',*,*,#9335,.F.);
#9335 = EDGE_CURVE('',#9264,#9313,#9336,.T.);
#9336 = SURFACE_CURVE('',#9337,(#9341,#9348),.PCURVE_S1.);
#9337 = B_SPLINE_CURVE_WITH_KNOTS('',2,(#9338,#9339,#9340),
  .UNSPECIFIED.,.F.,.F.,(3,3),(0.,1.),.PIECEWISE_BEZIER_KNOTS.);
#9338 = CARTESIAN_POINT('',(3.132202148438,154.10217285156,4.));
#9339 = CARTESIAN_POINT('',(3.132202148438,154.89758300781,4.));
#9340 = CARTESIAN_POINT('',(2.946533203125,155.15905761718,4.));
#9341 = PCURVE('',#7590,#9342);
#9342 = DEFINITIONAL_REPRESENTATION('',(#9343),#9347);
#9343 = LINE('',#9344,#9345);
#9344 = CARTESIAN_POINT('',(0.,0.));
#9345 = VECTOR('',#9346,1.);
#9346 = DIRECTION('',(1.,0.));
#9347 = ( GEOMETRIC_REPRESENTATION_CONTEXT(2) 
PARAMETRIC_REPRESENTATION_CONTEXT() REPRESENTATION_CONTEXT('2D SPACE',''
  ) );
#9348 = PCURVE('',#9148,#9349);
#9349 = DEFINITIONAL_REPRESENTATION('',(#9350),#9354);
#9350 = B_SPLINE_CURVE_WITH_KNOTS('',2,(#9351,#9352,#9353),
  .UNSPECIFIED.,.F.,.F.,(3,3),(0.,1.),.PIECEWISE_BEZIER_KNOTS.);
#9351 = CARTESIAN_POINT('',(3.132202149796,42.602172851562));
#9352 = CARTESIAN_POINT('',(3.132202149796,43.397583007812));
#9353 = CARTESIAN_POINT('',(2.946533204484,43.659057617187));
#9354 = ( GEOMETRIC_REPRESENTATION_CONTEXT(2) 
PARAMETRIC_REPRESENTATION_CONTEXT() REPRESENTATION_CONTEXT('2D SPACE',''
  ) );
#9355 = ADVANCED_FACE('',(#9356),#7620,.T.);
#9356 = FACE_BOUND('',#9357,.T.);
#9357 = EDGE_LOOP('',(#9358,#9359,#9360,#9383));
#9358 = ORIENTED_EDGE('',*,*,#9312,.T.);
#9359 = ORIENTED_EDGE('',*,*,#7604,.T.);
#9360 = ORIENTED_EDGE('',*,*,#9361,.F.);
#9361 = EDGE_CURVE('',#9362,#7605,#9364,.T.);
#9362 = VERTEX_POINT('',#9363);
#9363 = CARTESIAN_POINT('',(2.484008789062,155.42053222656,4.));
#9364 = SURFACE_CURVE('',#9365,(#9369,#9376),.PCURVE_S1.);
#9365 = LINE('',#9366,#9367);
#9366 = CARTESIAN_POINT('',(2.484008789062,155.42053222656,4.));
#9367 = VECTOR('',#9368,1.);
#9368 = DIRECTION('',(-0.,-0.,-1.));
#9369 = PCURVE('',#7620,#9370);
#9370 = DEFINITIONAL_REPRESENTATION('',(#9371),#9375);
#9371 = LINE('',#9372,#9373);
#9372 = CARTESIAN_POINT('',(1.,0.));
#9373 = VECTOR('',#9374,1.);
#9374 = DIRECTION('',(0.,-1.));
#9375 = ( GEOMETRIC_REPRESENTATION_CONTEXT(2) 
PARAMETRIC_REPRESENTATION_CONTEXT() REPRESENTATION_CONTEXT('2D SPACE',''
  ) );
#9376 = PCURVE('',#7650,#9377);
#9377 = DEFINITIONAL_REPRESENTATION('',(#9378),#9382);
#9378 = LINE('',#9379,#9380);
#9379 = CARTESIAN_POINT('',(0.,0.));
#9380 = VECTOR('',#9381,1.);
#9381 = DIRECTION('',(0.,-1.));
#9382 = ( GEOMETRIC_REPRESENTATION_CONTEXT(2) 
PARAMETRIC_REPRESENTATION_CONTEXT() REPRESENTATION_CONTEXT('2D SPACE',''
  ) );
#9383 = ORIENTED_EDGE('',*,*,#9384,.F.);
#9384 = EDGE_CURVE('',#9313,#9362,#9385,.T.);
#9385 = SURFACE_CURVE('',#9386,(#9390,#9397),.PCURVE_S1.);
#9386 = B_SPLINE_CURVE_WITH_KNOTS('',2,(#9387,#9388,#9389),
  .UNSPECIFIED.,.F.,.F.,(3,3),(0.,1.),.PIECEWISE_BEZIER_KNOTS.);
#9387 = CARTESIAN_POINT('',(2.946533203125,155.15905761718,4.));
#9388 = CARTESIAN_POINT('',(2.760864257812,155.42053222656,4.));
#9389 = CARTESIAN_POINT('',(2.484008789062,155.42053222656,4.));
#9390 = PCURVE('',#7620,#9391);
#9391 = DEFINITIONAL_REPRESENTATION('',(#9392),#9396);
#9392 = LINE('',#9393,#9394);
#9393 = CARTESIAN_POINT('',(0.,0.));
#9394 = VECTOR('',#9395,1.);
#9395 = DIRECTION('',(1.,0.));
#9396 = ( GEOMETRIC_REPRESENTATION_CONTEXT(2) 
PARAMETRIC_REPRESENTATION_CONTEXT() REPRESENTATION_CONTEXT('2D SPACE',''
  ) );
#9397 = PCURVE('',#9148,#9398);
#9398 = DEFINITIONAL_REPRESENTATION('',(#9399),#9403);
#9399 = B_SPLINE_CURVE_WITH_KNOTS('',2,(#9400,#9401,#9402),
  .UNSPECIFIED.,.F.,.F.,(3,3),(0.,1.),.PIECEWISE_BEZIER_KNOTS.);
#9400 = CARTESIAN_POINT('',(2.946533204484,43.659057617187));
#9401 = CARTESIAN_POINT('',(2.760864259171,43.920532226562));
#9402 = CARTESIAN_POINT('',(2.484008790421,43.920532226562));
#9403 = ( GEOMETRIC_REPRESENTATION_CONTEXT(2) 
PARAMETRIC_REPRESENTATION_CONTEXT() REPRESENTATION_CONTEXT('2D SPACE',''
  ) );
#9404 = ADVANCED_FACE('',(#9405),#7650,.T.);
#9405 = FACE_BOUND('',#9406,.T.);
#9406 = EDGE_LOOP('',(#9407,#9408,#9409,#9432));
#9407 = ORIENTED_EDGE('',*,*,#9361,.T.);
#9408 = ORIENTED_EDGE('',*,*,#7634,.T.);
#9409 = ORIENTED_EDGE('',*,*,#9410,.F.);
#9410 = EDGE_CURVE('',#9411,#7635,#9413,.T.);
#9411 = VERTEX_POINT('',#9412);
#9412 = CARTESIAN_POINT('',(2.048950195312,155.18981933593,4.));
#9413 = SURFACE_CURVE('',#9414,(#9418,#9425),.PCURVE_S1.);
#9414 = LINE('',#9415,#9416);
#9415 = CARTESIAN_POINT('',(2.048950195312,155.18981933593,4.));
#9416 = VECTOR('',#9417,1.);
#9417 = DIRECTION('',(-0.,-0.,-1.));
#9418 = PCURVE('',#7650,#9419);
#9419 = DEFINITIONAL_REPRESENTATION('',(#9420),#9424);
#9420 = LINE('',#9421,#9422);
#9421 = CARTESIAN_POINT('',(1.,0.));
#9422 = VECTOR('',#9423,1.);
#9423 = DIRECTION('',(0.,-1.));
#9424 = ( GEOMETRIC_REPRESENTATION_CONTEXT(2) 
PARAMETRIC_REPRESENTATION_CONTEXT() REPRESENTATION_CONTEXT('2D SPACE',''
  ) );
#9425 = PCURVE('',#7678,#9426);
#9426 = DEFINITIONAL_REPRESENTATION('',(#9427),#9431);
#9427 = LINE('',#9428,#9429);
#9428 = CARTESIAN_POINT('',(0.,0.));
#9429 = VECTOR('',#9430,1.);
#9430 = DIRECTION('',(0.,-1.));
#9431 = ( GEOMETRIC_REPRESENTATION_CONTEXT(2) 
PARAMETRIC_REPRESENTATION_CONTEXT() REPRESENTATION_CONTEXT('2D SPACE',''
  ) );
#9432 = ORIENTED_EDGE('',*,*,#9433,.F.);
#9433 = EDGE_CURVE('',#9362,#9411,#9434,.T.);
#9434 = SURFACE_CURVE('',#9435,(#9439,#9446),.PCURVE_S1.);
#9435 = B_SPLINE_CURVE_WITH_KNOTS('',2,(#9436,#9437,#9438),
  .UNSPECIFIED.,.F.,.F.,(3,3),(0.,1.),.PIECEWISE_BEZIER_KNOTS.);
#9436 = CARTESIAN_POINT('',(2.484008789062,155.42053222656,4.));
#9437 = CARTESIAN_POINT('',(2.211547851562,155.42053222656,4.));
#9438 = CARTESIAN_POINT('',(2.048950195312,155.18981933593,4.));
#9439 = PCURVE('',#7650,#9440);
#9440 = DEFINITIONAL_REPRESENTATION('',(#9441),#9445);
#9441 = LINE('',#9442,#9443);
#9442 = CARTESIAN_POINT('',(0.,0.));
#9443 = VECTOR('',#9444,1.);
#9444 = DIRECTION('',(1.,0.));
#9445 = ( GEOMETRIC_REPRESENTATION_CONTEXT(2) 
PARAMETRIC_REPRESENTATION_CONTEXT() REPRESENTATION_CONTEXT('2D SPACE',''
  ) );
#9446 = PCURVE('',#9148,#9447);
#9447 = DEFINITIONAL_REPRESENTATION('',(#9448),#9452);
#9448 = B_SPLINE_CURVE_WITH_KNOTS('',2,(#9449,#9450,#9451),
  .UNSPECIFIED.,.F.,.F.,(3,3),(0.,1.),.PIECEWISE_BEZIER_KNOTS.);
#9449 = CARTESIAN_POINT('',(2.484008790421,43.920532226562));
#9450 = CARTESIAN_POINT('',(2.211547852921,43.920532226562));
#9451 = CARTESIAN_POINT('',(2.048950196671,43.689819335937));
#9452 = ( GEOMETRIC_REPRESENTATION_CONTEXT(2) 
PARAMETRIC_REPRESENTATION_CONTEXT() REPRESENTATION_CONTEXT('2D SPACE',''
  ) );
#9453 = ADVANCED_FACE('',(#9454),#7678,.T.);
#9454 = FACE_BOUND('',#9455,.T.);
#9455 = EDGE_LOOP('',(#9456,#9457,#9458,#9459));
#9456 = ORIENTED_EDGE('',*,*,#9410,.T.);
#9457 = ORIENTED_EDGE('',*,*,#7664,.T.);
#9458 = ORIENTED_EDGE('',*,*,#9087,.F.);
#9459 = ORIENTED_EDGE('',*,*,#9460,.F.);
#9460 = EDGE_CURVE('',#9411,#9088,#9461,.T.);
#9461 = SURFACE_CURVE('',#9462,(#9466,#9473),.PCURVE_S1.);
#9462 = B_SPLINE_CURVE_WITH_KNOTS('',2,(#9463,#9464,#9465),
  .UNSPECIFIED.,.F.,.F.,(3,3),(0.,1.),.PIECEWISE_BEZIER_KNOTS.);
#9463 = CARTESIAN_POINT('',(2.048950195312,155.18981933593,4.));
#9464 = CARTESIAN_POINT('',(1.844604492188,154.89538574218,4.));
#9465 = CARTESIAN_POINT('',(1.844604492188,154.10217285156,4.));
#9466 = PCURVE('',#7678,#9467);
#9467 = DEFINITIONAL_REPRESENTATION('',(#9468),#9472);
#9468 = LINE('',#9469,#9470);
#9469 = CARTESIAN_POINT('',(0.,0.));
#9470 = VECTOR('',#9471,1.);
#9471 = DIRECTION('',(1.,0.));
#9472 = ( GEOMETRIC_REPRESENTATION_CONTEXT(2) 
PARAMETRIC_REPRESENTATION_CONTEXT() REPRESENTATION_CONTEXT('2D SPACE',''
  ) );
#9473 = PCURVE('',#9148,#9474);
#9474 = DEFINITIONAL_REPRESENTATION('',(#9475),#9479);
#9475 = B_SPLINE_CURVE_WITH_KNOTS('',2,(#9476,#9477,#9478),
  .UNSPECIFIED.,.F.,.F.,(3,3),(0.,1.),.PIECEWISE_BEZIER_KNOTS.);
#9476 = CARTESIAN_POINT('',(2.048950196671,43.689819335937));
#9477 = CARTESIAN_POINT('',(1.844604493546,43.395385742187));
#9478 = CARTESIAN_POINT('',(1.844604493546,42.602172851562));
#9479 = ( GEOMETRIC_REPRESENTATION_CONTEXT(2) 
PARAMETRIC_REPRESENTATION_CONTEXT() REPRESENTATION_CONTEXT('2D SPACE',''
  ) );
#9480 = ADVANCED_FACE('',(#9481),#7756,.T.);
#9481 = FACE_BOUND('',#9482,.T.);
#9482 = EDGE_LOOP('',(#9483,#9484,#9485,#9486,#9487,#9488,#9489,#9490));
#9483 = ORIENTED_EDGE('',*,*,#8068,.T.);
#9484 = ORIENTED_EDGE('',*,*,#7742,.T.);
#9485 = ORIENTED_EDGE('',*,*,#7796,.T.);
#9486 = ORIENTED_EDGE('',*,*,#7845,.T.);
#9487 = ORIENTED_EDGE('',*,*,#7894,.T.);
#9488 = ORIENTED_EDGE('',*,*,#7943,.T.);
#9489 = ORIENTED_EDGE('',*,*,#7992,.T.);
#9490 = ORIENTED_EDGE('',*,*,#8041,.T.);
#9491 = ADVANCED_FACE('',(#9492),#8153,.T.);
#9492 = FACE_BOUND('',#9493,.T.);
#9493 = EDGE_LOOP('',(#9494,#9495,#9496,#9497,#9498,#9499,#9500,#9501,
    #9502));
#9494 = ORIENTED_EDGE('',*,*,#8514,.T.);
#9495 = ORIENTED_EDGE('',*,*,#8139,.T.);
#9496 = ORIENTED_EDGE('',*,*,#8193,.T.);
#9497 = ORIENTED_EDGE('',*,*,#8242,.T.);
#9498 = ORIENTED_EDGE('',*,*,#8291,.T.);
#9499 = ORIENTED_EDGE('',*,*,#8340,.T.);
#9500 = ORIENTED_EDGE('',*,*,#8389,.T.);
#9501 = ORIENTED_EDGE('',*,*,#8438,.T.);
#9502 = ORIENTED_EDGE('',*,*,#8487,.T.);
#9503 = ADVANCED_FACE('',(#9504),#8599,.T.);
#9504 = FACE_BOUND('',#9505,.T.);
#9505 = EDGE_LOOP('',(#9506,#9507,#9508,#9509,#9510,#9511,#9512,#9513));
#9506 = ORIENTED_EDGE('',*,*,#8911,.T.);
#9507 = ORIENTED_EDGE('',*,*,#8585,.T.);
#9508 = ORIENTED_EDGE('',*,*,#8639,.T.);
#9509 = ORIENTED_EDGE('',*,*,#8688,.T.);
#9510 = ORIENTED_EDGE('',*,*,#8737,.T.);
#9511 = ORIENTED_EDGE('',*,*,#8786,.T.);
#9512 = ORIENTED_EDGE('',*,*,#8835,.T.);
#9513 = ORIENTED_EDGE('',*,*,#8884,.T.);
#9514 = ADVANCED_FACE('',(#9515),#8996,.T.);
#9515 = FACE_BOUND('',#9516,.T.);
#9516 = EDGE_LOOP('',(#9517,#9518,#9519));
#9517 = ORIENTED_EDGE('',*,*,#9063,.T.);
#9518 = ORIENTED_EDGE('',*,*,#8982,.T.);
#9519 = ORIENTED_EDGE('',*,*,#9036,.T.);
#9520 = ADVANCED_FACE('',(#9521),#9148,.T.);
#9521 = FACE_BOUND('',#9522,.T.);
#9522 = EDGE_LOOP('',(#9523,#9524,#9525,#9526,#9527,#9528,#9529,#9530));
#9523 = ORIENTED_EDGE('',*,*,#9460,.T.);
#9524 = ORIENTED_EDGE('',*,*,#9134,.T.);
#9525 = ORIENTED_EDGE('',*,*,#9188,.T.);
#9526 = ORIENTED_EDGE('',*,*,#9237,.T.);
#9527 = ORIENTED_EDGE('',*,*,#9286,.T.);
#9528 = ORIENTED_EDGE('',*,*,#9335,.T.);
#9529 = ORIENTED_EDGE('',*,*,#9384,.T.);
#9530 = ORIENTED_EDGE('',*,*,#9433,.T.);
#9531 = ( GEOMETRIC_REPRESENTATION_CONTEXT(3) 
GLOBAL_UNCERTAINTY_ASSIGNED_CONTEXT((#9535)) 
GLOBAL_UNIT_ASSIGNED_CONTEXT((#9532,#9533,#9534)) REPRESENTATION_CONTEXT
('Context #1','3D Context with UNIT and UNCERTAINTY') );
#9532 = ( LENGTH_UNIT() NAMED_UNIT(*) SI_UNIT(.MILLI.,.METRE.) );
#9533 = ( NAMED_UNIT(*) PLANE_ANGLE_UNIT() SI_UNIT($,.RADIAN.) );
#9534 = ( NAMED_UNIT(*) SI_UNIT($,.STERADIAN.) SOLID_ANGLE_UNIT() );
#9535 = UNCERTAINTY_MEASURE_WITH_UNIT(LENGTH_MEASURE(1.E-07),#9532,
  'distance_accuracy_value','confusion accuracy');
#9536 = PRODUCT_RELATED_PRODUCT_CATEGORY('part',$,(#7));
ENDSEC;
END-ISO-10303-21;
